NP_FM_1_1_50%,NP_FM_1_2_50%,NP_FM_3_1_50%,NP_FM_3_2_50%,NP_SM_1_1_50%,NP_SM_1_2_50%,NP_SM_3_1_50%,NP_SM_3_2_50%,NP_PM_1_1_50%,NP_PM_1_2_50%,NP_PM_3_1_50%,NP_PM_3_2_50%,NP_CM_1_1_50%,NP_CM_1_2_50%,NP_CM_3_1_50%,NP_CM_3_2_50%,NP_CTRL1_50%,NP_CTRL2_50%
861.7041751,436.4828098,806.3674471,347.2660661,30477.85668,11380.69796,196307.8548,39148.39598,497.8238969,789.024601,100.0734858,1909.771992,324.0614509,741.7773811,457.5627924,286.4013832,709.4321304,1144.001409
1175.003815,2276.245322,3013.62334,2832.142357,5703.45126,1250.145972,5900.655843,8340.090819,2597.220049,4187.615152,1497.200469,6940.290919,5269.154336,1822.827159,9235.240667,9402.529959,106552.9992,92278.41934
12854.021,2137.311028,4304.067594,7171.873523,25497.48725,19285.76402,8690.058609,11130.91095,5581.656289,5006.013306,3969.031212,8359.491872,6671.412448,22986.50467,5026.230792,14665.349,116424.1498,122824.6783
254540.7178,33316.65234,36204.35016,48158.13737,130916.2529,53606.7738,74546.54198,38762.5417,66507.82924,75623.54947,29245.75676,68303.26739,49704.11583,243691.0947,101902.4085,69853.04548,4483769.919,1117797.467
171677.7332,159451.8104,175759.5814,184594.711,250861.5882,102115.253,126288.1135,105144.901,266722.1375,168722.4227,94319.93885,366057.1603,98831.42772,300106.9006,159565.4659,127727.7796,1265057.03,906972.9599
23145.24004,28687.23755,10326.07252,22813.26223,12861.23362,2055.159576,12525.24826,11312.61486,20350.364,2023.484527,4172.831251,7259.487723,15123.94388,11224.38178,22720.26152,4055.84819,744548.4598,135471.7749
17079.204,2581.364972,4127.802696,6713.263679,14908.34149,18942.5243,4341.637033,4576.971678,4370.390587,5217.845485,8771.766961,9368.045237,1819.548389,30364.18495,4020.2696,2367.585924,152208.2611,553788.5125
576358.1927,340618.3625,720594.7153,709645.5519,491403.6234,561597.1223,986490.0388,249864.6302,1871248.181,359616.7549,303113.3975,326125.5663,250141.5222,465414.5974,89382.14158,107470.1163,59907.45167,11347.34903
65477.06769,17377.47074,14503.458,15260.77433,191532.5196,160634.724,30932.17586,76246.53554,30595.41561,30221.39231,29265.63472,28841.08333,14935.06409,102022.2598,30725.34023,65686.01946,366328.6459,467709.8738
469.8390447,6428.722666,57258.27318,12467.17235,12285.97525,18689.94871,47264.87392,73935.50036,3989.214758,8120.572725,6982.603153,17403.6543,7949.722847,2078.285056,29549.26755,35094.07068,236.5040122,NA
15382.90413,1390.252559,9633.32749,5398.84528,9591.859151,3541.162381,8648.459871,3127.849005,4693.824848,3832.640125,2082.443006,767.4902851,1017.345585,8578.590031,6701.186348,8335.293142,96387.07263,154617.9533
8620.305723,3025.37664,6289.575679,10159.12885,66994.32428,32368.9092,59074.72768,111227.5319,478.734041,2075.147407,775.1731003,1108.007433,79.37955795,6564.795408,17277.47513,2426.395859,24025.83988,23353.69032
980.0601265,NA,450.828953,144.7915598,78624.99337,40255.07681,808180.1567,961412.3843,580.2318366,2108.345174,7655.322857,166.7193251,807.5182121,4655.692376,398.5931299,32.8597741,926.7495966,1628.163242
106070.8616,31368.2018,31855.10164,51076.75099,215157.3278,131689.5413,190108.761,121815.7864,16955.20258,40805.59699,32414.52682,11312.43429,10850.23999,73061.81889,53281.33279,15060.81494,124525.7562,76405.76505
2260.647073,215.5778974,47.62790061,436.5723017,9235.777077,3018.492476,1052.679581,801.2776745,837.0361712,973.9107607,302.206547,619.2225917,323.3686694,2109.416194,551.4821916,489.3125316,10533.63742,58732.62432
61076.2126,25512.20917,88586.90659,116415.8498,63249.28829,52226.53824,106719.9627,64295.43253,32332.52255,16332.09882,28489.82133,71367.09316,30540.74991,37436.37112,216133.2315,122518.1501,408612.6911,643467.7243
457.52024,92.11694058,115.9722835,55.30152309,23488.60886,13775.86993,17407.42452,209113.0901,NA,164.398745,460.3428392,1827.703137,1447.414486,643.0024216,500.345268,132.415178,726.6559033,1081.033094
73566.48998,42860.75056,68152.53293,77556.90702,82952.5676,53665.11316,75758.8801,106169.1547,79852.8835,43837.31042,101697.8746,90216.00945,43958.52172,59938.72802,48597.62345,85616.37534,311977.3963,142816.7226
691342.6277,302031.3278,298730.8662,411733.1802,699061.5868,1435884.078,316038.1078,297441.6094,257170.8401,243314.7313,142305.5546,48610.14919,246356.9162,256789.7651,259502.4671,68255.11909,1241821.704,1319798.52
37620.69741,2483.930013,3648.176056,6758.678315,27984.05594,5830.724582,7143.590074,739.2374064,21978.25656,29031.07591,5728.102503,1912.665902,10707.5246,62372.53411,4547.521262,3906.353092,457004.8024,890045.2673
1552.300317,1345.801007,1866.314876,2948.818526,15372.3086,4274.612237,3242.099162,19120.16745,5616.545763,2212.864337,4487.893611,31514.42435,1638.638377,2492.48119,1426.898632,127.7404499,15345.87197,49127.81954
14659.07421,12207.75802,6171.030524,11237.65699,25380.97341,19585.17155,11035.04399,15282.13398,4067.928227,18926.65544,2278.71174,2976.803705,26868.17525,18473.71553,426.6361589,12006.91129,144250.9107,514743.8274
1562.391018,28958.15673,30845.48834,83454.0684,NA,224.59162,2333.10089,NA,6500.673278,13459.27443,12244.22606,2613.403713,13955.08787,2091.854801,3252.777107,11956.246,74.24709557,3026.498859
222093.9142,22189.46789,14296.98144,24565.81467,501636.1191,376841.8247,57875.17242,157201.0525,15395.52872,66308.65128,8643.72729,20232.04231,13489.00727,253836.5187,8389.083628,18518.24544,515798.0901,1014386.979
60450.69999,5609.906031,14729.95797,42167.42689,61986.36456,38388.2964,75827.57567,77618.00335,9050.683911,7820.452963,14971.81433,1968.181724,4844.910391,27227.29598,66563.79754,2431.295268,241752.9893,156447.1126
41972.33163,6362.262273,3637.710248,16347.29356,109322.0747,29278.17213,10767.08646,15951.78402,6046.885541,7727.859662,1733.83149,256.8417022,6929.051235,27251.01482,4847.865342,11090.2944,47548.368,279283.8518
18634.66968,4057.379218,8106.507349,6269.470248,50844.16569,27704.25584,11821.94746,4812.203198,6691.924621,5345.826943,10871.59189,4167.200271,18771.98237,45787.46336,9163.658684,12234.35987,93980.13511,52978.46781
6761.727766,1656.323452,2040.691681,3474.601123,14028.96606,4827.021118,3833.940078,2703.233327,4150.780223,637.4143095,1659.183187,1150.657592,1107.57551,2810.056158,4772.238411,12003.22493,50432.41154,14414.70553
16625.44076,5388.448852,24876.09467,22617.00374,56949.26608,14655.75129,21546.64903,14168.61636,10967.00025,4419.731213,9397.752816,41488.85881,7235.443928,7141.622045,24544.17578,21480.56751,66866.8584,477628.5838
12793.15128,1738.074874,31498.37995,1770.610406,17205.26398,11174.67557,1364.738103,18458.28321,1178.155856,1188.941334,3477.031902,4614.135961,430.8727125,4504.725258,15919.3822,5046.189823,99670.157,233944.9226
937.4117719,542.8652025,NA,1173.479925,422.0933321,1014.383537,13190.45866,118326.1393,NA,19.10237222,NA,NA,NA,443.2643785,415.242305,302.6509982,140.0693277,216.112177
2251.208622,216.7973615,60.78281234,513.5865073,1159.248963,901.612208,NA,NA,135.5219375,303.4427223,490.8580069,1623.52035,467.9166638,514.7010839,1631.531802,2292.7096,75665.54329,94945.55499
90236.55137,20708.80281,20301.28391,24244.88557,255892.5919,94281.71212,61506.49535,56916.81979,26694.15728,51691.44968,21859.7877,3607.99892,5321.497443,69404.98731,20979.61412,2748.220109,140223.9726,405258.5277
48927.82417,3686.83555,6185.838442,12661.4807,23697.35171,17375.4755,64442.85727,14734.6628,31900.60393,17067.00262,3988.973178,9716.354402,6637.660795,57057.77091,13510.93164,1070.205245,282981.4301,299085.527
60746.77899,6521.954001,7719.863014,7397.032752,88575.69035,68394.80258,22413.47778,15757.17872,42450.5408,40377.68641,5651.185181,1581.479295,7003.154143,105861.6781,40545.79075,7973.918107,284503.7445,1033634.564
878.3346987,21431.70714,2389.165628,23396.71918,3523.476112,10325.33334,4199.497238,1194.55751,1602.433289,11087.52921,4214.799558,2315.765925,9741.974027,2186.607809,906.8611614,4842.806079,176.8325564,144.1742778
1.773532402,152.8148262,NA,NA,17936.64674,10623.11992,12040.49518,3002.574208,573.2428387,3325.652614,NA,NA,NA,17003.78938,NA,NA,6759.31454,8603.113321
202584.9686,137114.9082,108156.5571,393442.1297,670920.505,477285.3918,1325489.517,2494397.264,199026.6118,166787.8071,1267026.216,46133.09908,92262.63592,233286.6762,68875.00658,166506.0038,102170.0006,190036.0901
36605.79641,9574.134088,12685.32378,3455.190469,27134.3093,12394.6251,12305.42059,17128.24304,1710.633617,2597.502902,1962.2732,193.4139297,9070.465515,45584.70878,1225.339723,5444.475025,6254.13534,16111.87875
91326.45726,3582.31773,3442.64686,4834.80828,151366.0073,7076.25079,33712.83503,20580.61303,17759.93519,3316.165093,7972.004233,9285.547814,5638.258845,136542.5058,12241.93807,14229.21994,450461.2558,254417.7092
30123.30461,998.7553016,1002.59842,1226.720148,16652.56166,29406.8021,869.6522933,1546.655596,1817.461381,1018.142832,2331.468133,2025.972848,1520.280977,41079.63091,2383.633527,590.64558,280001.938,103501.5189
1650728.499,1494631.54,1025384.565,1416708.487,2211276.667,2920549.842,4882335.343,1818200.872,2471322.961,2189699.775,8045927.16,4531929.57,2886878.337,3027603.422,2275635.955,2522247.949,2860094.164,1866817.336
3728.937633,3874.506165,1215.496737,528.480488,1451.122254,570.3351364,2911.66635,773.8748528,9428.637163,7413.603198,7244.042689,3463.222494,12058.53911,27915.16377,1519.237694,1275.857388,7703.73811,54935.92093
14008.24899,13897.67092,16326.27176,130854.4071,73928.87634,34977.36573,171779.5869,428159.2722,26476.83377,9151.611328,41180.58646,2318.764117,5354.528242,36400.35907,2923.174594,6535.732766,16261.7655,22716.3323
130103.5003,9204.490051,13451.90104,34727.48243,249500.1571,211325.9959,320887.9396,484291.6203,106322.5313,99916.18256,150409.3442,14326.49734,15038.06288,229729.8135,22624.56089,8071.916595,211004.1083,72921.88365
346614.3505,50851.60249,66615.88885,86164.76937,691683.7313,851723.1367,312105.4824,263824.8749,67904.49672,255596.7315,79928.07098,64619.23895,37466.08317,605022.6521,58416.85734,18407.23066,492783.6295,556684.6233
NA,NA,NA,489.1329471,1053.046621,1448.580601,4.360599437,NA,NA,3.458460575,NA,NA,504.3375384,NA,850.4978186,32.89187562,1428.587333,33564.91726
12367.97948,4976.969934,2224.209404,1089.934866,15905.39432,28211.41195,2132.377308,7578.139975,2821.715942,11277.39847,51144.64241,3995.164131,2674.168211,11183.42819,3327.4204,1762.792076,339023.0051,27282.8719
49129.60345,39863.52361,32419.9926,79956.64663,69130.58796,16511.71404,58607.43143,47167.39353,63836.20866,61871.88674,67517.26184,22127.35194,46205.41881,183194.6821,146992.0228,34565.21026,150752.7219,410006.0139
211.9031217,247.0964927,NA,288.6813998,NA,115.0644251,1607.61307,NA,NA,NA,NA,576.8049634,NA,354.246874,NA,NA,122102.7797,13295.4466
5073.818348,581.0001701,NA,NA,21550.78629,14402.29918,2259.03897,1448.339072,2215.892472,1322.964144,19.44789784,111.2141244,497.6206559,6815.223779,78.32062376,320.0152322,33662.06933,95350.22745
15231.69774,474.6454197,1005.219554,806.6017996,35773.80539,32730.17026,3092.832134,4946.893313,1801.804406,7881.718889,2115.138003,1432.753362,935.9082861,33758.61077,314.9859414,3096.320518,87208.38119,52026.96788
4831.105873,48048.52977,91244.1246,52093.67375,85742.82906,71454.99492,92316.90092,137744.3477,29803.27154,52561.69104,53597.48988,30930.67594,9512.825483,17456.736,92941.25237,53782.98604,4537.092713,11580.37608
26014.27936,3234.971126,1366.601609,1962.882036,78693.12031,101116.4015,2968.769188,17844.48497,3347.389538,1921.690411,3469.019007,1055.253121,1803.144179,18735.58615,2902.525249,2577.856315,84509.88901,10785.16174
5755.817405,15045.72265,60649.46206,38762.1386,20359.66819,9945.115143,31422.14348,11041.5561,70466.97144,6584.171319,33193.2721,8675.727384,18547.31222,1719.347648,8220.351579,6041.463378,1543.042757,2721.479254
1759482.415,889523.5533,329609.5053,706260.9954,1474981.244,1047196.083,443752.817,385389.9277,324010.8044,1128049.461,505240.7264,170291.4023,691051.5111,3352604.174,991254.9432,308150.1045,2768522.832,6984949.048
1602063.402,332173.5034,346763.6033,560028.472,1793750.009,3069881.958,986607.6099,1095261.467,133142.5891,575005.6175,360100.279,223332.7824,93867.90451,1966323.132,191944.8917,346561.977,333903.7276,159583.6924
26286.69979,2437.871695,1105.568876,4269.00829,60493.00044,27912.53958,4083.456606,6892.379517,5901.079772,8837.550438,5045.806741,2211.734063,1870.086294,74845.08949,2731.132465,695.6237597,60113.30222,425012.3768
1385.197374,4988.34642,3846.342269,35383.72214,6194.112154,5586.50655,38813.18027,141261.2715,1095.335381,345.4828259,105173.942,1332.2524,551.7949144,614.8237066,223.2555323,469.0582065,4696.649011,747.8595908
79985.0395,1011.513584,1141.819135,2045.130005,99183.68185,176147.1003,30965.0185,11254.20365,2063.514793,14423.91635,1383.71663,698.3419011,1149.608231,24792.34035,944.6286356,666.0601017,37368.70014,8223.248077
132.5109211,NA,NA,NA,2.07828806,6694.45949,NA,NA,297.6795273,141.4846031,NA,40.4628811,NA,6324.768664,323.6841472,48446.20054,23555.41262,92896.09434
33404.64785,23320.98878,70019.62544,18248.96128,66656.72441,45665.40242,78317.32655,36475.75006,34441.33186,14036.97416,87430.44648,46696.41299,23412.90217,4447.732586,21313.80763,7027.649178,63633.18022,16125.15961
120017.0957,9126.747652,12693.66963,25726.91258,158750.656,33473.10706,83116.34556,52383.0803,35285.7727,28528.139,23940.34612,12908.22725,24411.11912,181701.2598,52496.2857,3219.442934,483645.9919,264037.5371
4233.985589,569.8842942,1290.296262,438.4441982,14890.73486,20442.6466,2384.845307,1715.744875,548.9861452,NA,984.7634299,68.08688659,829.3650986,2788.215374,NA,NA,10384.44639,15849.27921
1069565.725,157520.6085,78276.91202,92093.32675,1215557.255,1231197.406,495458.1923,259832.0953,128143.3284,315987.2054,145806.3352,29212.35482,89122.06866,1065826.263,166710.8336,90118.161,860814.1292,2025490.429
9436.74517,6357.916109,10028.77603,5447.229762,14048.05798,6070.179223,6772.802102,8326.261238,6764.180326,3247.772724,1122.201357,1572.632881,4389.490832,13727.82541,22187.83808,9242.593732,2831.513214,15805.73626
5866.09655,NA,NA,NA,6493.860944,5353.551939,NA,1464.251862,NA,NA,NA,NA,NA,43396.80847,NA,NA,47842.29851,12350.48907
50013.27037,3581.316454,3577.565268,88223.61935,39409.75539,11915.7997,59586.65888,4700.820112,38567.53282,11146.39003,4007.084772,5618.08056,23217.94015,86528.80177,33790.06655,1723.413206,420334.9271,469934.5749
244.3802224,NA,174.3395233,663.319323,356.3726867,358.9993162,665.4312918,NA,275.4128778,80.24615847,NA,NA,482.4445607,298.4058831,NA,NA,33928.96454,165112.1224
107287.6727,150363.8317,141057.7443,91016.74241,483573.8328,166714.5601,237910.7805,1343127.584,118837.0527,159338.2383,154091.5354,204025.3256,98835.99313,85538.7527,225483.4869,351619.7354,146721.9716,117855.4183
16941.76284,2172.98942,44517.16784,58019.33422,20057.98887,22256.80871,57175.78566,51890.22485,1281.73396,6815.837353,8344.52279,10096.35374,1686.96777,8798.619328,45222.99819,7771.23051,112851.4228,45371.62504
10298.44978,18944.43737,21089.77754,51723.85807,82265.10535,27777.17435,75052.72928,559834.3275,9668.242795,4583.922136,126232.273,45150.47462,4831.796543,6903.873339,38288.44578,22929.91037,5163.616547,7895.409374
97100.88472,6069.636999,8674.111722,17205.8236,139111.8449,39525.7119,35284.36587,31984.3672,15888.27103,38413.71904,12951.1921,51687.08272,16382.91065,146959.0065,41740.77224,21059.4342,99370.41422,458925.9871
4982.414982,2414.563851,NA,346.2420946,5747.829391,7731.584903,1356.269246,1238.723816,1173.831177,1112.874221,7160.657611,2283.725426,7719.183416,6895.983246,2384.431841,1032.878692,108062.7515,69893.79685
960.2453611,3059.780496,1676.242339,3502.827186,408.6541105,36252.48762,983.1640951,368.2480836,1807.843821,37014.47876,606884.0685,1028811.457,4526.963773,839.0977817,3521.106781,725512.5148,247.9676511,594.8959498
21652.92441,271.1026882,1318.875226,1516.08679,55083.66769,35709.90602,2664.492431,239.3702068,939.0343929,4203.157333,187.4948893,205.6660567,1613.493795,22409.15711,1327.754642,169.8420906,105715.9064,82715.45797
10450.76696,1311.624691,NA,NA,10740.90088,2727.418466,733.7204875,287.2885821,222.6928558,1232.351498,2983.431866,436.1765422,249.2043989,34430.18255,1731.748589,271.8138745,57737.27324,235749.5278
12613045.92,1064991.606,1630364.726,3515633.863,4742607.281,2944169.093,4303888.666,1701469.525,3465993.386,7959369.329,5811431.142,551077.3029,1993060.533,35222955.32,1928176.174,349044.6609,150594168.6,23984402.12
638.870972,305.862126,NA,8028.882654,1575.346914,358.3293581,4221.153572,714.5350804,2717.412831,341.2107595,305.060473,1069.396258,1962.418599,306.5550061,2199.952207,92.69961153,106152.6165,43794.66472
461.3836667,NA,0.6819754,NA,1068.78066,NA,NA,NA,301.6979362,NA,0.612797346,181.4156736,NA,1044.375165,166.1451329,0.258247883,5672.548166,72405.72183
55303.47557,3227.053797,883.8934711,6837.231962,92141.19308,67467.47546,13188.6301,10130.85697,10481.37211,18502.63618,2108.434499,1027.266637,16944.87946,82768.02547,3598.20918,463.2848291,182416.0242,163975.6061
102081.4027,15326.19305,814.8671331,1822.877885,64917.87286,23571.522,3642.997491,3691.440594,27984.75341,33514.03613,1705.710281,443.1994423,5367.711219,151016.2673,1443.065829,1056.109012,613375.2533,628658.0904
48958.27426,939.5140201,1414.052081,2095.996865,40551.52452,85351.13352,7543.221732,657.1376285,4562.780273,4137.744452,2690.752961,2163.598541,567.0747265,64659.3628,2555.154773,834.2359645,200224.5,140362.6632
216355.134,907593.1189,365709.5234,1207547.732,443203.5366,41557.38242,91703.91133,176005.0992,3372.315798,143622.1227,22647.70304,345903.5768,240915.9326,387536.9768,142218.0745,264338.3246,176122.7453,116087.2931
12220.73349,881.1854534,332.8698213,1244.566801,26789.39296,25583.65326,3062.706866,9429.445067,NA,4675.619686,205.3455753,NA,NA,49418.08397,17151.12466,1301.74301,184179.2474,15301.79321
15392.88833,1129.107828,7356.644276,7881.240186,84724.57254,51728.98756,42241.78301,65071.70497,14174.06085,4319.704189,12591.5518,7276.475437,296.5497447,4908.454105,23833.41579,39472.5678,30939.8182,7832.260373
18882.54732,460.086029,433.0537188,754.6379136,60449.49125,3242.793088,3285.5596,4150.482738,775.245079,358.60676,NA,392.6498762,NA,25205.669,1480.240455,382.356463,235848.1395,29791.58473
1053.63706,1575.062049,NA,NA,1153.218369,2645.803322,5521.473949,1901.022504,17.49439397,4950.143984,6837.705288,7213.417825,534.6152822,6154.908585,1865.448402,1579.460533,29543.31536,2558.313337
996956.655,256094.2736,701035.5267,864649.3261,478934.1199,342269.8631,67155.89414,142476.8726,507085.0297,1238837.421,273670.0632,564951.1439,636656.5977,1274135.005,267826.2304,888506.8246,759998.5074,709454.4725
5253.920597,2951.969156,5928.859645,12398.85593,16887.28573,2122.952075,7485.400299,3904.565317,2327.574203,249.3285333,5414.437113,9674.199048,3612.356892,5664.467487,32598.15127,1135.721074,64310.15811,34775.99987
18052.77354,9826.741249,866.8797459,6073.934489,30051.01437,43456.13204,10471.46468,7695.871632,11366.74873,12404.14327,3923.100527,7233.416483,2940.584518,36043.17547,21192.82155,3194.861114,61322.04439,56822.24103
57398.89441,507.6564615,1056.053057,272.6559893,26713.64363,36209.81849,634.1083267,161.3434278,NA,11062.42419,8.519817133,383.775982,0.047346175,5960.883455,1.454197626,NA,107074.2571,468.9880056
1557537.515,172734.0763,131257.2976,202268.1102,2393578.527,2602180.545,656814.1756,222465.4825,73984.71678,564767.8967,88248.21382,13911.18571,52678.66002,758200.6698,82342.50519,25634.60666,597434.4449,110320.8882
5145.489998,575.2517598,NA,1790.324726,12156.75764,13601.1935,26985.2133,14718.73477,156.6264062,409.9952646,9815.943944,121.2735429,559.2514488,1757.679535,101.5469241,32.9914081,1567.921292,3233.122966
6921.916101,1098.237708,2186.10273,3177.44695,17641.95839,6256.219226,3047.511571,3557.660938,2347.357632,2586.472728,364.7357786,NA,206.9916468,1514.288227,3868.420399,1752.500398,9093.866605,40666.70028
7106.328643,818.8402082,155.1727554,NA,8528.681918,10176.35772,1211.518279,498.3019419,467.0905561,1025.924372,217.0552917,421.25179,675.5989022,44.98036358,55.82485446,84.16219888,18977.63307,3796.493944
178237.204,51953.61401,44128.43047,53895.47097,99655.09395,108866.6027,127314.7389,79052.12604,145180.6572,298914.3692,52996.85798,87434.55611,117321.5496,617514.644,146765.6492,67251.253,189596.4426,781070.3543
216.3413988,87.52423927,1358.755968,698.9315802,989.3833543,300.4273897,NA,NA,364.3033061,1057.871437,416.1916344,1101.152196,NA,5206.411306,1213.470733,2658.22265,14998.72244,35645.54737
2668.803691,NA,NA,NA,14806.12678,7342.086378,778.4527741,NA,NA,1013.790726,639.9802616,NA,NA,7333.603227,NA,NA,72639.62854,36355.34434
NA,241.6408758,14716.24044,10255.08209,390.7570946,1102.153502,3995.99504,23256.5644,299.3662497,482.7856485,278.2588851,18398.89294,336.5670634,NA,2305.793118,43274.55662,NA,NA
177864.3405,4132.089841,5131.657417,7162.027938,386075.1195,595743.3482,32777.76458,15869.077,2037.085248,29450.9716,3940.109609,14068.64565,4079.519161,34762.41048,6799.814703,4254.885249,69333.87624,9496.804729
3546.841776,18459.01586,32267.53033,32275.69215,4620.631453,2917.749043,24719.16296,19942.66525,2536.840862,2405.239797,5434.85153,15986.10484,10717.32081,684.8796421,19830.37536,37831.07119,350.8184123,1928.013127
27266.24115,112620.7682,88683.43163,58048.8974,24294.89914,23609.21367,42568.94745,85379.13315,119119.0767,8060.058494,17622.14594,81453.95583,18380.0678,32202.08935,182018.4346,225086.208,9152.063802,6274.137619
7111.290489,583.624362,1008.925729,401.9817033,4746.039975,1974.740426,1253.401969,777.2157551,549.1761356,3035.738656,454.4833869,827.1998097,1213.181539,14334.21227,1375.515381,859.3204363,24424.40315,5314.16669
3752.24088,NA,NA,479.1373489,5736.816299,1216.125716,NA,NA,NA,NA,NA,NA,NA,1088.067827,NA,NA,13229.78093,1084.748345
36136.00577,4783.69917,5107.105518,965.7157793,36701.42879,35040.65424,3626.432356,1112.54909,4993.495869,7888.959417,1507.990098,763.8396962,29771.76174,51705.36164,1396.815524,1655.682266,66439.6186,178306.5132
7201.203391,NA,108.5145523,NA,14952.23143,154.6983423,NA,512.7373326,NA,774.9629754,NA,25.19053064,449.2501351,779.5837518,180.2123804,412.7289155,12095.94409,42469.40606
60590.14496,10748.63661,14974.91841,22028.07935,75380.99135,183576.1537,94250.92552,16013.90622,19858.21739,33338.12774,11304.18394,6068.419956,12453.48257,41341.62462,18929.38592,14705.43421,15168.92785,97163.56272
1539.980234,4155.732357,1785.677194,5236.989607,145.7550724,843.1211915,613.1691024,1999.794967,5629.591882,2495.517415,2459.880879,25826.60605,5115.140019,621.1625684,89437.93449,7874.043676,828.481446,5330.381738
1318565.302,86206.27706,19752.0479,51703.50528,1357710.963,702526.2669,84843.32717,84514.90422,31188.77447,151052.734,6715.341983,3709.930098,11279.64734,396510.6969,64955.74111,405602.2014,618717.2177,382594.7247
3489.23089,834.2356548,NA,473.7499988,2502.657545,139.8923958,426.6146964,NA,2633.314113,NA,NA,NA,NA,852.9058174,472.8242345,769.2405701,14263.92822,144015.0723
3129.833974,2616.722872,19923.33965,4334.637872,28547.9884,10672.73311,8388.096045,16947.916,5066.416748,NA,8638.709481,2990.919724,1046.996951,11351.8422,116387.4402,22162.53495,173222.8292,114689.3472
558.3738233,726.7194415,NA,240.2233388,856.5378107,1683.841391,26182.84362,25281.55502,387.9930212,1270.028674,42319.3018,8851.727935,892.5637631,203.1909566,14636.05347,13723.27719,1281.939486,1808.821667
955.5208498,NA,NA,NA,2381.049501,814.7559262,NA,NA,NA,577.9964619,NA,NA,NA,1599.714537,147.1768614,NA,10715.34861,29475.46996
6126.237769,3497.893735,6919.309829,6613.894046,64095.06636,9661.631939,7039.017273,8115.810039,9292.480988,6022.267702,1122.357735,8628.203895,7596.743421,4480.45176,2951.750299,2969.809864,43250.68469,7059.063592
21027.78705,1981.403174,2229.907922,1234.927832,63017.3893,20118.27658,13173.83876,7688.128196,7685.934291,5616.049345,6335.575626,2003.575384,1708.565402,7448.493989,11538.23105,479.1348118,4790.39508,4748.780847
40991.50898,3815.850087,9574.253204,3662.537754,65526.58559,35328.69405,1820.871212,7315.64907,11855.55556,27163.21648,941.0722226,7790.974268,2896.090914,84681.32013,5858.880008,7768.656039,117057.0443,209527.4409
1649.965167,230.724386,NA,NA,1085.039072,3032.197778,NA,186.8124295,618.2992199,NA,NA,NA,NA,7178.001228,NA,NA,18185.40732,17261.22186
1675.184547,NA,NA,NA,4794.275458,2060.477595,NA,NA,NA,NA,NA,303.644319,131.0566245,2199.247843,NA,NA,51567.75603,9055.990653
14075.31593,627.7313347,5939.920539,1587.959023,8816.847233,6295.467809,1005.760267,123091.6786,7889.417103,13845.37166,NA,NA,5520.400806,15535.76491,2418.478403,2779.439677,21493.26532,49424.46377
56829.16616,9753.754053,8001.882703,24506.86919,69336.81593,156648.5319,95808.47161,85652.29891,12306.86892,26333.61795,34906.69123,396.3430092,5378.79537,77625.1904,5835.722983,2046.234692,3695.526375,66721.47579
34075.77134,507.4788447,1808.875184,45397.01317,42954.94375,21118.52949,27242.5868,82028.02686,81023.1598,12842.11313,9139.449229,1234.783635,1176.866027,22090.81638,12915.1334,518.2036355,47408.12556,168203.2972
23491.98158,971.1815309,815.7775343,470.3773179,61620.11814,32114.97073,9825.365671,16322.88604,8481.288695,8725.295907,1532.334109,7902.618712,449.2845303,18454.6712,3194.352538,1706.394103,76215.50255,1334.912747
84790.77962,27674.385,20699.92328,28958.9687,195867.579,92870.5769,72985.48536,64680.54649,30585.50498,41013.48666,48360.82159,4508.969219,56632.60677,88417.79571,20904.30761,3133.226311,138369.7194,74968.07948
441144.1361,343572.8542,1283987.073,1248332.067,1261653.969,320767.3429,705978.2999,2983523.225,401742.7048,232782.9385,436137.9215,402577.9627,303737.1048,261407.9171,2504336.856,1161025.733,1201224.242,4589993.312
188278.1711,24892.43874,17447.62143,31291.38151,169526.883,271051.15,192647.613,138453.9541,29161.9091,72027.42006,54681.63261,978.2463958,3842.364623,182617.8929,25268.22762,13555.66196,9306.733968,46779.31774
3770.079531,1683.596286,4997.601775,2403.768899,6468.598546,2218.114363,3861.586382,7331.279159,396.8990784,3382.730982,1751.537756,2695.391557,302.1887311,9719.756144,2457.226731,6277.527458,27060.91193,7448.618769
7382.424671,3247.406488,13358.95991,8037.949595,2438.175932,5885.211595,5964.915626,13717.8228,10492.76157,7454.544873,2539.953445,9417.911713,15951.58316,5302.887215,4481.400876,23450.63896,2991.674054,1405.549866
52330.74043,9253.731028,2900.091262,29180.83422,114294.2811,138362.5242,55948.98361,41101.20358,29224.00625,44706.9687,21270.73917,3017.374595,10022.53223,120313.9683,760.5821698,1882.577074,32530.33591,41985.29508
115445.1205,686.7621676,11163.63397,26855.90254,102486.245,183452.7116,2540.988686,1561.872894,1602.732541,27254.9151,2217.074673,18345.65332,3117.504284,395262.5376,9267.677235,8667.802531,632561.9223,484739.5247
NA,NA,1500.861652,1959.763853,1273.352629,187.7584694,604.7278674,NA,266.3447418,NA,1504.289538,356.2983399,NA,201.1738687,426.0469793,NA,90920.07981,22404.72942
8953.464691,3160.696456,14884.95303,35363.26348,37352.7633,2582.28198,25014.94167,21547.75217,22156.17176,1617.585004,6644.018814,2682.015744,9424.209242,13141.59911,44050.18571,2904.753149,46546.96537,64399.96718
1515.381702,835.673814,1748.333585,518.4497161,11232.56267,3183.964146,987.630902,6277.15826,1406.46754,1250.653345,NA,1245.428089,453.9619367,469.4296613,530.0139632,1799.655537,7199.575774,6738.340439
18964.66912,22469.28453,135613.8186,55139.29099,41524.1185,160777.6299,38900.27625,7321.434318,78982.53069,14992.96626,20542.21125,9070.087282,22842.3282,17009.03737,48910.29714,6287.79702,4095.464808,8292.169716
2119994.571,1315404.799,203571.3814,168744.835,2190468.226,330857.256,259177.2552,448529.6039,203743.3823,772388.1224,214986.3493,105284.9683,668795.7464,3216266.316,308858.7348,105925.2535,3095150.131,2750534.021
3809.804413,25919.1922,57505.01975,44433.65763,59601.62079,11492.42349,131260.9778,57308.7355,6799.101755,67067.05517,113773.6239,29807.80123,7145.129555,5553.541377,113379.2412,102208.0784,4912.829927,2109.413851
14218.6802,NA,NA,164.8956907,5489.671582,27053.1073,377.7555804,NA,205.0050278,213.947605,323.5007835,375.5811229,NA,4004.647619,NA,1011.754667,304842.8658,36211.53355
5824.758696,930.7122638,1933.722014,9120.60308,12046.89141,2108.649317,10023.02557,6548.66645,9898.515995,1317.669292,NA,3424.149973,1856.692988,97114.99557,3745.709258,697.6236281,36516.01818,189714.8829
25228.84481,2346.014281,878.4624868,1167.445175,21647.06036,25519.44162,1363.079751,670.1424329,2184.896869,1061.422857,187.5316534,1681.554553,457.7219095,22165.4593,NA,495.4750594,38428.229,28221.47464
5826.439436,275.011948,396.2513452,131.0151823,10832.92057,3314.750769,NA,NA,2188.655828,2001.23212,215.5938241,1427.979945,88.86984265,11648.89103,NA,NA,15590.43336,37853.2558
193498.2646,72168.76007,71340.16972,40125.41029,215381.9141,125738.1441,17623.47006,34732.04728,79427.31687,94672.98397,7262.576822,4657.694234,38834.52246,149695.7546,25763.05112,5649.144798,234307.6321,192686.7132
278757.189,19216.68279,29573.89184,56911.38558,47896.49647,41780.03052,62064.64418,25651.34747,34163.1408,8582.855039,53865.19542,38519.20048,34526.25522,322873.1706,25707.25366,17592.45985,342665.0166,134357.9827
26090.56683,719.2747282,841.4588863,828.9319379,52028.06821,34970.30257,2359.808211,1858.006912,5478.135988,6018.050653,NA,1244.824082,426.7716219,59713.20303,2334.124129,NA,113870.6456,331371.0752
17406.44776,3938.828872,5728.186601,6562.629349,45720.03986,61788.3977,6814.597421,4106.231416,8343.011804,10211.98432,2140.695042,6680.803355,4424.020025,16411.89069,6273.647368,13185.43867,4577.693391,1986.666248
41849.94695,8217.006912,11534.29964,4333.591702,34891.853,26793.3998,30027.62614,83830.74997,34504.77247,28119.42635,9545.265712,6514.251329,5963.884042,159715.8093,26453.19739,3510.320717,116440.6943,50332.54445
45951.36237,7841.83826,25494.16157,68695.76959,87964.01091,13045.02113,133394.3494,16752.8416,70787.60074,4896.570908,4222.213599,19001.30608,62784.72145,56128.31188,44658.63172,16394.26861,215056.333,51391.23518
155235.9264,29495.15498,10998.38371,31006.32899,57437.3274,24828.1804,27656.05839,118247.8666,16027.56683,39261.3422,31800.41567,1132.11697,31151.50214,152163.1737,7945.411843,1577.099788,128217.9863,203650.1782
17362.43143,22304.7874,23478.73492,32312.87386,26247.25632,20410.63844,22110.1122,19046.26537,32787.89899,35922.08417,26292.84682,54528.23285,16185.75417,36313.93617,32257.72774,38845.799,19658.14787,49916.85759
718614.085,73141.90286,119456.9936,176665.6094,352651.8676,231405.6905,124371.7521,86708.9179,63246.62795,234995.2087,65379.98702,252566.889,71036.87856,1085853.268,120713.2247,103566.3509,942424.745,662002.0731
253287.586,233199.6121,398947.6634,164395.5021,504356.5615,303695.6636,451632.3426,334734.1071,722620.6265,206007.6923,171350.4584,493663.1856,390202.5019,587728.0623,935228.3733,274111.5773,517292.5599,572227.1608
378134.2141,417716.9685,186453.3266,434190.3405,617436.3102,155226.9296,88502.75055,191615.1827,149119.0126,399558.9631,430940.9298,46391.56165,365669.4016,767024.4594,161562.5585,145647.3148,665342.232,959044.1242
54483.40348,7152.266778,15360.91266,5352.140627,28807.21108,20142.70897,14218.75703,18317.08508,15072.70527,21534.80574,4029.631041,7605.271676,4471.897949,114827.0769,17007.12536,6211.059719,85477.9881,51062.06073
85597.90419,793.0868022,1998.114073,692.6923637,47722.21387,64746.26687,3683.172094,619.1786646,576.8228127,12682.86139,1100.307093,958.612964,2456.023297,34087.64042,4669.5443,3761.041932,177413.3929,17498.75567
85660.81701,2821.62626,6479.469308,1895.115692,197445.0821,19212.66832,25146.70867,59354.21761,2238.492897,5306.109953,1991.07233,7942.284847,NA,121809.6686,13120.76394,5520.236747,132580.0142,206215.0315
NA,509.4592054,4446.295716,3166.620869,5300.720237,2.834925345,16876.99259,41054.23687,0.40078024,NA,NA,2670.116122,28458.44519,NA,45847.85091,5123.140523,1671.012913,28174.53441
4142.386857,1446.563634,13742.18123,13411.57172,2932.882677,1278.915888,11011.76267,43301.91919,2760.507807,1833.798795,228.5737691,3884.965674,1411.96779,14616.20885,166611.1877,23203.75825,2937.561353,18098.74251
104833.8195,2360.173319,1035.369038,3449.440532,51564.16823,66730.79056,340.7783401,3835.083575,NA,15083.19839,859.1527927,NA,NA,43955.66292,9806.320841,12813.08495,44899.44489,15182.17855
94336.71159,17610.76999,23018.79124,38485.48602,199040.4937,55839.45805,40233.83602,44810.54274,11842.13302,36280.64047,6472.240623,43612.22176,4281.562268,77778.00386,50053.77733,39325.6963,59486.16147,99366.97728
16286.69139,81860.33241,99433.45927,91904.70648,11887.51978,45283.23735,60420.2255,22368.42854,23743.50843,45268.55871,63732.89905,30088.77143,43826.56593,6385.663574,68259.49583,43480.3705,530.5167508,55842.7107
9447.945625,1745.402795,5510.245602,1847.037689,22528.96747,9999.820831,4764.025742,1934.397802,4707.590686,5752.240196,345.6453727,15521.73814,906.9120094,59609.88937,199.0425719,2559.309703,25861.15879,73683.02102
3580.181978,NA,NA,NA,5901.327064,1050.539399,NA,1.473521529,NA,465.3008565,NA,NA,NA,4391.121015,NA,NA,12006.51743,1807.41543
9162.298699,1632.381978,NA,NA,19130.33989,4854.878535,NA,496.5170439,927.6269226,1254.120273,NA,440.3943844,NA,36265.89802,NA,NA,76493.89267,54631.24314
881.1031911,300.1124195,NA,NA,1167.766078,1006.019983,440.5481283,NA,NA,NA,712.0293043,1837.759855,794.3998515,2173.94897,104.3494752,811.5286165,726.3996915,48523.40963
10848.94215,4055.111025,248.5617009,7413.030861,27371.69072,28962.88381,1757.711594,4171.466637,9954.882133,6055.158458,531.9909164,NA,92.54321121,9782.213772,210.8590248,NA,7084.996653,1744.529402
94357.08295,6746.399862,1989.286085,9232.334337,78659.34908,76422.16652,7036.400445,2282.649209,12426.38673,30001.80523,2539.340509,2863.8959,16117.04872,120805.1865,6400.250394,5582.450775,206936.6148,69731.74453
762075.0892,345989.2166,583438.3555,678976.7036,1213672.1,1430559.183,1176403.027,1201351.617,500018.1131,1502932.328,1719003.241,3127554.29,232775.0735,774291.4271,721983.5493,3157257.431,1047011.832,1528948.219
12311303.45,13962820.15,24119741.79,24923963.04,11043852.25,11918134.48,16798828.12,32424155.61,10851949.08,10763563,8269602.974,15685079.95,10595723.07,7820820.009,36161565.85,25013966.71,18184976.39,47678916.59
41064.76389,2181.426355,366.9770722,2858.730458,42403.25844,99037.80515,11722.74036,1268.014072,1962.504576,6838.398215,3762.885091,1835.048097,4901.162934,12267.36515,1623.63616,1087.217044,9440.696215,31244.07746
1393762.799,325107.8099,171070.3296,868698.826,2070456.78,956572.045,282224.2543,265619.2352,838373.9193,748813.2762,281441.8692,417940.4569,276692.1846,1309755.041,380345.6372,242952.6699,1790132.21,1894830.007
13034.8693,1235.500481,841.1812113,2083.389049,15648.49026,13276.62135,2205.489042,105.5220317,2286.063246,4455.115171,230.3336799,472.5725249,2023.797335,14693.8148,954.7272796,275.9259546,8394.438148,67878.90369
9662.91512,2273.958621,250.0564961,2255.799309,39784.2687,25105.9454,2225.316671,1467.77139,1216.594874,2017.195168,NA,1136.981596,NA,11107.33265,570.0778174,562.2548472,5417.092522,4937.753661
142039.3125,14513.55259,8109.863596,11985.22608,339561.1399,339692.1723,15500.15475,1851.209058,12858.08552,29436.17431,16246.80838,148297.8772,13136.39371,154246.5244,15890.57658,158522.4663,864480.1364,216938.6789
7443.134883,0.171408695,585.5531886,1377.983134,13645.83164,16983.10451,NA,59.03147789,1799.370687,402.9193058,1097.968083,3010.06508,2194.174429,7782.47213,700.6753524,3510.869498,173636.3638,18878.36707
16628.53984,13815.2553,12297.13676,22062.62431,7132.166877,7753.759054,27998.24515,126499.6287,15167.29032,6314.808831,18433.03307,81242.64672,1890.546178,21111.13372,45641.30156,58420.35944,14993.06017,245.7538513
1819383.825,1304030.837,1522022.17,1714761.896,4493053.999,1948369.265,4291099.566,1614220.919,1680506.274,2840076.979,1821218.853,10566612.43,1910260.781,1609414.874,2005421.627,4968200.848,2522907.87,6848491.236
490601.5572,380852.4438,397735.2368,622936.2124,492084.15,1264110.852,405781.2333,503686.9071,309533.4985,1503056.83,3328076.251,89204.02048,145759.2841,1015222.234,255660.6889,191912.482,1311175.581,1953012.105
141556.7418,26947.85755,302921.4844,414154.5839,66374.58886,40313.43578,402653.2605,319051.4193,19101.64178,19992.68515,39436.62039,271770.1946,10243.02038,57172.7339,310718.1292,117816.8285,586832.0873,204373.1748
2914.232366,5643.316204,1681.979749,603.4352746,839.7753817,3264.672606,8112.83617,2440.48809,4022.746758,2148.07371,413461.9774,5267.511244,1810.150187,4051.198583,14494.23933,8680.699204,1290.915238,2000.089794
503292.09,151693.1294,291215.8226,263484.5799,599083.4818,204777.3154,326442.3131,312291.6498,271103.185,284743.471,170757.082,302254.8828,183204.9643,653406.3657,391370.3694,356918.4376,549131.4425,487842.1257
303169.1168,217249.8173,562519.5351,532483.185,338530.1497,425725.8193,376903.7005,613783.9465,72649.9864,300006.7887,40947.21729,446447.3757,84301.75896,167185.3786,395704.3986,1013043.422,331090.9875,156643.2513
342.1099134,12607.52438,19647.68267,30778.58728,1000.940018,2396.224789,3883.785016,12740.55046,4022.3785,8650.380357,11317.4363,27567.66014,4830.405604,NA,11583.34383,4929.392376,153.1574626,457.7129232
1667.603695,929.3004126,1029.380748,10594.13702,8999.775529,4330.568485,13162.10032,35113.44977,166.9671528,NA,17051.71237,6368.080445,438.561204,1301.506717,2795.465491,1855.849309,2675.694193,854.0799651
4070.644174,1075.31118,1481.837335,3177.83414,10986.62539,8514.121666,391.7222708,778.9047911,851.1189536,1897.259599,582.2579891,345.6733674,20479.7983,2738.526545,NA,NA,49642.23291,444.0741928
363554.8133,89514.03941,19967.21318,77665.64236,418024.0329,75617.56697,3258.682532,1201.200263,24598.50136,174481.244,10984.08879,1199.220094,17412.47021,105556.6379,3899.934432,15237.92327,471041.0677,108717.1931
785326.5356,73841.98502,26790.26707,78140.22328,858418.5184,1280133.107,104417.3777,118151.3621,106148.2631,286466.0918,14871.88953,40572.2008,46601.64186,1986825.494,37254.35903,18679.20704,1273946.995,263456.8622
69780.36767,1371.803223,81.81079372,1511.314872,179023.8711,226177.5573,1617.895366,8980.568205,4765.348243,33440.28515,NA,1125.198596,321.2229588,64218.7689,579.9051741,10917.78723,170271.5932,15033.24124
23227.1403,31.37765102,NA,1187.38469,39072.65063,11048.91436,328.1477726,NA,70.15079974,2324.632787,NA,NA,NA,46323.46675,NA,851.0525743,97323.46831,26879.31183
49607.14088,2364.401294,881.7972552,3117.50667,23860.61799,34152.05971,5521.56746,1183.777404,8867.986357,5220.645608,2057.169401,1100.567878,3516.16963,97238.47433,1055.105266,NA,50043.11953,131411.8578
33663.19485,13092.75228,43260.03984,137546.489,627.3953298,15002.04754,2280.943432,295.0833135,8438.083162,213784.3066,NA,356.0748386,12744.83717,1675.2177,952.2539591,1075.785881,1146.5003,4263.42547
52822.88702,38350.57074,120552.8917,21812.56221,20866.72571,62153.77565,19997.41141,66610.19075,46444.24738,24000.77975,41825.25597,36102.99854,46211.04807,23353.56816,78912.17998,107712.5508,97003.67917,83543.8705
516.8200385,1141.405171,43125.80916,2043.724236,465.1260446,753.5658675,8178.338926,2169.432731,244.7426834,49.40381507,2387.472138,1216.328731,539.5452035,4303.041709,6090.095373,2282.883434,4750.043317,2368.96547
25509.90205,4523.678171,2670.55816,2991.829144,5326.256466,8570.010366,149.8640115,532.6502364,3775.450302,10034.81847,286.1535561,NA,1389.476672,7540.564063,NA,1210.432758,17098.33866,24723.22687
142311.702,130071.01,541981.4538,313932.8456,291093.1603,133095.578,254882.8987,233379.1801,353308.867,242712.2213,285266.2619,922440.6586,194217.7866,160259.3708,453895.4115,611623.0909,186439.5321,138416.3418
21898.97548,19394.67629,13863.93555,21150.89583,34854.40448,13643.49534,46615.53658,13164.66621,14441.69661,11106.18011,4120.843161,42731.87666,24815.58872,26983.89918,21454.71491,12197.44499,52408.63095,25247.74581
7356.604327,4992.36998,6522.655553,15185.14381,5863.470137,3707.429187,32608.53406,645.5035428,9168.444702,578.9454232,20029.49328,NA,7845.318166,19817.37225,9302.86701,300.0733505,18702.8407,61510.89855
570641.5099,715798.1627,3468355.109,3430034.917,894714.2013,400433.2537,2158374.752,4038347.893,1414685.079,811749.8869,1330006.002,7966781.635,1162415.135,763835.0561,3404769.596,4121295.02,388607.9632,463543.2672
131.9526705,5690.598241,10288.55969,6144.379882,1.491950019,4493.597707,151.7750387,NA,1431.878767,9092.301874,NA,40218.60729,1873.650882,1216.471118,NA,164.5615718,2996.047959,3982.371772
258093.8385,280835.7183,180533.8777,190873.9348,90304.64942,187790.8598,37358.13691,50860.7971,77636.45878,331808.5288,22074.04003,172890.1963,120478.7056,261092.2857,32666.19742,1045919.254,295633.4913,228846.3052
37245.8999,12784.30146,133189.4724,64980.24875,78012.41892,27893.70598,66576.58993,172698.8563,13768.49278,27624.64417,14677.19142,67247.01775,9339.09354,67924.23775,75190.35741,159328.8473,242112.839,50991.53882
407.7454002,17.20022659,NA,1176.068427,42307.43039,36.82155156,211.7415866,1079.20608,276.8247531,564.3279283,272.1653818,3281.67626,218.5219516,383.9293333,1197.284417,1979.407969,393.7269688,334.3980472
14102.54896,58.4450981,278.3158511,NA,28186.4286,15852.27322,4816.628578,NA,4538.365059,5959.109054,NA,NA,821.8263356,33085.32176,447.381529,NA,60597.98151,141126.0126
6623166.514,6355435.162,8897505.073,9600831.291,10450378.93,4097393.017,12648464.85,13853983.32,6049708.754,4007827.557,3002406.993,20058452.57,8497487.16,4891396.854,12186823.55,8217532.398,13672317.24,15963450.94
54095.61344,10027.27385,5848.52257,3334.134737,115720.9611,55348.01539,18479.00266,7396.173913,11008.19566,45432.76382,29602.83892,9803.215687,23491.71074,37282.09405,9943.515892,1376.112785,47215.18072,37457.69651
7396261.725,310492.3182,190871.3178,214755.9628,2984410.964,2992074.861,386764.1073,263878.7846,1519995.382,2730195.308,157852.2364,64357.80418,524879.3827,5670559.867,199433.5952,106038.1793,11641967.26,2597222.679
59359.99917,9592.409609,4607.215667,12837.79697,77525.27897,66807.53941,36215.45214,22103.99129,37027.57042,45506.2282,9652.024003,26.65654481,3830.779705,137236.7229,6686.804346,1045.354981,28263.54736,132512.893
32309.88329,707.9168618,68.75182564,581.4805613,3219.757952,18366.60511,1801.638281,6595.188708,196.3985815,2829.311404,844.837021,180.9290989,1022.058231,25058.92377,NA,95.47165998,2325.045029,5149.948284
17681.4415,27464.47869,23693.56442,58132.64892,34357.47307,16947.8706,22191.91854,11420.08019,10925.71102,21755.23769,45565.68352,130500.0233,13980.34847,11418.2846,18428.06402,82477.04126,76246.88558,49214.10726
45658.99733,7430.711097,19896.62036,92808.48141,121273.8778,22662.17199,22936.15983,40906.75724,35687.55995,24770.24347,24770.85796,72063.11962,13298.17525,36835.6713,50847.60287,18924.14501,192932.0941,43583.84385
17654.11752,296.0146807,176.0580528,91.53259325,142.4643141,2547.933458,NA,NA,442.0391044,16407.473,291.0830974,NA,276.4044217,8235.148833,NA,392.8862912,32502.48989,1380.350939
41276.91299,129904.4918,307666.2611,239918.4666,109743.9243,144667.5139,246308.8469,462296.4352,73410.25393,31399.07686,92085.09464,181210.443,103461.7899,40507.19613,340195.5279,233986.4886,144049.34,36043.93184
27043.42284,NA,NA,175.7046497,17767.61744,30010.95275,NA,NA,6691.186306,5833.376928,NA,7.071953372,1181.011493,121596.7699,347.567697,NA,124205.9009,109515.6045
46330.44318,7221.530718,13101.55856,25877.18169,51271.09345,24611.45839,10566.26203,14302.27706,6345.30624,26378.69716,2910.689203,34884.28531,6061.362933,61560.90905,17243.61434,22891.93224,21655.97402,147366.8844
202438.929,17931.72981,8287.373241,21010.76908,100133.7125,82499.56085,25071.42575,14775.36251,7349.945467,103950.9644,9490.301003,17063.33219,29571.29172,57257.42516,6006.346659,105771.7899,1943834.745,19833.62621
89257.067,51661.9071,45649.24171,85113.00701,144390.848,123557.2326,219735.9693,95264.62965,53463.47377,156265.405,21286.71025,139542.4969,38081.12077,199385.8817,89014.93542,72525.6727,59329.89047,270174.782
778000.3358,581039.662,1088456.763,1123744.52,825815.8615,521774.1112,1398785.749,677904.5466,1667039.969,1425677.493,483567.8851,1497016.322,946532.0682,1470019.142,1257525.86,1349160.084,808818.9409,2098671.198
35288.8386,1837.832459,280.2977328,359.7433283,33080.28859,33600.11557,919.6472103,211558.2318,2772.314223,23459.14147,6498.133397,59.69740613,383.110303,13367.91387,26607.17644,2930.846989,6315.73411,15134.81878
37515.1022,10438.37159,94689.2318,114970.449,165598.1923,2917.656189,63088.64504,11405.98331,5940.275537,28196.70932,471.6813702,92580.92928,7681.406924,36168.88993,191872.2342,10215.19138,85974.39769,151782.43
57143.45671,31609.74029,506792.8318,328057.088,42274.52379,43355.53417,94830.95617,427087.2228,15075.70044,64522.16782,22987.50128,49250.14014,9900.135632,94239.27844,413667.1954,2046783.139,41849.49904,51894.17867
1202694.664,353178.2092,483583.7793,179642.3373,2825177.163,2958114.228,102530.5371,792061.0197,113909.6947,633626.1019,176586.8112,97732.57334,68343.32699,606524.4928,1501458.955,103475.6954,1668440.099,152783.6052
6884.583771,3987.341859,306161.2754,NA,9614.93813,11798.89321,69396.27872,21669.84269,1480.088525,18603.62217,1524.885803,42259.48105,2610.244541,11001.00104,84406.61058,351150.7971,1092.922906,597.0291557
373.6103903,0.197014199,299.0251094,NA,24661.17138,3683.713836,NA,NA,39.31316848,NA,0.659958941,14.52612467,NA,1660.25166,NA,65.69011294,17245.47484,152.8837576
254176.5897,60424.31451,89975.1028,201776.8604,265394.963,57422.56656,590623.7421,157818.2125,347169.5379,61128.57636,78982.27832,116278.0028,175074.7021,176872.1198,282979.1527,45520.23717,542736.1083,240841.8801
51804.64612,117350.5598,160731.8644,217463.79,107140.3847,55505.11229,137629.0201,87569.3749,21091.37137,97180.01493,49795.20024,191790.0217,128417.4969,86917.90438,193315.2443,186600.4793,60601.37105,170318.5535
3833.863325,1788.077481,678.8687467,342.7389244,3947.162903,1587.599673,2398.127166,NA,2048.716337,5656.492517,7357.034022,2016.997576,1189.115827,2765.010121,3624.367892,4066.528882,717.6383111,12563.05214
NA,NA,11547.54545,319.6109752,142.7643729,2.10495687,14170.74298,25941.87635,NA,NA,5236.32167,NA,NA,180.5989899,38076.9438,27335.29454,131.3841223,NA
29981.25006,26105.35842,116500.8528,109000.2146,126094.1527,22474.23831,74104.16319,146119.2854,46205.72522,17068.72261,66698.71965,300514.356,48399.6213,31872.58366,188087.478,122197.0903,78933.2231,756901.9929
17381.91612,999.0525022,NA,1742.436818,4060.771501,26958.55392,5.209058852,207.0258929,NA,3501.424835,NA,167.8276892,9.972899514,3183.645824,NA,NA,30.70583438,23.0480501
10983.49616,NA,266.4019167,NA,8221.14518,15565.52484,NA,NA,NA,1066.73313,NA,NA,NA,4781.919496,NA,NA,1114.575542,3181.744272
75584.22316,12114.19953,4681.925657,16549.35889,84949.9744,30207.73609,34102.8214,6304.16808,149783.5235,69338.83466,2837.703196,7031.082795,17152.86458,174589.5679,11096.15071,833.6723831,99725.73981,168515.414
482813.7209,133239.5216,12268.78419,15839.42742,1330845.449,2339842.873,53386.12507,14073.50796,24737.86793,340492.4738,33303.88009,3897.103976,10207.4885,413486.7953,4933.576103,5916.877794,204287.8678,6084.757626
3500.792146,238.7869113,1632.231647,375.2158575,5850.87576,3839.798186,458.5775998,671.1787438,1073.441655,2958.04713,1025.125657,NA,901.8184873,7451.208226,2326.368336,2975.884552,319.1656453,16698.4197
3485.754505,14725.38766,74518.07223,71384.3032,8324.862197,4891.349191,7603.729104,68790.27887,4008.554983,8615.610508,5718.555324,20365.04397,10691.1801,2387.345992,89145.33656,3763.874627,2428.817098,6128.906471
24291.43475,34364.98926,66683.56699,77905.61599,37899.1161,22590.62827,77771.58836,52504.06137,31867.7345,24447.12316,34770.01487,86529.21882,48140.61208,29203.36088,147373.5577,65809.58975,66388.36191,98664.69522
336373.0354,33896.51109,19575.04371,28294.77622,148332.7688,86358.90966,3166.397332,788.763078,45890.8825,160207.2619,863.9052785,1123.449899,15024.12752,1355680.067,1476.627366,881.0649055,147068.0428,340846.8786
970755.6177,3365.281454,3409.44265,62277.21024,585347.1934,953926.3956,21833.75362,11478.70348,17161.81155,132302.6798,25901.10189,3597.1398,1755.867319,365521.4904,23997.79757,3780.881463,4698889.779,20201.27867
32686.28986,5003.840274,91.63245251,1658.918206,13091.44902,22263.93862,6947.947134,365.5399156,804.2172031,18822.81277,2041.934662,119.6376941,1161.004308,118718.5535,291.6205263,NA,15781.96802,42237.49156
95776.32822,557.6614104,798.6763617,1076.467691,4116.190659,7698.860768,3945.075628,3582.300638,3473.203146,42491.44435,483.3127138,1054.569571,1004.501088,659762.3946,5427.147546,2518.57279,8973.374979,216185.3674
24242.04046,7686.523287,26577.26769,59463.59484,16282.69339,3755.869939,56534.55938,16142.16285,49987.97338,9639.572708,33838.68539,23315.66012,22341.03712,16391.01099,19824.53425,7618.716611,38565.13059,44381.03789
31480.76737,82326.55949,297320.0574,310408.8666,99063.7522,80836.60074,195326.1304,214434.7477,159796.0647,107138.6993,521742.8165,1136041.064,98595.20648,27487.23678,271768.5249,786409.7012,88569.97828,71562.77057
30394.2645,NA,2679.047795,9419.339469,36143.1098,3119.448696,8741.643044,9764.580679,2083.004905,234.3535522,1091.709986,2844.382955,2253.880223,46397.46838,5923.559282,NA,67103.76814,20358.3338
71482.67367,185758.8423,567544.6022,1140085.141,66243.49761,76661.29064,597891.6742,1752447.467,297826.8809,211203.3527,2267484.4,582713.6449,353294.0051,76949.86849,1278770.666,307055.3963,83058.07301,96266.84413
167341.4816,10781.14261,6882.641485,5597.986556,206305.7232,114651.7587,15763.67688,3967.935001,24921.24783,40994.43933,29761.60473,14190.25558,18635.42618,409389.4996,13360.09609,6063.827341,196351.1286,96365.69103
366825.7364,338117.5261,291988.0365,484877.8592,296286.9339,473571.438,199939.6659,313210.8655,68130.54603,589559.1185,41869.15293,893847.9733,89184.24959,597124.7221,247281.3566,711149.3105,619374.0643,806499.3805
133366650.6,115534476.1,488123170.7,382251527.7,123800790.6,133343966.8,284081587.1,594047801.8,243634082.5,186753889.1,417578209.2,785328918.1,259997035.9,60991966.76,541750494.1,570561598.3,139050715.9,95351319.66
3550700.441,311005.1301,773398.4601,609946.0831,6278414.735,6625175.236,509156.7068,682886.2961,1151282.587,2009573.511,316205.731,614541.4327,279081.828,1137015.808,635835.4381,810031.3267,5530204.629,443304.8712
1366.743385,NA,197.8521827,340.8404042,34086.17492,12839.48626,NA,140.8265304,427.7645691,450.2276605,437.1824155,153.9887046,123.253314,68.9854833,NA,329.4828155,59909.63067,159.8503064
31806.58056,83699.72912,84022.38289,91129.27985,40253.46304,45701.18626,69518.48679,168040.8374,5611.704939,37508.55044,28017.30711,107350.1851,20361.41895,29825.09022,89740.06849,234618.974,31074.65232,59276.25638
89708.34752,44185.97991,221875.3431,313126.8705,197029.0089,15628.154,231594.069,110093.4664,22139.49375,24373.57059,42744.78138,168419.4142,36059.5002,44718.01069,433964.1132,212971.2884,94035.45808,188062.2071
24530.56995,60596.42043,90589.36401,96589.34083,82710.5149,21416.52862,59380.81637,64460.07212,55371.93409,29683.67567,30830.54958,228214.3708,26919.70916,30312.01332,75205.82785,72818.23908,55640.14975,289604.5084
768.8460012,2534.63552,425445.0429,61123.77925,189.1066573,479.6062978,6478.021779,48946.93085,6736.95633,2238.067786,31053.37464,5206.157241,1414.261292,1544.448324,221452.027,236110.8684,2314.771148,1188.480044
43487.91653,8307.166115,4249.632267,18863.57968,32362.34044,19931.94091,4218.083336,1719.565319,14934.94523,9062.331393,35194.16664,NA,17619.44565,32022.17273,8736.581927,1320.569974,69201.61745,22849.65938
9938681.886,2770259.323,92277.60678,1017983.356,9417247.804,2479853.156,730283.886,289432.4263,1119165.776,5286404.905,263240.1275,191169.0056,132917.3566,14319195.92,689258.8184,101378.5303,7541708.356,5065199.339
829.6942232,4340.920989,24372.54231,19487.1402,5085.76066,2511.176422,3195.972583,13162.43563,4572.815891,3227.448872,4676.381915,113380.1856,4340.520731,2488.345252,14416.42925,63906.34755,885.2132913,3583.900411
92243.39103,15341.08092,544.6920589,1137.586778,159108.4543,157270.4687,2735.956976,NA,1053.193176,18383.69133,NA,NA,208.0278192,86916.24624,NA,947.599118,37341.04995,347.7964027
196458.4549,26530.16822,87784.20721,77622.27167,262951.8729,48785.82325,72457.09879,43059.76324,241126.1292,59414.11174,42854.22471,10520.96104,39320.76005,208005.2003,28733.50296,59595.55559,259322.2156,124560.0364
93551.54853,91269.13371,172460.2386,133069.4494,146270.6765,106946.3557,263623.1126,229517.3008,153559.1541,104547.2727,129606.0105,565240.0766,113563.1692,132755.7336,270825.9901,366108.7876,136409.8672,374402.2689
10138740,7382556.489,15259244.62,12517206.9,11923604.97,11819933.85,20362152.76,9984693.151,5780924.075,23831153.43,22315619.2,55292622.5,6819793.055,15904193.41,20890937.79,66149844.84,7292015.482,18812341.17
235303.13,1898.619216,8231.984361,3151.437554,15049.14962,95009.56164,756.9844752,3574.006748,790.7439429,19976.71646,2387.796709,3337.090546,309.1236622,89428.30762,3423.232425,10588.55341,239748.2354,10891.82494
47186.21216,5241.607747,2884.019479,7355.967522,48507.60524,56601.34128,14067.83726,4285.12404,31190.10793,21858.55319,1130.792887,1999.804252,2805.793967,23488.74179,4360.542544,3693.730477,5901.873893,17654.58262
2373.75832,906.575752,5506.011903,4104.45839,8413.318099,2332.813394,9539.768666,20894.9627,7640.771057,1225.021606,1600.499898,13357.24115,2122.310297,3007.80587,17299.30233,4138.53444,1002.241442,10584.22673
25988.76794,7024.047786,22458.87774,24210.67363,19570.61049,20502.47331,15976.58043,66792.92396,55662.90793,30753.43471,27097.06443,40943.95078,29754.52927,8857.495095,63019.86078,69244.33352,54292.0971,12038.87177
32275.07333,NA,NA,NA,NA,NA,NA,NA,NA,NA,NA,NA,NA,371.0462002,NA,NA,NA,NA
259313.8565,556406.0942,892515.1708,591698.5297,348382.6305,205413.1794,569782.2574,604040.7691,393778.6677,351534.8572,489810.4603,1260029.102,276457.7672,230810.8008,664251.7977,1187290.559,797955.9878,921934.2977
1950.164765,13305.60749,30822.99807,14185.54843,2723.197569,1881.262649,4030.861615,29808.80231,5259.227471,3777.345221,138631.9662,11076.49588,10290.60607,4642.373646,41956.56331,7334.28302,2360.46008,5569.457846
20952.27922,7081.48752,4093.540634,3807.224171,23127.79242,13023.38779,11408.64146,11013.46254,5931.891762,9455.23066,27603.52276,7840.5478,1588.522597,77465.17422,11011.19527,9631.674099,10260.60996,55566.99851
3260.537596,10992.41095,260888.8275,24857.19583,12874.31409,12623.09616,309414.5298,93143.11056,6027.617869,3703.300209,19018.93478,121691.9944,5276.160993,4756.663542,303705.4173,199347.3895,5539.361609,6797.635594
3076713.724,2784270.898,5776862.975,6632193.872,3691739.92,2133111.734,3895718.583,7753859.632,5048808.727,1558720.058,3365171.121,4368303.786,4252328.603,2974849.277,12824491.7,3593714.614,4442219.139,8315780.85
31972.9243,49162.68835,55974.18583,74625.67184,56646.1914,39797.80699,67687.17021,50958.20261,20384.24034,77117.9364,11913.99278,96463.96051,44623.819,21205.48255,50070.68469,73911.11451,61231.86696,90614.17805
278316.5368,413392.1007,606670.0487,1006563.788,463230.7171,417799.4562,709738.2958,676710.4432,184901.8156,748656.9724,255499.9363,1537220.438,308993.0286,370663.5332,524814.2226,1382971.536,935712.8429,1143437.555
15954488.26,5141018.986,162185.8873,1207424.864,7830174.524,3369119.991,556097.8145,346330.6328,1306494.075,17057078.08,288915.9864,530478.429,269615.5466,34337337.29,727580.8598,193826.6109,6536665.85,15226595.1
59039.04051,76140.52144,468117.6454,494898.5493,46728.67726,83893.48552,197300.4887,867617.7847,154722.6308,79780.69301,409452.4436,317634.5485,193022.4476,9565.865206,427726.8959,426631.6802,74098.96039,27706.31172
1069043.032,2593327.645,919868.4167,1234770.512,1002779.819,1421823.086,930747.8726,799827.5689,496455.1508,2095839.229,410311.8655,3628888.335,1253259.157,613843.9454,433118.1165,1096671.951,1600296.996,1308806.814
10907.38039,442.4351342,605.7939013,NA,37237.00489,35674.99842,NA,4218.4694,1869.116974,7424.784955,NA,NA,NA,3819.08304,NA,1019.310362,485.3624075,6311.859012
25510.29026,5203.894098,2010.230498,5147.561027,27173.74359,19906.91799,5000.208325,2227.043409,44209.96379,18852.82401,461.500688,3677.406783,3798.058629,15738.46716,3355.081538,1220.89996,29584.46203,12312.06608
51340.6948,1030.602031,3082.930351,6346.644313,3933.815685,9082.440737,151.2797061,2084.495668,12967.95884,16360.30573,693.6633231,NA,2180.762158,66164.04962,4374.535993,1324.724167,4849.200549,2029.834095
247465.452,192479.28,403842.4917,299973.1931,294703.2626,368897.5343,556789.2442,559686.2362,99317.03094,348059.4877,220223.4494,733583.4097,97749.06846,211255.4489,394485.5148,793146.8353,609582.3093,333903.0424
42569.31951,3523.417096,638.6358429,2101.795142,42099.80516,134232.4031,1316.889035,1411.305205,1981.762541,7574.382346,1404.870867,394.2357916,8161.872391,25309.21766,1918.877846,NA,40732.68153,768.864468
5560.080554,3888.646309,6357.146292,1863.809024,3302.060936,1855.711232,48853.607,70520.46316,9144.135647,737.0231496,33627.1795,1049.610707,2399.268637,1490.165963,171314.505,70374.04191,8652.658901,4159.742384
6645.847991,5789.185544,10804.31739,5444.141909,11664.81065,2801.532636,8706.972758,14355.65415,7683.503491,NA,35312.21382,3492.388195,9846.443065,2614.834378,24207.73329,520.5270958,3846.816327,3554.373328
126015.5016,14889.27505,24790.4001,38833.09593,133892.4188,84755.05246,19517.83442,16403.2125,113479.9892,90785.50432,14892.62073,50897.61289,40842.10763,172508.122,16534.4698,20898.43037,260097.8864,47122.42331
25369.35595,10942.42299,37315.74546,62431.30706,66231.91463,13558.14317,62819.77482,346954.0373,13751.35066,23077.73509,31642.54856,97777.90549,13913.36474,19830.89908,146227.4306,43479.73192,33051.4322,64158.1671
4681.900112,3581.154444,34774.44227,54929.5972,5164.120281,1942.33067,31608.67268,71465.30711,1758.605174,3786.562394,25109.15169,99015.60483,8726.196166,NA,32513.31649,32411.46201,2539.772634,2225.295547
64351.70452,3516.672749,1312.690508,1413.048046,98975.80597,51047.28268,11246.75831,NA,5789.052848,46484.4614,599.0773963,6071.808276,1621.95976,167613.1872,1155.13548,2967.37618,46297.50935,195151.697
4744.825191,5844.317034,36365.31207,22969.21602,21776.32722,3370.793199,37480.6284,70157.07081,4740.031855,2702.055779,3724.307879,145255.6106,4549.535477,5573.836581,59813.10956,91057.4493,1420.775948,15498.04678
509944.1105,134502.5335,637267.5131,463498.4437,611224.7684,155166.7253,227525.7934,484213.8597,121740.9647,149948.7796,352475.4062,246730.2355,125581.4678,790901.7486,137844.7686,499660.7182,647894.5884,194173.0639
331146.1609,725493.3727,665164.5374,1166237.888,518937.4955,596347.1068,841996.825,1273647.285,376990.9727,343783.2854,571536.5266,2181405.29,249899.2777,428587.3738,944146.186,624464.4493,919518.9142,947947.5822
15372.8334,12868.36044,18670.91925,9055.895155,13231.82091,4221.55334,33092.71707,18122.83227,22929.14753,9721.904508,19458.66318,59060.48278,8505.977926,15014.40243,28293.82115,27392.89968,11977.49115,35277.56827
16205462.24,33375382.4,54677804.73,56157304.07,20522417.02,20075201.2,38372486.48,92911281.87,31529781.83,15002750.59,52652516.42,63338866.78,32289517.09,8364378.547,83284658.41,43708657.97,15368151.27,18643915.06
10725.0382,2399.641007,35000.8338,14599.46851,9760.133274,2986.32165,40050.62517,27845.47701,2757.357658,11058.8292,7652.957334,11537.30939,611.070319,8149.63745,27617.35039,30617.68895,6894.387965,1781.074849
97965.64087,106324.1665,372602.7273,405418.2363,155626.4297,124928.2121,363188.6439,368497.8742,181638.7244,164884.5386,767351.025,1184998.069,114963.4344,129587.9573,492392.4529,771653.858,193907.098,307991.6958
274330.6135,636049.8389,1568658.68,1471684.156,664643.4464,1051510.753,1198951.144,1019961.292,371651.0913,993046.9024,767983.6913,6464619.319,462515.1874,281160.9823,1055861.681,4382904.395,416411.5928,419480.1273
35118.0234,768.473455,68611.00333,62884.86677,32408.49542,11788.16044,64110.7275,19370.0644,5418.865576,28858.10609,11315.60254,28548.44232,55.19714389,5738.467162,41483.38772,53799.18897,26722.6776,14967.72336
77534.33203,131517.3084,291443.1017,297774.0412,144383.9583,90910.30989,195698.6949,272539.6406,194781.1919,178124.0325,225848.2554,695621.7638,101841.3154,101213.7805,459723.6823,606561.4889,157600.8407,192160.1659
1415.584933,7624.418297,28452.04264,24769.87549,9960.543625,5717.882594,18063.76562,24888.61117,1281.421052,1370.738202,11908.58096,14402.99055,5218.918863,211.4506455,17582.21044,34416.60922,10270.78068,1754.255862
15543351.08,3463339.498,58506.22986,201247.3933,19373924.85,27773390.27,111775.69,70372.24802,782020.7219,4926795.812,156958.827,114832.1032,289198.5735,6807593.519,77899.98361,88884.01964,19110548.82,719613.2669
24679.33211,36411.45006,82279.71464,125756.3163,16700.954,5098.795985,33994.17958,118774.3634,42181.43087,9302.034669,83615.64066,24140.44403,18357.2993,34495.38199,171528.364,24160.36829,30204.24928,51132.82234
122028.7711,178184.1799,537253.9349,491498.3109,217303.8195,134038.9819,311908.2509,596268.1058,201462.3418,186141.3319,182108.6096,1957402.467,118287.3002,125160.7293,491057.3504,1572359.579,101292.0803,166280.6054
26493.5557,274.2477016,574.693079,1190.133259,8628.58837,2270.497697,NA,268.9402909,668.1897854,1965.586145,413.3832176,2272.295028,737.222889,7065.028518,839.8721448,416.0505009,1220.839169,1152.363738
43489.34344,128488.8547,122812.7178,150300.2965,77929.30282,34595.72105,137731.9728,100593.6488,210759.4273,38368.39536,93817.45836,127659.6583,189424.3079,27323.50271,200435.5102,49510.18106,112838.1833,235183.748
15733.50815,41198.14794,48282.79779,69338.45783,35595.37193,23510.10366,56178.57796,97522.75445,47929.30093,8546.323556,122196.4274,22325.42216,47277.37709,4956.409326,117966.6369,33136.17074,14361.56023,21830.51949
198330.5672,108559.2243,413934.3652,496963.8708,279222.7458,90745.62771,291154.2633,302468.1494,175204.1933,159953.0267,178956.8724,462654.1355,186678.3532,68240.85197,455643.9154,514433.7493,352932.8565,486825.6799
1154510.163,159591.1766,73209.08524,442393.0609,1598104.451,1975123.892,128310.9289,103624.4127,1434208.863,1022064.804,330904.8516,123047.9318,305213.4289,939073.2166,76961.72604,62662.42715,449527.4422,190806.2669
67933.94366,102450.3599,297036.9135,255765.646,144008.8919,35621.81558,186553.8681,137630.2104,258440.4408,114985.9315,68737.5512,351459.837,176903.2308,124608.4991,278666.2537,192705.6619,74566.14914,510905.3181
129035.5142,13110.41543,4522.131751,6823.452921,206502.9194,70140.95871,4612.885318,13724.86535,118728.6052,128828.793,1617.520284,6449.333745,5118.648325,144647.8034,6576.322284,7825.244257,39840.02283,104339.287
12655.43949,17647.0563,86291.30966,76457.98915,26043.89408,23283.79715,51517.99304,198778.9357,26528.62607,23486.91894,2168725.497,72729.90649,39453.64593,23481.55547,157518.8226,38924.33968,67662.84106,25906.54205
33433.01927,90537.04045,271775.3485,118075.8636,171348.1703,49031.91953,272597.1152,203993.0405,45890.45026,67990.58666,89376.7653,534556.7003,101202.5551,45197.76565,103313.6534,169546.9003,92749.17705,46793.25882
3656.06273,809.3016029,193.0727262,1093.18196,10356.7127,20729.86999,749.7000271,46.77920248,412.6652147,1988.780281,429.7062158,126.3975671,190.9327417,3700.707982,57.89104987,1304.767367,497.2234242,2985.604327
154308.9765,13700.81079,7859.434561,6737.232312,156423.5722,161918.0991,3765.605789,12760.93825,160993.233,93500.15473,21091.03623,9538.384447,12878.62193,92970.05246,18864.89627,29732.15991,202229.9536,25015.04908
3352605.499,2218619.422,2834392.586,5005206.355,4212729.049,1478769.941,4814753.283,2826151.874,1963785.422,2529801.665,813320.7748,7237135.652,1444590.615,4049294.014,2749090.395,3531930.619,1958751.224,9857310.204
8041.163198,9865.054274,241211.7785,169808.8988,7215.396761,13066.11318,43621.66023,518839.1504,8661.785398,11831.43143,24249.12498,211346.2295,7318.2167,39202.65562,148448.8673,720966.0075,8941.497861,24736.85172
638423.2944,1200063.329,2072841.005,1528954.193,998688.5757,1146874.931,1653910.923,2404548.968,369315.6824,1352140.891,596027.2824,1900960.165,369862.2243,961494.7804,1424228.993,4286280.335,1058082.149,931074.1078
180787.1789,212744.915,391769.8204,354052.9871,312353.1102,153056.2608,468910.4241,464346.5329,220716.0688,164657.3576,248231.8118,1043967.552,212967.7901,148216.3518,429666.9223,444273.4317,505734.5586,420211.5767
56285.20838,38026.90246,99534.54761,151329.0455,121911.711,28645.31779,116455.4246,626230.249,68775.98346,105378.5772,88584.04686,34060.19309,21894.42557,83233.63894,318696.995,68034.96022,217800.4249,64992.51921
194144.5013,108018.6533,532813.7183,402769.557,283413.9174,279710.7171,472935.1287,716976.3067,118381.8714,305738.0724,400350.2378,2984255.598,128484.9788,99985.17827,483509.5593,1582138.944,145945.3664,289117.1707
256397.1496,121037.927,254456.4629,324341.3767,223836.0838,140614.1005,365156.2565,288215.3818,241405.5514,432868.475,125610.218,1067486.286,94287.36012,427076.6231,493593.6158,760121.2126,145250.8859,882902.9818
603766.5062,44087.07957,23940.72286,42732.30552,571440.7438,2323320.445,23697.38348,24722.85272,34345.52378,191389.545,33566.72622,90617.65674,39442.04804,500236.0764,32815.05963,64029.31307,1608583.494,30650.65579
618000.5594,2417329.332,4036596.014,4258830.866,1216528.566,891540.4115,2075662.54,3008980.746,1195899.175,1459574.865,1084840.885,5416525.362,1644856.585,939645.4909,2509754.055,4830957.343,1374493.244,1096847.412
3544.633002,261.4314612,146716.105,100282.2422,1464.794291,885.5695656,40210.54069,214740.652,202.9867935,1422.989844,15773.62525,72141.99607,2691.839144,5198.034952,467883.4763,208565.0012,127952.1072,2200.933213
2939640.593,6115206.076,6145456.39,8436118.97,4900668.818,3243327.942,7049259.18,3530717.837,3841101.949,5483602.538,3619574.739,19953664.63,4034108.297,3048307.438,4200837.804,10212768.11,6020229.552,6800706.784
780622.0019,1204494.41,3711405.723,5112844.586,1286974.728,1024983.266,2616888.988,2214448.138,638020.3544,1362842.838,3549929.02,11118116.32,1485847.402,200134.4904,5029982.057,8375878.032,729747.1691,1109945.839
2976.056613,1509.194181,10461.66139,5729.41487,4012.327857,1229.557711,30239.4942,80086.57827,4701.275683,1469.056612,64420.20358,19605.65965,7880.337163,1116.700481,82949.83508,20184.16152,3999.038829,29279.22406
9168527.01,11235798.49,20751403.25,27006613.84,25755529.29,15695537.44,40636475.51,33179635.7,5820351.966,19398387.13,10933002.86,296588961.8,10910893.16,7957208.931,28217881.54,87778998.14,9759166.417,17195365.11
1554.935319,3104.617012,24489.40572,14788.7129,7485.960259,188.4619477,890.8862125,70575.52335,3701.622525,1758.647307,10974.49547,7922.202558,5993.367459,1579.014727,12901.12295,46647.01545,7571.530815,1185.865946
48381.13006,59366.34292,438044.4768,569329.5487,254618.2643,36804.91579,513570.2188,1121145.347,40144.27742,34595.70294,180664.0418,1066786.943,114889.9482,25198.18004,1119363.3,578181.6251,308026.2686,554745.7563
14806.70102,42497.18223,20095.59945,22027.18072,28395.69255,13002.11106,39949.47279,64553.92466,59159.88701,12427.0196,77743.66352,24611.39201,39833.8753,24721.72154,61002.14295,8824.672436,9188.957727,42276.70823
25577.35614,6201.558937,48206.01052,51622.22331,29568.90135,13025.56193,42764.89221,46747.94459,5585.164333,25932.33884,13981.41612,32962.12653,4706.629564,4931.260783,46138.65171,80889.33291,20648.06717,19069.96205
105089.9271,110598.0966,246530.589,249328.7076,159183.853,66064.54747,195621.9274,265363.5502,312229.804,69936.801,139112.5162,194506.5518,215485.9375,88620.7821,564210.6223,198159.6714,78708.29386,211864.386
9069.531164,2667.282445,863.0576376,916.3887446,1906.051543,15982.32147,2455.30007,NA,7051.684862,2784.910492,NA,773.0935515,354.7676345,8813.563496,NA,3004.550361,7783.102068,834.8088726
65080.44648,94609.42023,227181.6089,250774.5123,113747.2131,44857.00298,141856.9269,193509.8555,102489.3353,60157.12039,64321.68423,107707.1023,74673.23724,28658.07092,484300.2028,283609.0007,69385.14452,185289.7861
825.331846,11456.1205,102610.0259,75125.63584,7961.235143,4361.067419,38930.99094,87219.50727,11612.0594,1138.828266,83496.4775,190422.3476,26033.69378,NA,114962.5093,148003.6637,3105.856314,2136.096297
567922.1643,857322.0982,1440937.788,1741831.369,756842.1968,363768.8088,1657977.446,1812384.146,1441856.9,678926.0303,1028608.173,3238553.265,1669731.38,674596.0991,2276594.853,1286163.044,347547.5327,2179017.582
2563.073443,7478.759419,43513.9376,55818.03353,12994.70184,2297.880326,41569.44408,28497.96367,4515.260834,4683.651912,1962.45785,60188.18413,12548.29427,422.2957644,74060.27608,51058.84863,3611.078714,5624.031119
729.1873013,2720.265949,15497.32408,10041.9262,1831.446241,741.0300432,1349.065788,19263.06015,9338.177127,2189.45726,1949.306329,8217.526821,4339.557131,1344.95968,31478.36598,4258.423835,1710.669788,4413.767078
4373.729792,4902.258351,6310.477235,7047.937162,10880.61938,8172.145218,4221.155338,4645.115995,23599.82298,3679.071622,6355.806206,6225.970742,2249.04009,4578.949062,10977.16155,31950.59625,11116.06297,8238.962709
24827.25189,33443.84886,75617.50331,67323.11425,23877.73145,10309.97055,52873.08161,52106.17427,19595.87709,16338.78786,42943.12168,166852.4251,18835.13265,10211.85893,41737.60997,90835.74286,47496.27439,35041.44256
29011.99093,28239.16635,68497.37724,67319.03576,33876.92051,57514.8998,55451.31473,83343.13647,61628.02728,14782.43789,31242.65639,58561.28595,56781.66601,13510.13677,115293.9213,32259.08254,28095.26423,57920.06725
65051.80335,191551.8024,386460.0506,509000.7389,87501.30982,59209.80074,174313.7571,376992.9423,86704.26647,141683.6598,120986.0111,877603.4799,126509.9853,133173.0831,287801.1101,534900.6269,115431.5583,447326.7046
38253.86559,26658.56241,77029.20171,100171.1661,33751.93614,96846.36786,220902.9832,374031.2302,6206.958203,15410.59474,120828.4956,630020.4814,6817.423661,33926.87375,235375.9498,589077.9688,183162.6834,36719.48445
9304100.333,703481.8403,1388124.757,401369.7073,11998162.3,13110898.19,159320.8156,558864.2374,4009419.996,4121825.882,373267.3784,311961.53,649158.288,4840106.523,382524.35,134964.004,9500524.191,276118.409
404213848.5,378070104.3,1597753334,1345957164,411318950.5,366914914.5,1097844631,2320447518,791168893.3,451555855.1,1556214624,1844149054,976632480.6,162476397.3,2061275383,1866292726,601430813.6,445367016.7
315675.5445,271302.7669,870434.7614,777693.5628,557436.6203,612974.2834,1202375.745,1244293.07,186122.1109,845496.3765,468421.4449,2076062.441,159435.6757,277974.3969,1048646.273,2539752.286,581671.1035,539448.3322
458704.4349,413198.5788,3121571.14,3151795.509,1063008.646,1054249.856,2027136.255,7238235.585,285182.6677,1100338.157,358969.4705,8675251.455,311873.8487,647704.3941,4722136.951,13410018.4,1212365.788,1238628.755
204939.2141,490967.6909,2474956.254,2226418.468,622452.3248,164474.711,1909013.769,2493111.276,460528.9709,316693.3879,932021.1691,5333417.723,601057.447,327540.9634,3780350.061,4441778.189,343915.9101,796861.2418
123532950.7,177821145.6,265951299.9,439271070.2,225457370.6,126510498,341682619.8,328030489.2,175013671.2,202938056.6,172511537.9,627421356.9,219370326.1,106760200.7,388755646.1,460298186,291716846,410596277.8
643.0765914,6532.76566,2782.35621,1779.008146,6098.621955,132.8829111,7219.867005,9438.305505,477.9090082,390.3074408,92951.34819,782.076357,1554.713612,176.4326406,1630.34096,1884.34086,1507.736301,4282.704148
1499329.524,2804811.53,5690340.375,5854992.722,3412358.706,1675794.011,7503762.759,5500793.376,2429087.703,1747142.416,5194959.242,14963672,2169641.77,1179012.477,6898835.037,7277886.439,9427272.748,3711866.82
11014.23854,82125.96704,173063.1618,316656.851,70434.25669,21434.93678,260158.6085,695393.7991,45708.67583,30055.91995,367584.8539,255974.7706,93982.21264,28584.55439,338676.1489,83032.17894,42263.55904,56542.53137
3259412.971,5312200.835,11001286.6,12026525.56,4430912.943,2565885.17,11818993.11,18779969.51,4486758.353,4150571.642,13800542.73,6566633.533,6179665.641,927936.0011,10685625.54,6846667.918,5943538.355,6288143.097
395711.9067,247886.0217,1229291.761,941597.3912,542018.8399,257793.0515,719010.8508,1217619.194,357524.7147,307408.8126,474492.7216,1183106.982,297257.3676,271167.0709,1360372.686,1285335.721,348692.8776,405194.6869
241819.5573,476688.5386,1685900.206,1342169.628,588033.1761,357210.6261,1229767.564,1468750.005,838884.3943,355076.2428,1112963.989,3840262.926,1003852.202,310116.3149,1762640.746,2376061.911,763331.8706,758036.6187
96647.87174,113742.0652,318750.598,426276.9603,252069.5776,181878.0339,259157.4176,283134.8115,51346.21207,102020.5167,304451.2586,1719041.172,121563.8672,14941.79281,207687.5271,736677.0868,167015.0293,164932.8119
27003.92474,105794.4763,140496.8946,166995.7702,72811.75737,37422.17208,113501.4904,86891.01898,37813.6008,27772.08514,96434.42028,282247.7961,45821.61066,17738.4871,142407.072,207271.197,174078.3719,87734.2033
296799.2015,406505.8411,980058.2084,758549.5051,491161.5126,428888.209,726638.0455,586577.2142,278343.2891,617226.5747,717463.7542,2099816.915,247156.8533,259149.157,571369.3368,1553954.748,579106.2187,583765.3196
456.5193272,30410.20802,134.984605,367.0079119,2851.301586,9144.291592,3156.370307,2.572117222,20451.35223,500.0238318,27849.67249,306.8209677,22138.11365,513.5183903,1046.065856,97.57152583,762.0504001,1016.764349
1337690.787,797899.2928,3672016.826,3787380.98,1866042.65,838261.5982,2653912.977,5436967.525,1588626.273,469407.3749,1642623.457,3037280.603,1661027.034,666349.5459,7095797.699,2449433.839,725584.711,3546488.325
131359.0497,427502.7729,1323263.51,1105719.116,371462.9466,208688.9243,716771.0511,986694.8387,217101.164,193153.848,600720.8871,2038287.205,263833.3981,36168.43489,1135351.883,1241761.111,265970.8963,277145.7883
747328.4895,1312119.104,3874415.258,4596667.192,1639683.529,883332.0774,3264517.7,7042666.421,2393684.416,1018176.364,4205482.215,9064353.697,2256554.696,698685.1649,6433472.607,4904479.777,1234459.875,2571845.019
428906.6945,456104.728,829086.4498,870802.6783,524706.0249,489035.1999,506738.9696,767941.8692,453691.8287,279695.7232,323107.3269,2042236.963,326600.438,457926.4688,826644.1009,883433.6812,641122.979,262939.8977
3916798.212,4054006.785,21694996.37,16142413.33,6006555.872,4164796.731,12250991.06,41240441.83,7098360.78,3845564.619,7909186.359,33349186.77,5842782.459,3530304.754,42269065.21,28745927.52,5123202.731,8235139.999
22709.3719,31495.75589,95790.05776,175807.2619,62012.18225,30757.48687,101845.0502,105407.5482,48349.17977,21317.09914,216690.0327,157084.3699,110399.1797,6671.670648,198519.1803,97382.45189,61357.64227,233021.5214
1506894.517,550326.7764,561679.4208,332686.3842,1568256.117,1995392.272,368925.9233,404797.2882,397020.6713,657949.8295,1204348.956,329409.3541,278563.069,1167997.23,797793.8216,543071.4342,1335317.929,230251.1456
63330.40765,505213.8198,301861.9865,510227.388,191598.4964,133718.961,415276.6801,389325.8646,80613.86528,113009.7566,99131.33573,2756416.199,120465.2907,39166.9027,206168.5665,864655.611,161508.372,120811.4665
3988.37475,150.2577513,20935.31849,12330.72986,1618.586687,175.182078,1868.643654,123393.4589,3172.976095,491.364963,6734.642981,1065.411716,1183.429246,205.0092905,11802.79993,1918.135018,676.602934,2205.360586
47183.76996,10748.14555,2161.51201,4608.767676,35829.64892,5562.058494,11936.60329,8674.29804,17580.5523,32558.79586,8975.632484,2724.234844,29161.24752,84790.74454,16954.52502,521.9178519,9812.662343,47215.2858
73963.38537,124078.9054,121883.5017,174521.9248,100122.4694,100910.3051,124768.5885,296231.6076,65441.2946,90592.92239,63977.61273,394261.0038,62267.47838,58273.28575,229467.2587,374181.809,177931.8474,152931.8462
211837.2352,579451.2038,1184541.3,1241157.541,400520.0548,273990.853,757062.9403,1475418.932,330361.823,311881.5369,617137.3197,2152538.669,519007.7551,108751.9026,1127785.747,1400231.678,387951.072,365309.8752
103297.8513,137097.2202,308408.7743,410334.3226,154457.9544,60931.26524,294333.4208,359162.2411,190672.2187,85341.79088,154883.7372,243486.7618,232048.6771,78853.23253,709359.3351,196414.1466,95669.51672,495156.8549
35801.54138,26563.81439,100044.0391,138542.0097,26788.23531,20810.95219,67397.33173,140636.1128,39491.30906,30611.28231,113857.4364,84223.41827,25058.34712,47228.116,219525.5665,103821.2896,39854.5831,110734.922
75505.82089,95357.11933,181062.7989,168200.9082,114259.4052,122836.6222,154866.2037,143471.6261,49063.19691,137297.2476,107877.8494,629024.131,40426.66893,44352.27651,121770.8856,489646.2034,123533.1767,92422.61166
32052.34673,64992.43601,214570.3075,177330.2153,100405.4954,68151.53285,168231.8335,154507.2081,49934.85557,76513.90901,77317.36181,364841.2314,52438.1691,36665.22193,210533.6189,294327.2313,69700.4984,75268.23627
481518.5907,1094752.014,3874808.429,3066436.706,950156.4356,731567.68,2620770.553,2662181.81,782743.8811,768611.8732,1444707.643,9171546.495,1162497.481,289175.3165,3043300.957,6980386.483,641974.8098,1421613.848
95383.45077,334874.3722,567215.1704,481455.2953,225441.8749,112648.7702,313754.7708,465935.0063,306532.7166,105431.3436,109065.2489,889697.3624,232013.5744,125310.3479,607033.1962,566444.0155,208365.506,427907.116
241848.7068,464982.5591,666592.2657,585738.3165,441045.4445,253307.6137,527461.8653,477167.6934,214040.3429,397545.1874,197326.6493,1249836.926,271117.5768,166432.6786,535655.4959,659510.54,535841.8466,267616.1818
6729205.877,10272801.96,2689072.034,465551.2623,13530523.15,11338031.66,476714.5739,505697.4285,4091945.427,5412615.428,1285343.907,616009.1118,6439098.575,6372600.259,697661.3524,504793.7716,3332068.797,690384.1121
5138.378334,16548.74886,152647.2344,69624.75034,9105.300099,9764.078997,41900.81924,263081.9661,12605.87961,11788.79766,52484.38435,163419.9837,14208.60082,6145.338085,204505.6013,220668.4402,11919.58463,32155.79623
NA,NA,825.793152,1605.359884,1568.680913,2779.798346,NA,NA,335.602287,774.1520063,NA,NA,4785.238674,1524.439825,NA,NA,59344.96757,NA
358843.4233,614713.3086,870865.3018,740715.8585,705853.5563,227855.3333,796468.2356,678813.8688,882249.5217,243229.7051,703459.2826,568269.3899,699444.4531,451506.7254,1101058.994,299234.051,377081.0743,1202878.428
3541721.719,8220292.051,10368140,10607197.73,5142904.996,5777670.651,8777261.162,15201011.28,2737041.306,5252933.841,4767068.997,36805002.07,4317488.857,1935953.289,7363839.858,27305972.17,5952264.462,5318025.897
2018694.054,1440436.418,3933185.63,2674240.413,2648220.691,1554132.81,3269723.13,4606986.558,1210658.572,2078716.085,1540877.338,10020871.48,969760.84,1565008.762,4941634.874,7311329.61,2711089.489,3566744.198
2130920.028,1785209.614,1048985.421,108944.6168,3259311.462,3015690.778,270967.7875,61250.07618,3470713.873,1474299.969,904458.8367,104447.5309,4029464.616,5561294.706,180930.2601,252718.9329,665506.7196,460520.3987
3584533.373,3928290.542,12810599.92,11752604.04,5306819.989,3516401.203,7228732.644,10306280.18,5035855.719,4826879.467,4421051.297,25696077.95,2154863.695,4641039.228,8031221.746,17049386.15,3724124.01,8687385.274
317454.4961,663380.8864,1117770.79,1008202.763,625403.8466,396107.8926,1093281.981,962687.7436,356592.0832,540418.4008,544377.549,1761212.416,553704.047,299536.1552,1344988.566,1544936.352,537095.316,1083176.886
1021321.699,1126936.607,3657792.914,3460863.245,1859325.357,817474.036,1953226.708,3048020.846,1135354.209,787419.1545,1265874.633,5917795.893,1297943.272,390920.3158,4503056.181,3797328.174,2016668.914,1895131.487
219937.0801,709769.7048,696910.4154,588465.188,430747.0432,282423.3015,672454.2514,1110316.606,282206.0108,425682.4192,251659.5793,2213544.461,417600.2881,426771.596,518511.6446,1092799.01,378382.1079,656970.8757
6777377.035,4018410.888,17037598.86,28008087.35,13325390.51,8602924.465,3992869.85,25644120.68,3132701.251,11845073.93,1655699.806,125477709.2,2903835.89,4196806.624,11105714.43,48970107.9,5638950.876,14673414.99
