Protein_Abund (median),Protein_Abund?median?,ear_Abund(median),embryo_Abund(median),Ear_Abund(median),Root_Abund(median),Embryo_Abund(median),Tassel_Abund?median?,Tassel_Abund?median?,Root_Abund?median?,Root_Abund(median),Embryo_Abund(median)
611000.00,298000.00,540000.00,1810000.00,881000.00,329000.00,1490000.00,657000.00,291000.00,102000.00,2540000.00,1200000.00
1300000.00,2970000.00,1220000.00,472000.00,951000.00,390000.00,472000.00,1230000.00,1170000.00,329000.00,447000.00,2740000.00
968000.00,2060000.00,533000.00,1530000.00,304000.00,83700.00,94400.00,417000.00,1820000.00,6660000.00,174000.00,526000.00
10500000.00,4150000.00,214000.00,615000.00,2170000.00,969000.00,488000.00,1170000.00,430000.00,83700.00,916000.00,2130000.00
362000.00,89200.00,489000.00,218000.00,286000.00,138000.00,218000.00,619000.00,506000.00,2450000.00,7510000.00,1520000.00
722000.00,292000.00,2380000.00,959000.00,3510000.00,1730000.00,267000.00,713000.00,217000.00,828000.00,307000.00,1460000.00
144000.00,69000.00,206000.00,439000.00,208000.00,97200.00,225000.00,906000.00,1250000.00,189000.00,289000.00,104000.00
743000.00,298000.00,345000.00,166000.00,470000.00,189000.00,389000.00,1320000.00,2720000.00,1330000.00,1210000.00,334000.00
908000.00,340000.00,516000.00,120000.00,2880000.00,1330000.00,760000.00,2710000.00,190000.00,418000.00,1480000.00,651000.00
922000.00,356000.00,64500.00,223000.00,155000.00,418000.00,155000.00,1790000.00,2710000.00,815000.00,547000.00,238000.00
741000.00,201000.00,960000.00,225000.00,2220000.00,815000.00,3790000.00,1400000.00,919000.00,240000.00,1900000.00,676000.00
514000.00,205000.00,2220000.00,760000.00,207000.00,38500.00,1520000.00,4800000.00,761000.00,307000.00,720000.00,3720000.00
125000.00,317000.00,1080000.00,3790000.00,2070000.00,916000.00,226000.00,608000.00,21300.00,55800.00,1280000.00,3820000.00
37600.00,857000.00,1670000.00,317000.00,569000.00,2000000.00,93300.00,21300.00,1580000.00,59300.00,661000.00,265000.00
759000.00,260000.00,610000.00,173000.00,764000.00,1850000.00,314000.00,120000.00,298000.00,656000.00,519000.00,131000.00
405000.00,958000.00,548000.00,1240000.00,810000.00,125000.00,746000.00,280000.00,556000.00,1210000.00,982000.00,325000.00
257000.00,632000.00,149000.00,305000.00,659000.00,307000.00,371000.00,1020000.00,109000.00,518000.00,1040000.00,94200.00
236000.00,1060000.00,81600.00,690000.00,144000.00,68700.00,651000.00,1450000.00,688000.00,298000.00,304000.00,1730000.00
9600000.00,3420000.00,776000.00,226000.00,813000.00,197000.00,146000.00,688000.00,1670000.00,5660000.00,793000.00,288000.00
407000.00,104000.00,222000.00,74800.00,497000.00,39700.00,647000.00,1420000.00,807000.00,192000.00,29300.00,253000.00
254000.00,91700.00,810000.00,301000.00,156000.00,1200000.00,400000.00,820000.00,1860000.00,7360000.00,2230000.00,209000.00
512000.00,1090000.00,1400000.00,676000.00,582000.00,106000.00,371000.00,47100.00,5800000.00,2700000.00,668000.00,1670000.00
415000.00,182000.00,722000.00,250000.00,502000.00,1210000.00,915000.00,266000.00,2440000.00,872000.00,370000.00,125000.00
616000.00,261000.00,112000.00,1250000.00,108000.00,518000.00,160000.00,807000.00,857000.00,328000.00,429000.00,184000.00
250000.00,85300.00,497000.00,155000.00,248000.00,507000.00,88000.00,201000.00,1170000.00,541000.00,174000.00,1710000.00
759000.00,260000.00,156000.00,314000.00,733000.00,298000.00,84400.00,233000.00,2220000.00,178000.00,163000.00,2380000.00
111000.00,448000.00,367000.00,132000.00,1150000.00,508000.00,1470000.00,733000.00,763000.00,240000.00,1880000.00,600000.00
290000.00,115000.00,1500000.00,371000.00,1530000.00,5660000.00,712000.00,2220000.00,592000.00,247000.00,2160000.00,707000.00
277000.00,949000.00,733000.00,146000.00,114000.00,658000.00,238000.00,82000.00,581000.00,1900000.00,630000.00,257000.00
876000.00,419000.00,2610000.00,1290000.00,649000.00,263000.00,341000.00,734000.00,993000.00,457000.00,49300.00,1120000.00
874000.00,335000.00,1770000.00,647000.00,6020000.00,2700000.00,67500.00,19900.00,632000.00,166000.00,133000.00,1450000.00
128000.00,447000.00,4290000.00,2080000.00,2500000.00,872000.00,179000.00,831000.00,1510000.00,727000.00,538000.00,2100000.00
43900.00,324000.00,2100000.00,886000.00,1120000.00,541000.00,12600000.00,3930000.00,5300000.00,720000.00,93000.00,39600.00
66600.00,169000.00,34100.00,371000.00,1340000.00,3400000.00,200000.00,735000.00,5890000.00,1280000.00,498000.00,1270000.00
55000.00,514000.00,1530000.00,4170000.00,602000.00,247000.00,389000.00,1320000.00,861000.00,4930000.00,514000.00,1180000.00
1220000.00,379000.00,313000.00,665000.00,1170000.00,3000000.00,30700.00,67700.00,390000.00,112000.00,2340000.00,611000.00
172000.00,82800.00,965000.00,204000.00,678000.00,1900000.00,822000.00,171000.00,433000.00,982000.00,49800.00,23600.00
257000.00,125000.00,79200.00,238000.00,300000.00,116000.00,157000.00,336000.00,820000.00,2960000.00,2590000.00,857000.00
59000.00,364000.00,1010000.00,341000.00,1140000.00,457000.00,559000.00,28600.00,600000.00,94100.00,708000.00,319000.00
945000.00,382000.00,744000.00,179000.00,5870000.00,720000.00,131000.00,331000.00,158000.00,1040000.00,1280000.00,3000000.00
89300.00,318000.00,4130000.00,1380000.00,1940000.00,226000.00,163000.00,822000.00,2030000.00,304000.00,300000.00,83000.00
473000.00,223000.00,405000.00,1090000.00,5920000.00,1280000.00,59500.00,360000.00,360000.00,129000.00,70200.00,1330000.00
61700.00,321000.00,780000.00,231000.00,219000.00,970000.00,121000.00,464000.00,246000.00,80700.00,1080000.00,2220000.00
127000.00,296000.00,793000.00,200000.00,319000.00,661000.00,98900.00,358000.00,478000.00,184000.00,237000.00,509000.00
175000.00,30200.00,297000.00,822000.00,486000.00,982000.00,58000.00,160000.00,431000.00,29300.00,505000.00,1260000.00
459000.00,1100000.00,313000.00,632000.00,1010000.00,2960000.00,345000.00,2150000.00,299000.00,1610000.00,124000.00,344000.00
358000.00,172000.00,902000.00,3610000.00,633000.00,94100.00,125000.00,298000.00,122000.00,526000.00,554000.00,35700.00
919000.00,334000.00,32200.00,559000.00,9600000.00,3850000.00,184000.00,497000.00,407000.00,91700.00,207000.00,423000.00
448000.00,157000.00,375000.00,131000.00,1160000.00,173000.00,918000.00,261000.00,660000.00,174000.00,1500000.00,3410000.00
366000.00,755000.00,814000.00,163000.00,382000.00,129000.00,1710000.00,660000.00,2300000.00,241000.00,285000.00,103000.00
1110000.00,151000.00,382000.00,59500.00,522000.00,258000.00,260000.00,85300.00,1640000.00,411000.00,293000.00,91200.00
67900.00,365000.00,597000.00,121000.00,185000.00,80700.00,1450000.00,5210000.00,1710000.00,163000.00,2230000.00,136000.00
950000.00,174000.00,658000.00,98900.00,312000.00,108000.00,91800.00,37500.00,550000.00,161000.00,129000.00,59500.00
1390000.00,336000.00,149000.00,58000.00,458000.00,184000.00,143000.00,634000.00,613000.00,296000.00,187000.00,728000.00
279000.00,97700.00,1510000.00,345000.00,181000.00,793000.00,54700.00,293000.00,430000.00,83700.00,348000.00,997000.00
1190000.00,261000.00,522000.00,184000.00,1540000.00,454000.00,67300.00,274000.00,110000.00,725000.00,820000.00,231000.00
45000.00,373000.00,4860000.00,1450000.00,554000.00,29300.00,649000.00,2930000.00,1770000.00,538000.00,1070000.00,419000.00
56600.00,1010000.00,199000.00,90400.00,247000.00,1610000.00,137000.00,297000.00,423000.00,97100.00,1050000.00,2910000.00
194000.00,660000.00,15400.00,194000.00,123000.00,526000.00,524000.00,221000.00,419000.00,133000.00,524000.00,175000.00
972000.00,302000.00,317000.00,114000.00,457000.00,91700.00,600000.00,256000.00,1560000.00,386000.00,472000.00,52100.00
380000.00,1330000.00,76900.00,32100.00,314000.00,98000.00,707000.00,3330000.00,1200000.00,498000.00,796000.00,328000.00
4130000.00,1880000.00,51800.00,135000.00,122000.00,289000.00,1120000.00,144000.00,1440000.00,303000.00,619000.00,1370000.00
644000.00,268000.00,371000.00,1260000.00,89300.00,322000.00,639000.00,152000.00,219000.00,2340000.00,335000.00,1560000.00
937000.00,304000.00,718000.00,134000.00,2170000.00,411000.00,674000.00,132000.00,2830000.00,678000.00,252000.00,1390000.00
60000.00,232000.00,283000.00,137000.00,983000.00,2420000.00,390000.00,127000.00,723000.00,2590000.00,1700000.00,379000.00
595000.00,284000.00,3210000.00,707000.00,8730000.00,4300000.00,611000.00,219000.00,210000.00,708000.00,1530000.00,6000000.00
286000.00,638000.00,229000.00,639000.00,787000.00,161000.00,6310000.00,287000.00,3050000.00,1280000.00,461000.00,2480000.00
473000.00,223000.00,166000.00,390000.00,304000.00,83700.00,1870000.00,629000.00,1940000.00,376000.00,313000.00,917000.00
7360000.00,3600000.00,193000.00,397000.00,2010000.00,538000.00,225000.00,743000.00,447000.00,2230000.00,1180000.00,126000.00
277000.00,949000.00,876000.00,428000.00,91000.00,213000.00,657000.00,1940000.00,1850000.00,660000.00,236000.00,737000.00
111000.00,600000.00,118000.00,330000.00,609000.00,97100.00,81000.00,597000.00,191000.00,61600.00,1750000.00,104000.00
934000.00,254000.00,303000.00,6310000.00,876000.00,133000.00,535000.00,1710000.00,142000.00,24300.00,246000.00,3030000.00
424000.00,153000.00,645000.00,233000.00,1050000.00,498000.00,230000.00,1360000.00,1710000.00,437000.00,4830000.00,13500000.00
5520000.00,2130000.00,3250000.00,657000.00,1070000.00,303000.00,1030000.00,2720000.00,1360000.00,295000.00,3470000.00,505000.00
590000.00,178000.00,319000.00,88200.00,537000.00,2340000.00,122000.00,303000.00,715000.00,1800000.00,460000.00,139000.00
277000.00,949000.00,130000.00,38900.00,3350000.00,678000.00,421000.00,1900000.00,1170000.00,197000.00,5000000.00,2050000.00
765000.00,253000.00,891000.00,355000.00,3760000.00,1280000.00,704000.00,1550000.00,940000.00,187000.00,341000.00,1500000.00
117000.00,518000.00,66600.00,222000.00,375000.00,1160000.00,222000.00,446000.00,575000.00,154000.00,209000.00,4330000.00
116000.00,255000.00,1470000.00,230000.00,3250000.00,376000.00,748000.00,302000.00,575000.00,154000.00,180000.00,1950000.00
9600000.00,3420000.00,2840000.00,1030000.00,213000.00,61600.00,126000.00,437000.00,741000.00,237000.00,514000.00,154000.00
121000.00,2220000.00,376000.00,135000.00,155000.00,24300.00,151000.00,575000.00,288000.00,124000.00,3560000.00,315000.00
759000.00,260000.00,251000.00,122000.00,314000.00,98000.00,387000.00,1430000.00,92700.00,449000.00,39000.00,110000.00
155000.00,57500.00,1480000.00,421000.00,1680000.00,142000.00,151000.00,575000.00,364000.00,114000.00,345000.00,5530000.00
473000.00,167000.00,510000.00,248000.00,334000.00,113000.00,6820000.00,3390000.00,746000.00,257000.00,327000.00,149000.00
335000.00,70500.00,55000.00,385000.00,1810000.00,768000.00,3090000.00,1370000.00,5080000.00,830000.00,2970000.00,290000.00
741000.00,201000.00,768000.00,222000.00,212000.00,554000.00,619000.00,158000.00,935000.00,247000.00,1940000.00,4090000.00
164000.00,564000.00,200000.00,851000.00,101000.00,216000.00,1590000.00,4050000.00,447000.00,2230000.00,166000.00,66200.00
109000.00,728000.00,435000.00,159000.00,1010000.00,187000.00,760000.00,2710000.00,360000.00,129000.00,13900000.00,3310000.00
4130000.00,1880000.00,334000.00,748000.00,175000.00,524000.00,373000.00,784000.00,1510000.00,348000.00,818000.00,2840000.00
1070000.00,2840000.00,799000.00,3360000.00,945000.00,130000.00,140000.00,429000.00,1040000.00,439000.00,150000.00,56700.00
219000.00,79700.00,2290000.00,1120000.00,502000.00,154000.00,35700.00,455000.00,457000.00,97100.00,827000.00,131000.00
1090000.00,161000.00,429000.00,126000.00,502000.00,154000.00,197000.00,72400.00,501000.00,155000.00,820000.00,170000.00
93000.00,504000.00,102000.00,361000.00,1440000.00,3290000.00,1080000.00,426000.00,2250000.00,884000.00,388000.00,2600000.00
141000.00,21000.00,502000.00,151000.00,229000.00,537000.00,1720000.00,717000.00,960000.00,4630000.00,67500.00,632000.00
299000.00,117000.00,1180000.00,387000.00,832000.00,237000.00,59500.00,360000.00,1460000.00,660000.00,128000.00,279000.00
581000.00,1270000.00,502000.00,151000.00,237000.00,499000.00,334000.00,738000.00,312000.00,993000.00,3600000.00,10800000.00
1090000.00,385000.00,3320000.00,6820000.00,381000.00,124000.00,1140000.00,284000.00,800000.00,1630000.00,88000.00,683000.00
82700.00,368000.00,1430000.00,3090000.00,913000.00,408000.00,86700.00,36300.00,157000.00,480000.00,2470000.00,6420000.00
342000.00,169000.00,215000.00,619000.00,2220000.00,815000.00,178000.00,1280000.00,367000.00,25600.00,90100.00,544000.00
356000.00,165000.00,2220000.00,760000.00,1360000.00,257000.00,710000.00,1650000.00,4730000.00,1530000.00,971000.00,2500000.00
483000.00,217000.00,757000.00,35700.00,4340000.00,1080000.00,140000.00,661000.00,755000.00,15100000.00,59900.00,238000.00
390000.00,159000.00,224000.00,1080000.00,3100000.00,830000.00,52100.00,323000.00,18000.00,238000.00,225000.00,498000.00
1220000.00,379000.00,390000.00,194000.00,62700.00,285000.00,493000.00,102000.00,2380000.00,1100000.00,717000.00,9150000.00
61700.00,321000.00,777000.00,338000.00,3890000.00,327000.00,68600.00,190000.00,173000.00,1090000.00,171000.00,66000.00
569000.00,261000.00,313000.00,728000.00,382000.00,129000.00,927000.00,1890000.00,592000.00,247000.00,1030000.00,5470000.00
62900.00,338000.00,151000.00,778000.00,2080000.00,348000.00,112000.00,501000.00,1810000.00,674000.00,81900.00,1130000.00
60000.00,232000.00,2080000.00,997000.00,1470000.00,439000.00,62400.00,154000.00,760000.00,325000.00,85000.00,281000.00
266000.00,577000.00,753000.00,231000.00,175000.00,524000.00,452000.00,931000.00,2990000.00,373000.00,289000.00,615000.00
101000.00,44300.00,475000.00,975000.00,13100000.00,6140000.00,918000.00,2060000.00,172000.00,1010000.00,679000.00,270000.00
144000.00,843000.00,218000.00,1140000.00,107000.00,44400.00,1030000.00,2720000.00,516000.00,1910000.00,154000.00,840000.00
211000.00,865000.00,1050000.00,60300.00,1000000.00,2350000.00,87100.00,290000.00,2910000.00,1330000.00,234000.00,1050000.00
300000.00,73900.00,61700.00,371000.00,1150000.00,445000.00,1560000.00,647000.00,106000.00,286000.00,1560000.00,161000.00
1100000.00,74500.00,1310000.00,178000.00,5920000.00,1280000.00,557000.00,278000.00,895000.00,3470000.00,271000.00,1140000.00
213000.00,458000.00,495000.00,52100.00,263000.00,74900.00,2370000.00,800000.00,171000.00,574000.00,145000.00,407000.00
277000.00,949000.00,401000.00,141000.00,919000.00,305000.00,1390000.00,497000.00,1880000.00,5000000.00,77100.00,34300.00
277000.00,949000.00,361000.00,41100.00,708000.00,2000000.00,1950000.00,348000.00,2140000.00,209000.00,599000.00,170000.00
674000.00,1740000.00,193000.00,68600.00,305000.00,25600.00,204000.00,557000.00,2120000.00,722000.00,2680000.00,1270000.00
277000.00,949000.00,407000.00,112000.00,904000.00,252000.00,728000.00,1810000.00,2880000.00,345000.00,338000.00,166000.00
133000.00,23900.00,2010000.00,918000.00,835000.00,1700000.00,104000.00,1230000.00,324000.00,141000.00,1770000.00,870000.00
1160000.00,345000.00,2840000.00,1030000.00,5250000.00,1530000.00,5440000.00,1840000.00,2580000.00,327000.00,1230000.00,378000.00
2230000.00,9060000.00,173000.00,389000.00,282000.00,86200.00,329000.00,760000.00,3960000.00,1940000.00,110000.00,1380000.00
716000.00,357000.00,498000.00,198000.00,366000.00,15100000.00,2540000.00,175000.00,501000.00,155000.00,2940000.00,804000.00
73400.00,157000.00,482000.00,228000.00,85900.00,1090000.00,1040000.00,2990000.00,600000.00,166000.00,507000.00,154000.00
45600.00,103000.00,867000.00,281000.00,602000.00,247000.00,1130000.00,2910000.00,86000.00,11200.00,339000.00,126000.00
73700.00,153000.00,305000.00,7620.00,1030000.00,236000.00,487000.00,142000.00,1900000.00,13900000.00,406000.00,3900000.00
812000.00,276000.00,720000.00,285000.00,9690000.00,4320000.00,152000.00,71900.00,26900.00,63400.00,2570000.00,288000.00
748000.00,253000.00,15400.00,194000.00,172000.00,68900.00,76500.00,644000.00,617000.00,67500.00,77900.00,1150000.00
123000.00,49300.00,1970000.00,143000.00,279000.00,118000.00,1370000.00,331000.00,805000.00,128000.00,3390000.00,13500000.00
277000.00,949000.00,232000.00,661000.00,1190000.00,272000.00,1170000.00,3180000.00,247000.00,88000.00,2730000.00,1220000.00
641000.00,319000.00,1110000.00,126000.00,789000.00,65300.00,239000.00,1320000.00,181000.00,87800.00,212000.00,4880000.00
457000.00,153000.00,348000.00,737000.00,56600.00,630000.00,94400.00,41600.00,1030000.00,173000.00,118000.00,308000.00
428000.00,1320000.00,1140000.00,104000.00,1220000.00,3470000.00,1950000.00,163000.00,134000.00,307000.00,239000.00,110000.00
81000.00,38300.00,67900.00,646000.00,972000.00,106000.00,400000.00,820000.00,2310000.00,244000.00,56200.00,454000.00
56200.00,130000.00,142000.00,438000.00,4130000.00,1940000.00,110000.00,298000.00,583000.00,90100.00,270000.00,1120000.00
558000.00,243000.00,1960000.00,5440000.00,60000.00,259000.00,152000.00,406000.00,167000.00,390000.00,2690000.00,988000.00
4130000.00,1880000.00,1390000.00,360000.00,595000.00,242000.00,175000.00,715000.00,235000.00,710000.00,1880000.00,6560000.00
603000.00,293000.00,3220000.00,1040000.00,3600000.00,345000.00,1260000.00,585000.00,551000.00,244000.00,1600000.00,430000.00
275000.00,566000.00,172000.00,35100.00,498000.00,141000.00,149000.00,2580000.00,1410000.00,418000.00,681000.00,2230000.00
345000.00,142000.00,1190000.00,139000.00,3890000.00,327000.00,918000.00,2060000.00,24000000.00,2350000.00,92300.00,524000.00
561000.00,239000.00,510000.00,248000.00,662000.00,2970000.00,72700.00,1120000.00,3380000.00,1030000.00,83000.00,25800.00
296000.00,52500.00,194000.00,658000.00,407000.00,155000.00,765000.00,215000.00,728000.00,81900.00,121000.00,31100.00
385000.00,68300.00,292000.00,101000.00,25300.00,63400.00,675000.00,235000.00,167000.00,491000.00,1810000.00,500000.00
470000.00,1250000.00,49600.00,152000.00,934000.00,108000.00,66200.00,600000.00,335000.00,85000.00,161000.00,742000.00
207000.00,43400.00,551000.00,76500.00,298000.00,1280000.00,4880000.00,2130000.00,2120000.00,722000.00,498000.00,2560000.00
852000.00,141000.00,601000.00,120000.00,2080000.00,818000.00,305000.00,645000.00,122000.00,275000.00,3020000.00,6820000.00
567000.00,192000.00,525000.00,1370000.00,419000.00,178000.00,451000.00,200000.00,477000.00,145000.00,379000.00,1390000.00
121000.00,293000.00,118000.00,330000.00,1940000.00,388000.00,170000.00,1350000.00,237000.00,112000.00,639000.00,1990000.00
559000.00,138000.00,204000.00,951000.00,1770000.00,248000.00,1080000.00,270000.00,966000.00,433000.00,123000.00,2730000.00
172000.00,55700.00,942000.00,2110000.00,663000.00,128000.00,2740000.00,940000.00,358000.00,169000.00,154000.00,1740000.00
859000.00,144000.00,239000.00,66400.00,472000.00,88000.00,279000.00,805000.00,649000.00,199000.00,46200.00,215000.00
589000.00,101000.00,2950000.00,1170000.00,1240000.00,173000.00,513000.00,186000.00,250000.00,77900.00,2830000.00,5980000.00
1190000.00,395000.00,819000.00,239000.00,151000.00,307000.00,531000.00,168000.00,2580000.00,327000.00,368000.00,768000.00
611000.00,194000.00,896000.00,304000.00,374000.00,90100.00,511000.00,1160000.00,73800.00,155000.00,1280000.00,377000.00
337000.00,1640000.00,104000.00,1950000.00,242000.00,1380000.00,659000.00,1740000.00,741000.00,1770000.00,316000.00,126000.00
490000.00,191000.00,1220000.00,571000.00,742000.00,114000.00,683000.00,247000.00,822000.00,110000.00,12100000.00,25000000.00
218000.00,72700.00,81600.00,690000.00,1290000.00,435000.00,6420000.00,2700000.00,1740000.00,282000.00,552000.00,1960000.00
231000.00,464000.00,670000.00,152000.00,544000.00,244000.00,443000.00,1090000.00,181000.00,87800.00,174000.00,2440000.00
278000.00,102000.00,127000.00,543000.00,1400000.00,418000.00,1110000.00,340000.00,1120000.00,534000.00,298000.00,623000.00
1280000.00,5070000.00,826000.00,175000.00,4130000.00,1940000.00,180000.00,374000.00,630000.00,12900.00,2320000.00,8360000.00
169000.00,568000.00,278000.00,633000.00,1050000.00,293000.00,1500000.00,738000.00,213000.00,77900.00,38400.00,177000.00
1030000.00,363000.00,371000.00,1260000.00,116000.00,491000.00,675000.00,235000.00,229000.00,654000.00,504000.00,1920000.00
1180000.00,3560000.00,5800000.00,2450000.00,457000.00,1200000.00,304000.00,852000.00,589000.00,219000.00,135000.00,960000.00
253000.00,629000.00,2010000.00,918000.00,332000.00,679000.00,489000.00,133000.00,1980000.00,212000.00,98000.00,226000.00
203000.00,69000.00,261000.00,675000.00,1390000.00,325000.00,545000.00,2050000.00,1120000.00,3320000.00,146000.00,456000.00
1430000.00,708000.00,260000.00,56000.00,408000.00,154000.00,988000.00,399000.00,1960000.00,270000.00,107000.00,362000.00
311000.00,709000.00,662000.00,290000.00,604000.00,145000.00,522000.00,1410000.00,52900.00,2760000.00,31600.00,594000.00
594000.00,284000.00,165000.00,57700.00,19400.00,111000.00,679000.00,201000.00,379000.00,101000.00,495000.00,6300000.00
52900.00,149000.00,143000.00,59000.00,923000.00,433000.00,162000.00,564000.00,284000.00,1270000.00,293000.00,620000.00
557000.00,217000.00,934000.00,157000.00,347000.00,77900.00,105000.00,292000.00,769000.00,1600000.00,2090000.00,5960000.00
81800.00,27400.00,176000.00,451000.00,27700.00,89700.00,101000.00,331000.00,1600000.00,681000.00,1370000.00,3220000.00
1920000.00,4840000.00,350000.00,167000.00,336000.00,143000.00,1240000.00,235000.00,1480000.00,590000.00,5640000.00,2320000.00
917000.00,141000.00,438000.00,176000.00,109000.00,481000.00,63500.00,360000.00,1810000.00,134000.00,268000.00,715000.00
651000.00,251000.00,419000.00,191000.00,857000.00,1770000.00,615000.00,252000.00,116000.00,267000.00,167000.00,588000.00
923000.00,384000.00,1390000.00,170000.00,1600000.00,110000.00,31800.00,110000.00,44300.00,203000.00,146000.00,56500.00
166000.00,417000.00,173000.00,77300.00,581000.00,2940000.00,505000.00,1420000.00,615000.00,107000.00,105000.00,958000.00
107000.00,1820000.00,663000.00,279000.00,840000.00,339000.00,360000.00,97200.00,57900.00,223000.00,2000000.00,79500.00
335000.00,70500.00,759000.00,361000.00,1090000.00,212000.00,266000.00,883000.00,2660000.00,9110000.00,260000.00,126000.00
706000.00,1490000.00,2030000.00,659000.00,1350000.00,534000.00,1140000.00,284000.00,52900.00,2760000.00,127000.00,47900.00
159000.00,78700.00,1240000.00,611000.00,1120000.00,2570000.00,34300.00,90500.00,800000.00,220000.00,1080000.00,3570000.00
319000.00,4800000.00,2390000.00,6420000.00,371000.00,77900.00,133000.00,31000.00,1890000.00,412000.00,262000.00,837000.00
166000.00,1880000.00,1180000.00,228000.00,183000.00,56200.00,1030000.00,2720000.00,597000.00,75000.00,689000.00,1600000.00
649000.00,175000.00,121000.00,3640000.00,49600.00,2760000.00,252000.00,649000.00,1220000.00,2830000.00,154000.00,722000.00
252000.00,83100.00,119000.00,51200.00,134000.00,57100.00,918000.00,2060000.00,1510000.00,498000.00,98900.00,539000.00
98200.00,1090000.00,261000.00,675000.00,1500000.00,681000.00,149000.00,2580000.00,1330000.00,123000.00,80000.00,534000.00
201000.00,660000.00,31400.00,238000.00,1250000.00,590000.00,1210000.00,483000.00,2840000.00,154000.00,1740000.00,750000.00
89300.00,413000.00,753000.00,231000.00,2820000.00,794000.00,596000.00,90000.00,1380000.00,12000000.00,1660000.00,734000.00
166000.00,454000.00,1910000.00,545000.00,527000.00,150000.00,264000.00,721000.00,161000.00,46200.00,70000.00,969000.00
175000.00,30200.00,189000.00,514000.00,2680000.00,7920000.00,1320000.00,3330000.00,1130000.00,243000.00,203000.00,32500.00
200000.00,888000.00,389000.00,191000.00,17400.00,83000.00,3900000.00,708000.00,6360000.00,2830000.00,738000.00,2400000.00
356000.00,165000.00,1400000.00,522000.00,2110000.00,134000.00,389000.00,1320000.00,217000.00,45100.00,216000.00,502000.00
300000.00,73900.00,224000.00,1210000.00,349000.00,164000.00,111000.00,317000.00,266000.00,112000.00,1050000.00,2710000.00
205000.00,481000.00,40000000.00,10800000.00,174000.00,75700.00,84800.00,368000.00,940000.00,187000.00,51800.00,286000.00
424000.00,92600.00,109000.00,1130000.00,1210000.00,2470000.00,197000.00,589000.00,710000.00,218000.00,1720000.00,477000.00
2520000.00,1240000.00,333000.00,101000.00,584000.00,216000.00,4880000.00,1980000.00,2880000.00,937000.00,348000.00,94400.00
93700.00,340000.00,831000.00,414000.00,471000.00,220000.00,556000.00,159000.00,615000.00,4010000.00,300000.00,1480000.00
93600.00,438000.00,303000.00,63500.00,272000.00,708000.00,1330000.00,4950000.00,730000.00,128000.00,513000.00,1750000.00
567000.00,1780000.00,214000.00,615000.00,412000.00,42500.00,234000.00,1080000.00,1840000.00,615000.00,534000.00,120000.00
5800000.00,2680000.00,831000.00,155000.00,101000.00,203000.00,6560000.00,1630000.00,334000.00,672000.00,22900.00,226000.00
680000.00,2060000.00,1390000.00,505000.00,624000.00,182000.00,744000.00,306000.00,1020000.00,504000.00,125000.00,301000.00
598000.00,266000.00,720000.00,266000.00,360000.00,178000.00,477000.00,1460000.00,615000.00,107000.00,555000.00,1280000.00
831000.00,116000.00,807000.00,161000.00,604000.00,251000.00,1080000.00,2320000.00,1220000.00,2810000.00,557000.00,2700000.00
1260000.00,4140000.00,218000.00,1140000.00,49600.00,2760000.00,47600.00,131000.00,292000.00,109000.00,8940000.00,636000.00
1140000.00,552000.00,79500.00,34300.00,192000.00,84100.00,74100.00,212000.00,1610000.00,495000.00,620000.00,212000.00
248000.00,113000.00,130000.00,272000.00,1130000.00,235000.00,334000.00,1320000.00,317000.00,105000.00,289000.00,97200.00
840000.00,347000.00,19400.00,133000.00,983000.00,220000.00,98300.00,251000.00,582000.00,190000.00,585000.00,1260000.00
198000.00,455000.00,2840000.00,1030000.00,1860000.00,412000.00,25800.00,68600.00,4010000.00,1370000.00,296000.00,595000.00
672000.00,239000.00,2010000.00,918000.00,519000.00,256000.00,1510000.00,3890000.00,934000.00,147000.00,92100.00,42900.00
921000.00,11200000.00,27700.00,195000.00,1020000.00,2830000.00,120000.00,390000.00,503000.00,132000.00,580000.00,88200.00
302000.00,145000.00,542000.00,2180000.00,499000.00,3040000.00,1890000.00,703000.00,1530000.00,105000.00,362000.00,1010000.00
3980000.00,16000000.00,219000.00,103000.00,995000.00,3470000.00,173000.00,409000.00,253000.00,2210000.00,113000.00,266000.00
483000.00,38200.00,997000.00,471000.00,2120000.00,123000.00,40000.00,455000.00,95900.00,35600.00,187000.00,860000.00
2930000.00,7690000.00,210000.00,80300.00,3370000.00,154000.00,356000.00,1030000.00,551000.00,1490000.00,850000.00,3090000.00
624000.00,185000.00,1700000.00,692000.00,152000.00,46200.00,634000.00,1890000.00,1910000.00,513000.00,763000.00,373000.00
525000.00,228000.00,3890000.00,149000.00,869000.00,243000.00,1150000.00,526000.00,3090000.00,1080000.00,272000.00,1470000.00
153000.00,329000.00,270000.00,752000.00,6140000.00,2830000.00,118000.00,261000.00,327000.00,669000.00,830000.00,1900000.00
260000.00,1860000.00,1150000.00,320000.00,655000.00,38300.00,6820000.00,3390000.00,1960000.00,875000.00,1150000.00,3450000.00
1860000.00,363000.00,1890000.00,896000.00,322000.00,45100.00,131000.00,358000.00,798000.00,262000.00,74900.00,301000.00
69200.00,388000.00,191000.00,76100.00,261000.00,112000.00,2730000.00,1330000.00,630000.00,12900.00,2000000.00,88700.00
1140000.00,566000.00,277000.00,131000.00,621000.00,2490000.00,6450000.00,1380000.00,1940000.00,376000.00,993000.00,487000.00
446000.00,183000.00,99500.00,596000.00,1010000.00,187000.00,41100.00,97000.00,191000.00,61600.00,101000.00,737000.00
43600.00,260000.00,299000.00,99300.00,134000.00,1210000.00,575000.00,2320000.00,113000.00,2430000.00,1190000.00,5440000.00
281000.00,129000.00,657000.00,264000.00,2510000.00,970000.00,1460000.00,584000.00,940000.00,187000.00,438000.00,145000.00
931000.00,436000.00,74100.00,155000.00,403000.00,1260000.00,379000.00,103000.00,515000.00,98900.00,219000.00,487000.00
205000.00,481000.00,2830000.00,1320000.00,219000.00,970000.00,119000.00,560000.00,2940000.00,1190000.00,356000.00,1370000.00
121000.00,277000.00,1020000.00,461000.00,192000.00,84100.00,377000.00,1860000.00,602000.00,138000.00,128000.00,951000.00
197000.00,438000.00,342000.00,111000.00,2920000.00,615000.00,2760000.00,1280000.00,516000.00,80000.00,5020000.00,2230000.00
668000.00,2550000.00,421000.00,197000.00,133000.00,38400.00,169000.00,450000.00,1830000.00,359000.00,828000.00,72700.00
,,3.42E+05,6.76E+04,2.81E+05,9.12E+04,1.61E+05,2.47E+06,1.93E+05,1.11E+06,5.06E+06,2.05E+06
,,4.71E+06,1.33E+06,2.23E+06,5.96E+06,7.98E+05,3.72E+05,1.85E+06,6.60E+05,1.35E+05,5.31E+05
,,6.17E+04,3.71E+05,3.14E+05,9.80E+04,5.08E+05,1.99E+05,4.93E+06,3.45E+05,3.08E+05,8.89E+05
,,6.94E+05,1.93E+05,3.43E+05,1.46E+05,1.33E+06,4.97E+05,5.61E+06,1.89E+06,1.88E+06,1.76E+05
,,4.19E+05,1.91E+05,6.51E+05,1.64E+05,2.44E+06,4.15E+05,1.87E+06,7.38E+05,2.02E+05,6.79E+05
,,1.30E+05,2.72E+05,4.31E+05,1.07E+05,5.70E+04,2.60E+05,8.84E+05,2.09E+05,1.82E+05,4.76E+05
,,3.93E+06,8.06E+06,1.10E+05,2.85E+05,6.23E+05,3.01E+05,1.08E+06,3.50E+05,1.81E+05,6.35E+04
,,1.98E+06,4.77E+05,2.35E+06,4.95E+05,7.33E+04,3.12E+05,1.14E+06,1.60E+05,1.03E+05,3.18E+04
,,2.82E+06,1.08E+06,3.34E+05,1.52E+05,1.77E+05,2.39E+04,5.70E+05,5.18E+04,2.48E+05,1.11E+06
,,2.70E+05,7.52E+05,5.18E+05,1.90E+05,1.04E+05,6.12E+05,3.90E+05,8.42E+05,1.32E+05,3.60E+05
,,1.12E+05,4.76E+04,4.10E+06,1.37E+06,5.03E+05,1.05E+06,1.91E+06,5.13E+05,1.52E+05,3.87E+05
,,2.88E+05,7.41E+04,2.40E+05,1.15E+05,3.79E+05,1.03E+05,2.57E+05,8.31E+04,1.55E+05,5.42E+04
,,3.72E+05,1.27E+06,4.20E+04,1.46E+05,9.11E+04,2.81E+05,5.25E+05,1.25E+05,6.81E+05,1.08E+05
,,5.27E+05,9.83E+04,2.15E+06,1.05E+06,7.72E+04,1.82E+05,7.81E+04,1.93E+05,2.85E+06,1.11E+06
,,7.17E+05,3.24E+05,3.14E+05,2.44E+06,1.05E+05,2.92E+05,8.04E+05,8.94E+06,6.13E+04,6.54E+05
,,5.84E+05,2.59E+05,2.69E+06,1.12E+06,6.30E+06,1.61E+06,3.36E+05,1.37E+05,1.10E+06,3.24E+05
,,6.24E+05,5.81E+04,8.12E+05,1.32E+05,1.21E+06,1.26E+05,1.65E+06,4.54E+05,2.61E+05,7.55E+05
,,3.21E+06,1.51E+06,1.03E+06,3.38E+06,1.24E+06,3.94E+06,1.92E+05,5.26E+05,2.47E+06,1.18E+06
,,7.36E+04,4.61E+05,2.78E+05,3.82E+04,4.75E+05,2.04E+06,1.35E+06,5.23E+05,4.57E+06,1.51E+05
,,5.29E+04,1.54E+05,7.74E+04,2.00E+06,2.46E+05,1.04E+05,2.69E+04,2.02E+05,1.79E+05,8.50E+05
,,3.48E+05,7.42E+05,8.99E+04,3.56E+04,9.00E+04,3.36E+05,5.27E+05,2.16E+05,2.00E+05,4.38E+05
,,6.97E+05,3.38E+05,6.53E+05,1.49E+06,3.09E+05,9.34E+05,1.01E+05,1.77E+06,1.77E+05,5.67E+05
,,8.18E+04,3.85E+04,2.98E+06,5.13E+05,1.58E+06,5.51E+05,3.71E+06,8.69E+05,1.72E+06,2.95E+05
,,5.21E+05,1.73E+05,2.56E+05,1.27E+05,7.15E+05,2.76E+05,2.35E+05,8.89E+05,3.47E+06,5.05E+05
,,1.92E+05,7.57E+04,2.92E+06,1.08E+06,1.90E+05,5.35E+05,7.02E+05,1.90E+05,1.57E+06,3.24E+05
,,1.13E+06,3.56E+05,2.35E+06,8.75E+05,1.99E+06,3.13E+05,7.27E+04,2.47E+05,1.83E+05,9.95E+05
,,9.83E+05,2.59E+05,8.44E+05,2.62E+05,1.27E+05,3.49E+05,7.18E+05,2.91E+05,3.65E+05,6.32E+04
,,3.30E+06,1.19E+06,9.79E+05,1.29E+04,1.14E+06,3.84E+05,7.52E+04,2.85E+05,1.49E+06,1.76E+05
,,3.16E+05,7.80E+04,3.25E+06,3.76E+05,1.32E+05,5.66E+05,2.58E+06,3.27E+05,1.33E+06,2.90E+05
,,1.17E+06,8.10E+04,2.13E+05,6.16E+04,1.30E+06,2.53E+05,5.89E+06,1.28E+06,1.75E+06,8.39E+05
,,4.61E+05,2.45E+06,4.96E+05,9.89E+04,8.24E+04,3.38E+05,2.19E+05,7.49E+04,1.87E+05,8.60E+05
,,3.32E+06,6.82E+06,2.52E+06,1.19E+06,4.16E+05,1.29E+05,1.78E+05,2.00E+06,3.63E+05,1.07E+06
,,9.62E+04,3.78E+04,1.74E+05,7.57E+04,1.76E+05,5.51E+05,5.57E+05,1.52E+05,1.07E+05,2.16E+05
,,3.89E+05,1.31E+05,5.25E+05,1.38E+05,1.26E+05,2.70E+05,2.90E+05,1.18E+06,2.96E+05,1.30E+05
,,2.68E+05,6.32E+05,1.83E+05,4.36E+05,3.69E+05,1.27E+05,5.28E+05,1.01E+05,1.89E+05,1.81E+06
,,3.00E+05,1.12E+05,1.80E+06,3.59E+05,2.55E+06,6.57E+06,2.68E+05,1.17E+06,9.66E+05,2.96E+06
,,2.24E+06,5.75E+05,2.31E+06,6.60E+05,1.87E+06,1.04E+05,1.72E+06,5.02E+06,5.44E+07,9.90E+05
,,1.31E+06,1.78E+05,3.48E+06,1.16E+06,3.56E+05,7.33E+05,2.35E+05,7.10E+05,1.50E+06,4.72E+05
,,1.66E+05,7.18E+05,1.92E+05,7.00E+04,1.31E+06,2.92E+06,2.06E+06,4.37E+06,4.80E+05,3.80E+06
,,6.55E+05,1.46E+06,5.62E+04,2.03E+05,1.08E+06,3.27E+05,2.20E+05,5.26E+05,4.31E+05,4.25E+06
,,5.15E+05,8.45E+04,4.59E+06,1.89E+06,1.84E+05,1.29E+06,3.92E+05,8.42E+05,8.31E+04,2.27E+05
,,3.22E+05,1.14E+05,8.89E+05,1.28E+05,1.37E+06,3.31E+05,5.16E+05,1.91E+06,6.66E+06,2.92E+05
,,5.87E+05,1.73E+05,1.90E+06,8.23E+05,5.25E+05,2.32E+05,1.65E+06,4.35E+05,3.02E+05,1.01E+05
,,4.85E+05,1.19E+05,1.12E+06,3.50E+05,6.57E+05,1.94E+06,7.18E+05,2.91E+05,8.01E+04,8.06E+06
,,8.72E+05,2.51E+05,1.02E+06,1.60E+05,1.83E+05,1.32E+06,4.18E+05,2.05E+05,3.00E+05,1.16E+06
,,2.17E+05,1.06E+05,4.70E+05,5.18E+04,1.15E+06,4.04E+05,7.97E+05,2.48E+05,9.78E+05,2.26E+07
,,6.53E+05,2.29E+05,2.37E+04,5.87E+04,1.79E+05,6.02E+05,1.06E+06,2.68E+06,8.77E+05,5.84E+06
,,5.94E+04,1.60E+06,2.38E+06,3.18E+05,1.51E+06,2.12E+05,1.02E+05,3.38E+05,1.72E+06,3.84E+06
,,2.41E+06,1.61E+05,6.10E+05,1.93E+05,5.25E+05,2.32E+05,2.14E+05,5.62E+04,9.72E+04,5.89E+05
,,2.17E+05,5.08E+05,2.43E+05,5.98E+05,2.67E+05,2.11E+06,1.23E+06,6.13E+04,1.89E+05,4.83E+05
,,1.92E+05,7.57E+04,2.98E+06,5.13E+05,8.57E+04,2.90E+05,7.03E+05,1.66E+06,5.58E+04,2.23E+05
,,2.92E+06,1.23E+06,2.36E+05,7.32E+05,2.22E+06,9.24E+05,2.91E+05,7.08E+05,1.93E+05,4.13E+05
,,1.25E+06,5.94E+05,7.41E+05,2.02E+05,1.02E+05,3.77E+05,1.32E+05,4.57E+06,3.92E+06,1.24E+06
,,3.90E+05,1.04E+05,1.66E+05,5.37E+04,2.16E+05,7.09E+04,4.42E+04,1.18E+05,2.32E+06,4.77E+06
,,9.13E+05,1.92E+06,7.78E+04,2.55E+05,7.34E+05,1.70E+06,8.95E+05,3.47E+06,8.58E+06,1.44E+06
,,9.06E+04,3.79E+05,1.51E+06,1.78E+05,3.25E+04,1.30E+05,6.18E+05,1.26E+06,1.22E+06,1.34E+07
,,2.75E+05,9.11E+04,9.64E+05,3.00E+05,5.52E+05,1.72E+06,7.18E+05,2.91E+05,1.10E+06,8.63E+04
,,4.73E+05,1.18E+06,1.49E+06,8.94E+06,3.74E+05,8.84E+05,9.36E+05,2.74E+06,1.76E+06,2.62E+05
,,2.22E+05,7.48E+04,3.19E+05,1.37E+05,6.59E+05,1.74E+06,3.45E+05,1.35E+05,1.83E+05,6.58E+04
,,1.91E+05,7.61E+04,1.28E+05,1.04E+06,1.19E+05,5.60E+05,1.19E+05,2.85E+05,2.95E+05,2.24E+06
,,1.10E+05,2.46E+05,3.16E+06,3.04E+05,6.86E+05,1.62E+06,4.05E+04,1.46E+05,5.62E+06,1.18E+07
,,2.29E+05,9.00E+04,1.19E+06,5.23E+05,3.56E+05,8.83E+05,3.13E+05,2.44E+06,4.50E+06,1.98E+06
,,7.37E+04,2.13E+05,1.52E+05,7.35E+05,6.40E+04,1.48E+05,5.32E+04,2.24E+05,1.97E+05,9.43E+05
,,2.94E+05,1.58E+06,3.20E+04,2.02E+05,9.29E+06,2.55E+06,9.87E+05,3.65E+05,1.03E+06,1.17E+07
,,6.60E+05,3.07E+05,8.59E+05,4.93E+04,4.77E+05,1.26E+06,4.93E+04,1.07E+05,1.06E+05,1.09E+06
,,3.14E+05,1.99E+06,9.42E+05,2.96E+05,1.20E+05,2.56E+05,8.02E+04,2.09E+05,4.30E+05,9.17E+05
,,1.03E+06,5.54E+06,5.75E+05,2.16E+05,4.83E+05,1.25E+06,1.48E+06,3.63E+05,5.60E+06,1.29E+06
,,4.92E+05,1.32E+05,2.82E+05,7.96E+05,3.17E+05,1.00E+06,4.72E+05,1.46E+05,3.39E+05,1.16E+06
,,2.41E+05,8.24E+04,1.80E+05,1.03E+06,1.73E+05,9.19E+05,4.04E+05,1.89E+05,7.36E+06,2.46E+06
,,6.53E+05,1.76E+05,1.67E+04,4.61E+04,2.09E+05,1.45E+06,1.42E+05,1.22E+06,8.72E+05,2.14E+06
,,5.35E+05,2.28E+05,3.53E+06,8.69E+05,9.72E+04,2.25E+05,1.96E+05,8.40E+05,3.28E+05,1.11E+06
,,2.58E+05,1.26E+05,1.52E+06,7.02E+04,1.26E+06,5.85E+05,5.18E+06,9.66E+05,1.67E+06,5.23E+05
,,1.87E+05,5.48E+04,4.34E+05,8.89E+05,3.13E+05,6.56E+05,1.16E+06,5.44E+07,2.86E+05,1.41E+05
,,1.46E+05,6.65E+04,2.29E+06,9.14E+05,4.29E+04,1.12E+05,1.66E+06,8.01E+04,6.61E+04,2.38E+05
,,1.37E+05,3.69E+05,1.50E+06,6.45E+05,8.88E+05,1.79E+06,6.83E+04,3.00E+05,2.58E+07,8.06E+07
,,1.58E+05,5.36E+05,2.90E+05,3.82E+06,2.33E+05,4.70E+05,1.83E+06,3.00E+05,3.37E+05,6.75E+04
,,5.62E+04,2.39E+04,7.22E+05,1.90E+05,8.82E+04,3.90E+05,4.84E+06,1.72E+06,2.84E+05,1.02E+06
,,2.18E+04,1.24E+05,9.55E+05,2.72E+05,2.08E+05,6.87E+05,7.53E+05,4.83E+06,9.40E+05,1.79E+05
,,8.22E+06,2.55E+06,2.43E+05,5.98E+05,1.41E+05,1.01E+06,1.20E+05,3.74E+05,3.62E+05,1.24E+06
,,1.49E+05,9.90E+05,3.61E+05,9.71E+04,6.15E+04,1.37E+05,9.04E+04,1.92E+06,4.57E+05,1.25E+06
,,2.56E+05,4.79E+04,5.64E+05,2.35E+05,1.49E+05,2.58E+06,3.22E+05,5.58E+04,4.07E+06,1.18E+05
,,3.28E+06,1.31E+06,2.05E+05,8.74E+05,1.38E+06,5.07E+06,5.20E+05,1.21E+06,1.43E+06,1.76E+05
,,5.25E+05,1.37E+06,1.98E+05,7.85E+05,1.50E+05,3.20E+05,1.98E+06,2.05E+05,2.55E+05,1.26E+07
,,6.58E+05,2.40E+06,8.64E+05,3.01E+05,3.89E+05,1.32E+06,1.01E+06,8.58E+06,7.69E+05,2.38E+05
,,1.83E+05,5.25E+05,1.97E+06,1.06E+05,2.85E+05,5.79E+05,1.38E+06,5.07E+05,2.66E+06,8.57E+06
,,3.25E+06,6.57E+05,3.36E+05,1.18E+06,3.79E+05,1.40E+06,3.37E+05,7.13E+04,1.75E+06,2.31E+05
,,4.28E+05,1.83E+05,9.50E+05,2.16E+05,1.43E+05,1.78E+06,4.21E+05,2.49E+06,1.40E+06,4.16E+05
,,6.58E+05,2.40E+06,1.40E+06,4.03E+06,5.36E+04,2.54E+05,4.04E+06,2.95E+05,1.17E+05,8.22E+05
,,4.23E+05,1.37E+05,1.54E+05,4.38E+05,1.20E+05,3.45E+05,6.66E+05,1.85E+06,7.91E+05,3.61E+06
,,3.90E+05,1.94E+05,1.94E+05,7.04E+05,5.60E+04,4.22E+05,1.29E+07,5.62E+06,1.12E+05,8.77E+05
,,2.06E+05,4.39E+05,5.64E+05,2.35E+05,1.76E+05,5.04E+05,8.58E+05,1.97E+05,2.24E+05,9.66E+04
,,5.10E+05,1.15E+06,3.80E+05,1.59E+06,2.28E+05,2.31E+06,6.87E+07,1.03E+06,2.96E+06,5.53E+05
,,4.54E+05,1.51E+06,1.95E+06,2.09E+05,1.08E+07,2.40E+07,1.63E+06,4.30E+05,6.02E+04,2.76E+05
,,1.83E+05,5.25E+05,1.91E+06,5.02E+06,4.14E+05,1.02E+06,1.02E+06,2.31E+05,4.02E+04,2.58E+05
,,1.80E+06,3.66E+05,6.70E+05,2.25E+05,6.92E+05,1.69E+06,2.12E+06,5.60E+06,3.38E+06,4.20E+05
,,3.48E+06,1.64E+06,2.29E+06,9.14E+05,1.08E+05,3.09E+05,1.42E+06,6.24E+05,6.76E+05,5.32E+06
,,5.09E+04,2.16E+05,2.61E+05,7.10E+05,1.54E+05,3.85E+05,1.88E+06,5.37E+04,4.54E+05,2.91E+06
,,1.92E+05,9.69E+05,1.50E+06,1.39E+07,1.26E+05,3.47E+05,4.92E+05,1.69E+05,3.92E+06,3.35E+05
,,1.75E+05,8.36E+04,1.68E+04,3.40E+04,8.52E+04,3.68E+05,2.60E+05,5.47E+05,3.07E+06,1.16E+07
,,1.55E+06,5.52E+05,1.17E+05,2.74E+05,1.93E+05,6.49E+05,1.02E+06,3.40E+06,2.39E+06,7.56E+06
,,6.27E+04,2.32E+05,2.61E+05,7.10E+05,3.24E+05,8.58E+05,1.76E+06,6.38E+06,1.86E+06,1.12E+07
,,2.03E+06,6.59E+05,5.08E+04,1.11E+05,2.59E+05,8.00E+05,1.99E+04,3.37E+05,2.39E+05,1.39E+06
,,4.85E+05,1.19E+05,6.10E+05,1.93E+05,1.19E+06,3.24E+06,1.95E+06,2.84E+05,5.26E+05,1.48E+06
,,8.89E+05,4.31E+05,7.41E+05,2.02E+05,2.05E+04,1.17E+05,9.23E+04,2.25E+05,1.52E+06,3.19E+06
,,1.82E+06,6.86E+05,3.94E+05,8.50E+04,8.10E+04,5.97E+05,2.20E+05,1.43E+06,2.39E+05,1.11E+06
,,1.65E+05,5.77E+04,1.49E+06,2.90E+05,1.78E+05,1.28E+06,3.93E+06,2.55E+05,4.71E+05,7.61E+06
,,1.60E+05,6.40E+04,4.15E+05,1.00E+06,3.00E+05,6.43E+05,3.68E+05,7.69E+05,1.80E+06,4.29E+05
,,7.76E+04,3.46E+05,9.58E+05,2.68E+06,2.29E+05,7.10E+05,7.35E+05,1.67E+05,4.90E+06,1.88E+07
,,5.75E+05,1.78E+06,1.23E+05,3.38E+05,6.37E+05,1.83E+06,1.09E+06,4.92E+06,2.41E+05,4.05E+07
,,3.71E+05,7.02E+04,2.66E+06,2.82E+05,6.32E+04,9.87E+05,2.14E+05,5.27E+05,3.11E+06,3.43E+05
,,1.93E+06,4.77E+05,1.43E+06,4.06E+05,1.81E+06,4.04E+05,6.90E+05,2.31E+05,2.84E+05,6.26E+05
,,1.07E+05,2.92E+05,7.15E+06,3.39E+06,1.40E+06,1.96E+05,3.06E+06,7.28E+06,1.39E+05,7.68E+05
,,1.01E+06,4.73E+05,1.22E+06,2.12E+05,3.80E+06,3.92E+05,2.93E+05,4.02E+04,1.47E+06,4.36E+05
,,1.55E+05,5.29E+05,2.12E+05,5.54E+05,2.27E+05,8.60E+04,2.05E+05,3.38E+06,8.10E+05,3.32E+06
,,6.16E+05,2.85E+05,9.21E+05,2.27E+05,2.92E+05,1.82E+06,5.29E+04,2.76E+06,4.11E+05,1.20E+06
,,6.16E+05,2.85E+05,9.50E+05,6.13E+04,6.15E+05,2.52E+05,9.17E+04,4.79E+05,1.66E+05,3.43E+06
,,2.68E+05,6.32E+05,1.47E+05,3.62E+05,1.25E+06,5.30E+05,1.09E+06,3.92E+06,7.71E+05,7.97E+04
,,2.05E+05,8.44E+04,1.60E+05,4.57E+06,8.06E+06,1.66E+06,5.47E+06,2.39E+06,9.23E+05,3.50E+06
,,3.19E+05,1.57E+05,4.38E+05,1.99E+05,1.48E+06,6.83E+04,2.61E+05,1.26E+06,1.73E+06,1.06E+05
,,1.72E+05,7.97E+04,2.11E+05,1.57E+06,1.77E+06,5.06E+05,6.70E+05,1.86E+06,9.26E+05,2.62E+05
,,8.82E+04,4.29E+04,5.44E+05,1.79E+05,5.12E+05,1.11E+06,5.40E+05,2.11E+05,6.18E+05,2.78E+07
,,7.42E+05,1.76E+05,1.66E+05,1.58E+06,1.08E+06,3.22E+06,3.74E+06,1.52E+06,4.61E+06,1.60E+06
,,8.94E+05,4.09E+05,4.60E+05,1.29E+06,2.26E+07,6.68E+05,1.00E+06,2.39E+05,1.65E+06,2.84E+07
,,6.84E+04,1.08E+06,1.92E+06,3.98E+06,1.66E+05,4.83E+05,3.88E+06,4.71E+05,1.58E+05,4.51E+05
,,1.25E+05,6.15E+04,9.17E+05,4.00E+05,5.84E+06,2.42E+05,5.21E+06,6.74E+05,1.28E+05,4.76E+04
,,3.89E+06,1.49E+05,1.72E+06,2.43E+05,1.35E+07,7.53E+05,4.84E+05,1.80E+06,9.46E+05,1.40E+05
,,9.50E+05,1.94E+05,1.16E+06,1.35E+05,5.89E+05,1.76E+05,3.75E+04,1.22E+05,2.12E+06,4.97E+05
,,2.04E+05,5.10E+05,1.27E+06,3.36E+05,5.32E+06,1.21E+06,8.61E+05,2.84E+05,5.57E+05,9.47E+04
,,3.80E+05,1.16E+06,2.40E+05,1.15E+05,4.13E+05,1.42E+05,2.74E+05,5.00E+04,3.86E+05,9.05E+05
,,3.89E+06,1.49E+05,9.49E+04,2.09E+05,6.07E+05,1.35E+05,9.87E+05,3.82E+05,2.45E+06,1.18E+06
,,3.33E+05,1.08E+06,8.53E+04,1.33E+06,2.74E+06,6.47E+05,1.22E+06,1.66E+05,6.15E+06,5.50E+05
,,2.47E+05,8.89E+05,2.34E+04,7.25E+04,5.29E+05,1.31E+05,1.38E+05,9.73E+05,3.03E+05,1.19E+06
,,3.78E+05,1.08E+05,1.83E+05,4.36E+05,5.09E+05,1.98E+06,5.57E+04,7.71E+05,1.77E+06,7.95E+05
,,6.11E+05,2.61E+05,3.11E+04,9.65E+04,6.36E+05,1.43E+06,2.93E+06,2.23E+05,6.78E+05,4.91E+06
,,4.29E+06,2.08E+06,1.02E+05,4.70E+04,5.26E+05,1.34E+05,2.97E+05,4.91E+04,8.60E+05,4.23E+05
,,5.57E+05,1.83E+05,1.01E+06,1.87E+05,1.34E+07,1.18E+06,4.48E+05,1.73E+06,7.27E+05,1.75E+05
,,5.44E+05,1.30E+05,1.12E+06,3.63E+05,1.24E+06,5.75E+05,9.97E+04,9.26E+05,1.80E+06,3.39E+05
,,9.17E+05,1.58E+05,1.65E+06,7.38E+05,1.82E+06,5.84E+05,2.56E+05,1.88E+06,5.72E+04,1.83E+05
,,1.25E+06,2.49E+04,4.13E+06,1.94E+06,1.83E+06,4.21E+05,5.37E+05,4.61E+06,3.45E+06,2.41E+05
,,1.68E+05,1.21E+06,2.96E+05,1.30E+05,9.71E+05,1.41E+05,4.39E+05,1.58E+05,5.11E+05,1.37E+06
,,1.85E+06,6.37E+05,5.40E+05,1.89E+05,8.14E+05,1.36E+05,1.86E+06,8.86E+05,1.16E+06,4.96E+05
,,1.24E+06,4.14E+06,9.41E+04,2.81E+05,1.28E+06,4.74E+05,1.32E+05,7.52E+05,6.36E+06,5.75E+05
,,3.34E+05,1.25E+06,3.06E+05,8.40E+05,1.17E+07,6.87E+07,1.08E+05,2.12E+06,2.32E+05,1.61E+06
,,1.22E+06,1.84E+05,4.61E+06,9.66E+05,3.80E+05,7.81E+04,1.22E+05,2.75E+05,6.11E+05,2.65E+06
,,3.50E+05,1.67E+05,5.95E+05,5.44E+07,4.48E+05,1.48E+05,3.13E+06,9.21E+05,6.58E+05,1.51E+06
,,2.20E+05,8.99E+05,1.10E+06,6.36E+06,9.33E+05,2.98E+05,9.04E+05,1.97E+06,2.57E+05,5.99E+05
,,5.49E+04,1.17E+05,1.07E+05,6.66E+06,1.04E+05,2.52E+05,3.19E+05,6.15E+06,4.26E+05,1.22E+06
,,3.06E+05,1.40E+06,3.57E+05,1.03E+06,1.09E+06,4.36E+05,5.40E+05,2.11E+05,7.47E+06,1.22E+06
,,3.92E+05,3.80E+06,2.31E+06,8.01E+04,6.79E+05,2.01E+05,4.70E+05,1.18E+05,1.80E+06,4.09E+05
,,1.30E+06,2.72E+06,1.30E+06,3.00E+05,4.83E+04,1.88E+06,1.01E+05,2.60E+05,1.13E+05,5.04E+05
,,3.57E+05,1.25E+06,5.32E+06,1.72E+06,7.92E+05,1.62E+06,4.22E+05,3.45E+06,3.61E+05,1.10E+05
,,2.31E+06,8.06E+06,7.39E+04,3.74E+05,4.17E+06,1.67E+06,5.39E+05,1.16E+06,2.36E+05,7.04E+05
,,3.85E+05,1.48E+06,1.73E+05,5.22E+05,7.89E+05,3.17E+05,5.97E+05,7.50E+04,5.51E+06,9.61E+04
,,4.95E+05,1.77E+06,1.07E+05,2.25E+05,6.88E+05,1.87E+05,2.30E+05,4.03E+04,5.15E+05,4.39E+06
,,2.17E+06,5.12E+05,7.81E+04,1.92E+06,4.15E+06,1.76E+06,3.79E+06,1.93E+07,1.01E+05,2.31E+06
,,3.51E+06,1.08E+06,3.33E+06,6.81E+05,1.04E+05,2.52E+05,6.78E+05,7.47E+06,1.03E+07,2.22E+07
,,7.69E+05,2.26E+07,9.60E+05,4.61E+05,1.24E+06,5.79E+05,3.61E+05,1.13E+05,3.28E+05,1.27E+05
,,1.07E+05,2.22E+05,2.48E+06,8.16E+05,8.57E+06,1.69E+06,8.54E+04,3.62E+05,3.34E+05,1.40E+05
,,2.08E+05,5.89E+05,1.79E+06,3.92E+06,2.31E+05,1.19E+06,1.55E+06,2.36E+05,1.30E+05,4.06E+05
,,7.06E+05,2.79E+06,5.31E+06,1.18E+07,4.88E+07,4.38E+05,5.98E+05,5.51E+06,1.03E+07,2.10E+06
,,4.38E+05,1.05E+06,3.50E+06,2.05E+05,3.12E+08,2.85E+06,6.33E+05,2.82E+05,3.29E+06,6.16E+07
,,7.07E+05,5.32E+06,2.05E+06,8.51E+05,9.15E+05,8.25E+04,2.36E+06,5.15E+05,6.45E+05,1.32E+06
,,3.33E+06,5.09E+05,8.70E+05,8.58E+06,2.48E+06,1.09E+06,3.79E+05,1.01E+05,7.12E+05,2.77E+06
,,2.51E+05,6.07E+05,1.08E+06,2.79E+06,3.61E+06,8.32E+05,1.82E+05,4.21E+05,2.82E+06,5.97E+06
,,2.48E+06,1.14E+06,1.58E+06,5.07E+05,1.45E+06,3.04E+06,5.71E+06,1.25E+07,1.08E+06,9.30E+06
,,3.78E+05,2.74E+06,3.44E+05,1.10E+06,4.72E+06,8.61E+05,6.27E+05,6.15E+04,8.86E+06,1.11E+06
,,3.50E+06,5.09E+05,6.55E+05,7.13E+04,8.77E+05,3.90E+05,9.44E+05,1.03E+07,9.04E+05,1.15E+07
,,2.05E+06,6.36E+05,6.10E+05,2.40E+05,1.29E+05,6.00E+05,3.17E+05,1.02E+06,1.17E+06,4.69E+06
,,1.59E+05,6.00E+04,3.19E+05,7.51E+06,2.76E+05,9.71E+04,8.60E+05,3.82E+06,4.39E+05,9.97E+05
,,3.18E+06,1.55E+05,2.85E+05,1.37E+05,7.91E+06,3.06E+06,5.87E+05,1.79E+05,1.25E+06,1.28E+05
,,3.19E+05,1.52E+06,3.27E+05,2.49E+06,1.66E+06,4.62E+05,4.26E+05,1.59E+06,1.25E+06,3.99E+06
,,5.37E+05,1.82E+06,4.56E+06,2.95E+05,1.40E+05,5.79E+05,6.55E+05,8.86E+06,7.46E+05,6.92E+04
,,3.27E+05,1.83E+06,1.31E+07,5.62E+06,6.90E+05,9.17E+04,6.33E+05,2.93E+05,1.01E+06,7.12E+07
,,4.56E+06,2.24E+06,5.07E+05,1.64E+06,5.32E+06,1.21E+06,1.37E+05,6.82E+04,9.66E+05,1.39E+05
,,6.59E+05,1.46E+06,1.84E+06,5.93E+04,1.35E+06,6.27E+05,9.18E+04,1.25E+06,1.57E+06,3.77E+06
,,1.69E+05,8.14E+05,6.54E+07,1.03E+06,9.22E+05,4.98E+04,3.96E+05,1.15E+05,2.21E+05,7.10E+05
,,1.30E+05,1.28E+06,1.26E+06,4.30E+05,3.35E+05,1.09E+06,1.87E+04,1.89E+05,1.30E+05,5.98E+05
,,1.44E+05,5.42E+04,1.39E+05,3.74E+05,1.67E+06,2.99E+05,5.47E+05,1.47E+06,5.84E+06,1.57E+05
,,6.54E+07,1.17E+07,1.50E+06,2.31E+05,1.16E+07,2.75E+06,8.55E+04,7.46E+05,1.28E+05,7.07E+05
,,5.40E+05,1.25E+05,2.61E+06,5.60E+06,1.12E+07,6.70E+05,2.96E+05,9.66E+05,6.61E+04,4.22E+05
,,5.45E+05,2.70E+06,1.77E+06,6.24E+05,1.28E+04,4.54E+04,1.28E+06,2.65E+05,3.95E+05,1.66E+05
,,6.16E+04,2.26E+05,4.39E+05,1.69E+05,1.39E+06,2.20E+05,1.65E+06,2.21E+05,1.05E+07,3.82E+06
,,4.39E+05,1.37E+06,2.10E+06,7.38E+05,1.48E+06,1.22E+05,1.02E+05,7.55E+05,7.14E+05,1.12E+05
,,1.18E+05,6.20E+05,1.67E+06,7.36E+06,1.56E+05,4.07E+05,1.12E+06,5.84E+06,2.48E+05,1.55E+06
,,3.66E+05,1.16E+06,7.36E+05,2.40E+05,1.88E+07,5.07E+06,8.28E+05,2.35E+06,1.88E+05,1.29E+07
,,2.52E+05,8.80E+04,1.77E+05,5.47E+05,1.70E+05,4.21E+05,1.89E+06,8.46E+05,1.90E+07,2.03E+05
,,1.25E+05,7.89E+05,3.13E+05,6.69E+05,4.05E+07,2.30E+06,1.72E+05,6.61E+04,4.10E+06,1.96E+06
,,1.55E+05,6.88E+05,4.51E+05,1.43E+05,3.38E+05,7.75E+05,7.58E+05,3.10E+04,4.63E+06,1.51E+06
,,7.30E+04,3.04E+04,2.27E+05,5.94E+05,1.77E+06,6.01E+05,7.75E+05,3.44E+05,1.05E+06,3.34E+05
,,3.76E+04,1.11E+06,2.27E+06,1.08E+06,2.47E+07,3.25E+04,1.90E+06,8.42E+05,5.28E+05,1.80E+06
,,3.76E+07,8.06E+07,2.66E+06,6.38E+06,3.94E+05,9.87E+05,3.81E+06,1.05E+07,1.26E+06,2.64E+05
,,2.36E+04,6.75E+04,2.36E+04,3.37E+05,3.50E+06,1.10E+06,1.41E+05,7.14E+05,1.56E+05,6.61E+05
,,4.10E+06,1.26E+07,2.00E+06,2.84E+05,1.26E+05,4.54E+05,3.16E+06,1.88E+05,1.91E+05,7.58E+05
,,1.49E+06,8.57E+06,2.27E+06,1.08E+06,2.62E+05,9.97E+04,6.74E+05,1.24E+05,1.79E+05,2.54E+06
,,1.49E+06,6.36E+05,4.13E+06,1.31E+06,2.78E+07,4.70E+05,3.58E+05,6.25E+03,2.55E+05,8.98E+04
,,1.43E+05,5.77E+05,8.35E+04,2.25E+05,1.60E+06,5.37E+05,8.79E+05,4.10E+06,3.73E+05,1.04E+06
,,1.94E+06,6.70E+05,9.61E+05,3.62E+05,3.22E+05,1.34E+05,2.07E+05,1.05E+06,4.04E+05,2.76E+07
,,8.99E+04,9.15E+05,4.10E+06,2.55E+05,1.82E+05,1.08E+06,1.59E+06,6.09E+06,3.69E+06,1.15E+06
,,9.82E+04,2.48E+06,3.03E+05,7.69E+05,1.45E+06,3.82E+05,6.73E+05,2.69E+05,4.60E+05,5.03E+06
,,7.12E+05,4.72E+06,7.69E+04,1.71E+05,1.71E+05,9.49E+05,1.33E+06,5.55E+05,2.79E+05,5.50E+04
,,3.68E+05,8.77E+05,7.80E+05,1.75E+06,4.76E+04,1.31E+05,2.10E+06,3.13E+05,1.64E+05,7.43E+05
,,6.33E+05,1.29E+05,3.06E+04,3.30E+05,3.85E+05,1.92E+06,1.13E+06,1.91E+05,6.28E+05,2.11E+06
,,1.21E+05,2.76E+05,9.64E+04,2.71E+05,4.97E+05,1.08E+05,3.76E+05,1.88E+06,6.77E+05,1.48E+05
,,2.78E+06,7.91E+06,2.97E+05,1.17E+05,1.04E+05,4.96E+04,4.66E+06,2.46E+05,4.61E+05,1.94E+06
,,6.21E+05,1.66E+06,9.82E+04,4.92E+06,7.81E+05,3.13E+06,6.33E+05,6.53E+04,6.94E+04,1.75E+05
,,5.12E+05,1.40E+05,1.59E+05,3.18E+05,7.95E+05,1.01E+05,1.24E+06,3.69E+06,6.02E+06,5.71E+05
,,2.54E+05,6.90E+05,7.12E+05,4.93E+06,4.27E+04,2.71E+05,3.56E+06,4.60E+05,2.42E+05,6.33E+05
,,7.07E+05,5.32E+06,4.77E+05,2.31E+05,1.83E+05,4.06E+04,7.65E+05,3.06E+06,5.74E+06,1.32E+07
,,7.47E+04,9.22E+05,2.78E+06,7.28E+06,1.61E+06,4.46E+05,6.44E+05,6.13E+04,3.15E+05,6.82E+05
,,1.40E+06,2.09E+05,1.20E+05,3.72E+05,2.65E+06,6.99E+05,6.73E+05,1.26E+05,5.34E+05,9.63E+06
,,2.02E+05,1.67E+06,2.83E+05,4.02E+04,1.29E+07,3.79E+06,1.34E+06,1.64E+05,8.44E+04,2.22E+05
,,3.61E+06,1.16E+07,5.97E+05,2.47E+05,1.22E+06,3.89E+05,1.62E+05,6.59E+04,4.79E+05,7.11E+06
,,2.09E+05,1.39E+06,2.69E+05,3.38E+06,1.14E+07,5.43E+06,5.11E+05,1.36E+05,4.15E+05,2.69E+06
,,1.23E+05,1.48E+06,4.96E+04,2.76E+06,7.51E+05,1.33E+05,2.35E+05,1.65E+06,2.54E+07,1.24E+06
,,4.57E+05,1.56E+05,5.12E+05,1.91E+05,1.01E+06,8.54E+04,1.89E+06,6.28E+05,1.28E+06,6.33E+05
,,2.01E+05,1.71E+06,5.12E+05,3.92E+06,2.31E+06,3.79E+05,3.18E+06,7.90E+05,6.93E+06,1.75E+06
,,3.69E+06,7.61E+06,2.02E+05,6.68E+05,1.27E+06,3.95E+05,3.77E+05,6.94E+04,5.87E+06,2.37E+05
,,5.59E+06,1.88E+07,5.28E+06,2.39E+06,3.51E+05,1.43E+06,7.12E+05,6.02E+06,2.95E+05,7.08E+04
,,7.01E+05,1.70E+05,6.16E+05,1.26E+06,8.62E+05,1.94E+05,2.58E+06,5.34E+05,2.12E+06,9.80E+05
,,6.11E+05,1.43E+05,6.46E+05,2.11E+05,1.03E+05,3.79E+05,8.95E+05,3.56E+06,4.24E+06,1.03E+07
,,3.28E+06,4.05E+07,3.90E+06,1.52E+06,1.75E+05,3.02E+04,2.98E+05,3.90E+04,1.04E+05,1.17E+06
,,1.15E+05,5.55E+04,1.51E+06,2.39E+05,2.22E+07,8.54E+06,1.58E+04,4.49E+04,2.48E+05,2.74E+06
,,2.13E+05,6.73E+04,3.69E+06,4.71E+05,3.36E+06,7.34E+05,1.83E+05,8.44E+04,4.37E+06,7.51E+05
,,8.93E+04,2.62E+05,4.86E+06,6.74E+05,1.62E+07,5.71E+06,8.63E+05,3.91E+05,1.36E+05,5.11E+05
,,1.06E+06,3.94E+05,6.34E+05,1.80E+06,2.95E+05,6.27E+05,1.91E+06,8.28E+06,2.12E+06,2.42E+05
,,5.42E+05,3.50E+06,3.28E+06,2.41E+05,5.87E+05,1.79E+05,3.65E+05,1.28E+06,1.09E+06,8.97E+04
,,3.36E+06,6.49E+05,1.86E+05,3.11E+06,4.59E+05,1.19E+06,2.46E+06,6.93E+06,2.70E+05,1.20E+06
,,1.96E+05,5.24E+05,7.19E+05,2.84E+05,1.38E+06,4.30E+05,1.78E+05,4.13E+05,4.01E+05,1.69E+05
,,5.50E+04,2.62E+05,3.39E+05,1.47E+06,2.10E+06,9.44E+05,2.15E+05,6.25E+05,1.14E+06,3.86E+05
,,8.05E+05,2.78E+07,2.13E+05,5.00E+04,2.22E+06,7.82E+05,4.22E+05,3.40E+04,2.22E+05,7.18E+05
,,5.32E+05,1.60E+06,3.12E+06,8.10E+05,6.16E+07,2.46E+06,1.30E+05,2.97E+06,6.78E+06,4.23E+04
,,1.14E+06,1.82E+05,1.06E+06,3.82E+05,1.49E+06,6.57E+05,1.18E+05,8.11E+05,2.41E+05,5.09E+05
,,5.17E+05,1.45E+06,2.41E+06,1.66E+05,2.15E+06,8.53E+05,1.29E+05,5.87E+06,4.50E+05,1.11E+06
,,3.50E+05,1.67E+05,7.18E+05,2.59E+05,5.38E+06,8.60E+05,2.54E+05,1.08E+05,1.63E+05,2.31E+06
,,1.12E+05,4.76E+04,2.09E+06,1.63E+05,1.90E+06,5.08E+06,1.53E+05,3.22E+05,7.40E+05,1.69E+06
,,5.64E+05,1.40E+05,7.73E+04,1.58E+05,3.35E+05,1.38E+06,4.01E+05,1.23E+06,1.14E+05,2.93E+06
,,2.07E+05,6.74E+05,1.72E+05,7.71E+05,9.12E+04,6.33E+05,8.66E+06,3.61E+07,1.79E+06,3.71E+05
,,1.04E+06,3.85E+05,3.36E+06,2.23E+05,4.92E+05,1.58E+05,1.30E+07,4.24E+06,2.06E+05,9.23E+05
,,5.11E+04,1.04E+05,2.83E+05,4.91E+04,1.15E+07,9.75E+05,9.40E+05,2.48E+05,1.82E+06,8.57E+05
,,5.67E+04,1.72E+05,1.11E+05,1.73E+06,7.93E+05,2.99E+05,6.99E+05,1.65E+06,4.96E+05,2.26E+05
,,2.91E+06,7.81E+05,5.50E+04,9.26E+05,4.69E+06,6.43E+05,1.16E+06,1.36E+05,2.42E+05,1.07E+06
,,2.05E+05,4.27E+04,5.32E+05,4.61E+06,4.53E+05,1.45E+05,1.74E+05,4.01E+05,2.07E+05,2.19E+06
,,4.39E+04,3.87E+05,6.14E+05,1.58E+05,7.28E+05,3.25E+05,1.90E+05,9.86E+06,2.76E+06,6.76E+06
,,1.36E+05,3.19E+05,2.07E+05,7.52E+05,7.78E+05,1.27E+05,6.95E+05,1.90E+05,2.02E+05,1.21E+06
,,1.17E+06,8.10E+04,1.31E+05,2.75E+05,2.31E+05,7.77E+05,2.02E+05,1.14E+06,2.35E+06,1.08E+07
,,4.54E+05,1.61E+06,2.91E+06,9.21E+05,2.16E+05,5.44E+05,7.10E+04,6.78E+06,5.45E+06,1.55E+05
,,6.58E+05,2.65E+06,9.56E+05,1.97E+06,3.99E+06,9.02E+05,3.76E+05,1.88E+06,1.39E+06,1.78E+05
,,7.38E+05,1.51E+06,1.43E+06,3.86E+05,1.54E+06,5.47E+05,4.84E+04,2.76E+05,2.54E+06,2.20E+05
,,1.26E+06,5.35E+05,5.89E+05,1.77E+06,2.91E+06,7.05E+05,1.66E+06,7.69E+05,3.51E+06,7.69E+06
,,2.84E+06,1.29E+07,4.01E+05,1.19E+06,1.70E+06,7.44E+05,3.12E+05,1.38E+06,2.90E+05,1.61E+06
,,1.18E+05,5.99E+05,1.22E+06,2.59E+06,3.65E+05,7.88E+05,3.95E+05,1.79E+06,1.21E+06,5.86E+05
,,3.03E+05,1.22E+06,6.46E+05,2.11E+05,7.12E+07,7.84E+05,3.29E+04,1.95E+05,4.72E+05,1.27E+05
,,3.58E+05,1.28E+05,3.55E+05,1.29E+05,1.39E+05,2.96E+05,1.89E+05,5.45E+06,1.02E+06,2.30E+05
,,1.01E+05,7.51E+05,6.45E+05,1.18E+05,1.75E+05,3.02E+04,2.92E+05,1.09E+05,2.75E+05,9.47E+04
,,6.97E+05,3.38E+05,6.86E+04,1.69E+05,3.20E+06,1.10E+06,7.51E+05,3.63E+05,7.02E+04,3.74E+06
,,4.13E+04,2.62E+06,1.36E+05,7.08E+05,2.58E+05,1.09E+05,5.80E+06,2.70E+06,8.25E+04,7.93E+06
,,1.71E+05,1.01E+06,1.10E+06,6.36E+06,1.57E+05,1.12E+06,3.06E+06,7.95E+06,2.81E+06,3.29E+05
,,3.93E+05,9.61E+04,2.31E+06,6.60E+05,7.07E+05,2.52E+05,3.69E+05,2.54E+06,1.69E+05,1.03E+06
,,9.84E+04,3.66E+04,1.17E+06,7.50E+04,4.22E+05,1.72E+05,6.12E+04,1.38E+05,3.06E+05,2.97E+06
,,4.34E+05,2.14E+05,1.33E+05,2.75E+05,7.32E+05,2.13E+05,1.42E+06,3.25E+05,7.00E+05,2.43E+05
,,2.57E+05,9.33E+04,1.26E+06,4.37E+05,3.42E+05,1.90E+06,3.96E+06,3.06E+05,1.40E+05,6.92E+05
,,9.14E+05,3.51E+05,1.47E+06,2.95E+05,1.37E+06,5.19E+05,1.34E+05,5.99E+05,1.53E+06,3.99E+05
,,1.00E+07,2.22E+07,3.76E+05,4.03E+04,1.55E+06,3.50E+05,1.08E+05,7.00E+05,6.42E+05,1.63E+05
,,5.80E+06,1.62E+07,2.84E+06,1.93E+07,1.29E+07,3.16E+06,1.69E+06,1.40E+05,4.27E+05,1.08E+06
,,9.45E+05,4.06E+05,7.42E+05,1.34E+05,3.35E+05,9.27E+04,7.71E+04,4.81E+05,2.30E+05,1.25E+06
,,1.95E+06,4.59E+05,1.48E+06,2.49E+05,1.83E+05,6.74E+05,5.89E+05,1.34E+06,3.57E+06,1.69E+06
,,5.19E+05,1.38E+06,8.16E+05,7.47E+06,1.96E+06,8.79E+05,2.61E+05,6.42E+05,2.82E+05,7.70E+06
,,1.03E+05,3.30E+05,8.94E+05,1.80E+06,1.19E+07,1.59E+06,1.27E+06,2.94E+06,1.39E+06,1.50E+05
,,1.44E+06,6.16E+07,1.01E+06,1.97E+05,1.80E+06,5.87E+05,2.93E+05,1.39E+06,1.42E+07,5.47E+06
,,2.29E+05,6.16E+05,1.13E+06,2.36E+05,1.77E+05,4.30E+05,6.06E+06,1.42E+07,3.68E+06,1.18E+06
,,1.05E+06,1.41E+05,3.93E+05,5.51E+06,3.64E+05,1.57E+05,1.24E+06,5.50E+06,1.29E+04,1.24E+06
,,1.00E+06,2.15E+06,9.84E+04,3.32E+04,4.08E+04,5.52E+05,3.33E+06,1.38E+06,1.29E+06,5.23E+06
,,7.30E+05,5.38E+06,4.15E+05,1.00E+06,7.62E+03,3.67E+05,2.91E+06,1.29E+06,2.62E+05,8.48E+04
,,8.93E+04,4.22E+05,6.51E+05,2.82E+05,2.86E+05,1.33E+06,2.04E+05,1.33E+06,2.33E+06,2.34E+05
,,2.90E+05,1.27E+06,2.44E+06,5.15E+05,2.48E+06,5.29E+05,1.12E+05,3.04E+05,3.04E+05,1.04E+05
,,2.34E+06,5.97E+06,1.22E+06,1.01E+05,3.23E+06,1.56E+06,7.54E+05,3.47E+05,5.54E+05,1.35E+06
,,1.36E+06,5.37E+05,2.57E+05,9.79E+04,6.74E+05,1.41E+05,3.97E+05,1.18E+05,1.50E+06,4.00E+04
,,4.34E+06,9.30E+06,2.00E+05,1.51E+06,6.61E+05,2.91E+05,3.60E+05,8.43E+05,1.53E+05,7.15E+05
,,1.01E+06,3.35E+05,1.96E+05,4.21E+05,9.17E+05,2.10E+06,2.50E+06,7.58E+05,1.47E+06,2.67E+05
,,7.90E+05,9.12E+04,1.14E+05,3.28E+05,6.01E+05,2.30E+05,1.89E+05,4.57E+05,7.58E+05,2.14E+06
,,1.43E+05,4.92E+05,5.80E+06,1.25E+07,2.76E+07,5.10E+05,7.09E+05,1.60E+05,4.05E+06,1.33E+06
,,5.49E+05,1.15E+07,5.29E+05,6.15E+04,2.79E+06,7.65E+05,1.12E+07,2.27E+05,1.81E+06,1.17E+05
,,3.78E+05,7.93E+05,1.95E+06,6.87E+05,5.51E+05,1.51E+05,8.65E+05,2.69E+06,4.75E+05,1.52E+06
,,1.17E+06,4.69E+06,5.13E+05,1.03E+07,1.14E+05,5.11E+05,2.82E+06,4.75E+05,1.27E+06,3.90E+05
,,2.12E+05,4.53E+05,2.21E+05,5.30E+05,2.20E+07,3.40E+05,2.99E+05,2.08E+04,1.13E+07,2.56E+05
,,3.82E+05,5.95E+04,2.65E+05,1.02E+06,1.02E+06,2.35E+05,2.92E+06,1.13E+07,2.19E+05,4.77E+05
,,6.23E+05,2.16E+05,7.30E+05,3.82E+06,1.50E+06,4.23E+05,1.46E+06,2.19E+05,6.31E+05,1.81E+06
,,1.38E+06,3.99E+06,8.93E+04,4.03E+05,1.48E+05,6.70E+05,1.32E+06,1.91E+05,4.47E+05,9.44E+05
,,2.56E+04,1.96E+05,3.58E+05,1.14E+05,1.94E+06,3.06E+05,4.76E+05,5.18E+06,5.18E+06,3.12E+05
,,3.92E+05,1.54E+06,4.25E+05,1.79E+05,4.33E+06,2.14E+06,7.75E+05,3.44E+05,7.25E+05,1.96E+05
,,8.69E+05,2.91E+06,2.24E+05,1.59E+06,1.75E+05,3.77E+05,7.69E+06,1.97E+07,1.34E+05,1.85E+06
,,1.20E+06,7.12E+07,6.60E+05,8.86E+06,6.33E+05,2.84E+05,5.18E+05,2.45E+05,1.97E+07,2.69E+06
,,8.86E+05,2.14E+06,2.40E+05,1.15E+05,9.63E+06,2.58E+06,2.74E+05,1.81E+06,9.02E+05,5.81E+04
,,3.00E+05,1.12E+05,9.97E+05,2.47E+05,5.74E+05,1.04E+05,2.39E+05,4.07E+06,5.74E+05,1.96E+05
,,1.06E+06,1.57E+05,7.90E+05,2.93E+05,4.93E+04,1.58E+04,1.85E+05,9.02E+05,1.82E+05,8.71E+05
,,1.27E+05,7.07E+05,1.43E+05,3.01E+05,1.18E+06,4.38E+05,1.71E+05,5.74E+05,1.92E+06,5.11E+05
,,2.66E+05,7.32E+05,9.98E+05,3.97E+05,2.69E+06,2.53E+05,5.31E+05,1.92E+06,1.50E+06,6.32E+05
,,2.11E+06,3.42E+05,3.16E+05,2.28E+06,6.39E+06,1.91E+06,7.41E+05,1.50E+06,1.78E+05,2.13E+06
,,6.59E+05,1.37E+06,7.58E+05,2.57E+05,3.06E+05,1.23E+05,2.44E+05,8.76E+05,1.61E+06,3.10E+05
,,3.50E+05,1.67E+05,1.16E+05,1.25E+06,2.88E+05,1.03E+06,2.43E+05,1.61E+06,1.14E+06,1.83E+05
,,3.41E+05,1.55E+06,4.31E+05,1.15E+05,5.77E+04,1.70E+05,3.97E+05,8.46E+05,2.16E+05,8.63E+05
,,2.97E+06,1.29E+07,1.05E+06,5.69E+04,5.48E+04,1.27E+05,2.17E+05,1.14E+06,9.11E+06,3.81E+06
,,5.36E+05,1.56E+06,3.92E+05,1.47E+06,1.12E+05,5.01E+05,5.17E+05,2.16E+05,4.62E+04,9.57E+04
,,5.99E+04,3.35E+05,2.93E+04,7.46E+05,1.71E+05,9.49E+05,1.03E+06,2.35E+05,7.15E+05,4.52E+06
,,8.10E+05,1.83E+05,1.27E+05,9.66E+05,2.30E+05,9.43E+04,8.86E+04,2.36E+05,9.39E+05,2.01E+06
,,8.78E+05,1.96E+06,1.31E+06,2.65E+05,8.44E+04,2.33E+05,5.26E+05,1.41E+06,1.80E+05,4.06E+05
,,8.63E+05,1.19E+07,1.65E+05,5.96E+05,7.08E+04,2.19E+05,2.74E+05,1.35E+05,2.08E+05,4.11E+04
,,8.61E+05,1.89E+06,1.42E+06,2.21E+05,2.07E+07,8.66E+06,1.20E+05,9.53E+05,2.36E+02,2.82E+05
,,3.63E+05,1.77E+05,4.59E+05,1.80E+06,1.17E+06,6.90E+04,1.89E+06,8.43E+05,1.22E+05,1.20E+07
,,8.77E+05,4.08E+04,2.78E+05,7.55E+05,1.71E+05,9.49E+05,2.05E+06,9.39E+05,2.31E+05,2.39E+06
,,1.01E+06,2.86E+05,1.06E+06,5.84E+06,7.51E+05,2.06E+06,9.70E+04,2.08E+05,3.83E+04,1.46E+06
,,8.24E+05,2.48E+06,3.58E+05,6.61E+04,8.04E+05,1.15E+05,1.02E+06,4.05E+06,5.83E+05,1.73E+05
,,2.95E+05,1.95E+06,1.91E+05,3.95E+05,7.39E+05,3.62E+05,9.40E+04,2.58E+05,2.57E+06,1.83E+05
,,3.76E+05,9.61E+05,1.27E+06,3.10E+04,1.08E+07,3.66E+06,1.28E+06,2.65E+05,1.45E+05,9.01E+05
,,1.69E+05,2.54E+06,8.51E+05,3.44E+05,4.90E+04,9.94E+05,5.84E+05,3.83E+04,1.50E+05,5.35E+04
,,6.53E+04,2.53E+06,2.40E+06,8.84E+05,1.20E+06,5.91E+05,3.29E+05,1.22E+05,1.92E+06,2.56E+05
,,2.53E+05,6.01E+05,2.11E+06,8.42E+05,3.16E+07,2.54E+05,4.71E+05,2.44E+06,9.81E+05,3.85E+05
,,3.09E+06,1.13E+06,3.50E+06,1.05E+07,2.09E+06,3.48E+05,2.28E+05,4.73E+05,8.43E+05,7.58E+04
,,4.10E+05,2.76E+07,2.97E+06,1.88E+05,8.89E+05,2.66E+05,2.04E+05,2.57E+06,1.09E+07,3.93E+07
,,1.00E+06,3.73E+05,8.10E+05,1.24E+05,7.18E+05,3.58E+05,1.22E+06,1.45E+05,9.32E+06,3.64E+06
,,3.16E+04,4.87E+05,4.98E+05,6.25E+03,5.09E+05,1.25E+05,4.05E+05,1.71E+06,3.29E+04,3.93E+05
,,2.52E+06,1.15E+06,8.78E+05,4.10E+06,2.18E+05,4.88E+05,1.60E+05,1.92E+06,1.32E+06,1.61E+05
,,1.18E+06,5.03E+06,1.07E+06,4.63E+06,6.48E+06,3.07E+06,1.63E+05,8.43E+05,1.11E+06,1.64E+07
,,5.86E+05,2.79E+06,3.66E+05,1.05E+06,2.57E+06,7.02E+05,5.82E+05,2.42E+06,4.00E+05,1.10E+06
,,4.94E+05,1.05E+06,2.00E+05,8.40E+04,2.50E+06,1.02E+06,4.60E+06,1.75E+06,3.18E+06,1.39E+06
,,9.92E+04,5.51E+05,8.63E+05,6.09E+06,1.86E+05,3.92E+05,4.79E+05,1.53E+05,4.00E+05,1.58E+05
,,3.03E+05,5.36E+04,1.71E+06,6.60E+05,2.31E+06,8.65E+04,1.41E+05,6.60E+04,2.53E+06,4.63E+05
,,1.61E+06,7.43E+05,6.73E+04,1.26E+06,6.59E+05,2.73E+05,3.53E+05,1.02E+06,2.87E+06,4.68E+07
,,5.33E+05,1.14E+05,2.22E+06,1.10E+06,2.31E+05,7.77E+05,4.50E+05,8.23E+04,5.99E+04,1.44E+05
,,9.37E+04,2.20E+07,1.69E+06,3.13E+05,8.44E+04,2.33E+05,2.41E+06,9.70E+05,4.01E+06,8.78E+05
,,2.28E+05,1.02E+06,8.42E+05,1.91E+05,4.98E+05,1.72E+05,1.33E+06,9.32E+06,8.55E+05,1.63E+05
,,2.30E+05,1.50E+06,2.40E+05,1.88E+06,2.93E+06,5.56E+05,6.47E+05,3.29E+04,6.13E+05,3.04E+05
,,9.62E+04,3.78E+04,7.78E+04,2.55E+05,1.82E+05,3.69E+05,4.68E+05,1.11E+06,2.10E+06,6.49E+07
,,6.27E+05,1.48E+05,3.22E+06,3.73E+05,9.23E+05,1.20E+05,4.33E+05,6.73E+04,4.00E+05,1.12E+05
,,1.20E+05,1.94E+06,4.60E+06,2.46E+05,5.47E+04,1.28E+05,1.98E+05,2.53E+06,1.39E+07,4.71E+05
,,1.95E+06,4.33E+06,3.09E+06,1.33E+06,4.76E+05,1.65E+06,3.60E+05,9.42E+05,5.96E+06,1.31E+07
,,3.76E+05,1.75E+05,3.16E+04,2.19E+05,1.07E+06,1.06E+05,4.97E+05,1.77E+06,1.64E+05,4.58E+05
,,6.01E+06,1.32E+07,5.86E+05,3.06E+06,2.19E+06,4.00E+05,1.37E+05,5.99E+04,2.84E+05,1.54E+06
,,5.41E+05,1.54E+05,8.28E+04,2.79E+05,2.83E+05,3.29E+04,8.76E+05,1.07E+05,4.12E+05,1.21E+06
,,2.87E+06,9.63E+06,3.06E+04,3.30E+05,3.39E+04,1.56E+05,1.40E+05,8.55E+05,1.64E+05,4.31E+05
,,2.39E+05,5.74E+05,5.51E+05,6.13E+04,1.21E+06,2.92E+05,5.74E+05,8.14E+04,3.23E+05,1.38E+06
,,1.74E+04,4.93E+04,1.03E+06,5.00E+06,1.17E+06,5.63E+05,9.40E+04,2.58E+05,1.92E+05,1.69E+06
,,9.36E+04,1.18E+06,5.43E+05,1.26E+05,2.11E+05,6.12E+04,2.70E+05,1.24E+07,1.06E+06,5.23E+06
,,2.23E+05,2.69E+06,1.61E+06,1.64E+05,1.72E+06,5.41E+05,3.00E+05,6.13E+05,1.21E+06,4.41E+05
,,2.86E+05,8.49E+05,1.35E+05,6.59E+04,4.44E+05,2.05E+05,1.32E+05,2.90E+05,1.14E+05,8.45E+05
,,1.76E+06,6.39E+06,5.33E+05,1.36E+05,1.27E+05,5.52E+05,8.83E+04,4.00E+05,2.21E+04,4.36E+05
,,2.29E+06,1.12E+06,2.28E+05,1.65E+06,2.21E+06,8.95E+05,2.85E+05,1.39E+07,5.52E+05,2.46E+05
,,5.67E+05,3.16E+06,2.95E+06,7.90E+05,3.74E+06,7.01E+04,3.42E+05,9.12E+04,7.25E+04,2.28E+06
,,1.29E+05,3.06E+05,1.20E+05,4.61E+05,7.93E+06,8.57E+04,2.10E+06,3.13E+05,1.86E+05,8.13E+05
,,1.15E+06,2.88E+05,3.76E+05,6.94E+04,1.03E+06,3.58E+05,7.37E+05,1.64E+05,1.90E+05,7.41E+05
,,1.05E+06,7.27E+04,7.21E+05,1.70E+06,3.87E+05,1.15E+05,4.41E+05,9.50E+04,1.60E+05,3.01E+06
,,8.86E+05,2.14E+06,1.22E+06,6.02E+06,9.30E+04,2.94E+05,4.60E+06,1.75E+06,4.29E+05,1.49E+06
,,1.21E+06,5.58E+05,2.87E+06,5.34E+05,2.68E+06,8.02E+05,1.04E+05,5.52E+05,9.72E+05,3.01E+06
,,1.72E+05,5.48E+04,1.05E+06,3.56E+06,3.41E+05,9.53E+04,6.90E+05,1.86E+05,3.75E+05,1.19E+06
,,8.24E+04,2.74E+07,2.19E+05,3.90E+04,1.08E+06,4.56E+05,1.03E+05,2.13E+05,2.13E+05,5.30E+04
,,4.07E+05,1.12E+05,1.74E+04,4.49E+04,1.25E+06,3.48E+05,1.02E+06,2.78E+05,1.32E+05,6.08E+05
,,1.50E+06,3.31E+06,9.36E+04,1.55E+06,2.53E+06,6.84E+06,1.74E+05,1.86E+06,1.40E+05,7.46E+05
,,7.47E+04,2.30E+05,2.15E+05,8.44E+04,7.70E+06,1.74E+06,5.55E+05,1.67E+05,2.24E+05,1.49E+06
,,2.05E+05,8.44E+04,7.89E+05,3.91E+05,3.11E+06,2.37E+05,2.85E+06,1.12E+06,8.99E+05,2.58E+06
,,5.90E+05,2.19E+05,1.76E+06,8.28E+06,8.08E+06,1.24E+06,3.84E+05,2.36E+06,2.36E+06,1.14E+06
,,2.54E+05,7.08E+04,2.78E+05,1.28E+06,1.55E+05,5.73E+04,3.49E+05,1.09E+06,3.12E+06,7.89E+05
,,1.01E+05,1.17E+06,2.14E+06,6.93E+06,1.18E+06,3.27E+06,7.16E+05,2.73E+06,2.34E+05,3.45E+06
,,2.03E+05,1.17E+06,5.67E+05,3.02E+06,1.87E+05,5.77E+04,4.60E+06,1.75E+06,1.53E+05,6.93E+05
,,2.32E+05,9.18E+04,5.80E+06,1.81E+06,1.92E+05,4.55E+05,8.12E+05,3.12E+06,3.86E+05,1.19E+05
,,2.16E+05,5.31E+05,2.60E+05,3.40E+04,7.03E+05,2.04E+05,1.27E+06,1.53E+05,6.21E+05,2.41E+05
,,4.28E+06,1.08E+07,3.33E+05,8.11E+05,1.15E+06,2.13E+05,8.98E+04,3.86E+05,8.94E+06,3.74E+07
,,4.58E+05,1.20E+06,7.36E+06,2.64E+06,1.35E+07,4.18E+06,2.63E+05,5.96E+04,3.56E+05,1.88E+06
,,3.55E+05,2.09E+06,4.10E+06,1.94E+06,3.09E+06,1.23E+06,1.45E+05,3.74E+05,4.84E+04,6.65E+05
,,1.04E+06,4.43E+05,4.84E+05,5.87E+06,1.22E+06,3.55E+06,4.60E+06,1.75E+06,1.17E+05,5.04E+06
,,6.95E+04,5.09E+05,1.92E+06,4.11E+06,4.41E+05,2.11E+05,7.66E+05,4.84E+04,6.63E+04,1.91E+05
,,3.00E+05,1.11E+06,2.99E+05,1.23E+06,2.11E+06,1.16E+05,3.06E+05,1.27E+05,3.18E+06,1.00E+07
,,3.07E+06,6.48E+06,1.06E+07,3.61E+07,7.15E+05,2.17E+05,1.35E+06,3.89E+06,2.31E+07,3.47E+06
,,1.04E+06,2.50E+06,1.25E+07,4.24E+06,2.31E+06,3.79E+05,2.46E+05,6.63E+04,8.16E+06,3.48E+06
,,6.81E+05,1.86E+05,6.01E+05,1.65E+06,2.67E+05,1.31E+06,2.30E+06,2.31E+07,1.20E+06,9.96E+06
,,7.80E+05,1.63E+06,6.15E+05,6.75E+04,1.17E+05,2.10E+06,4.10E+05,8.57E+05,1.62E+05,1.47E+06
,,6.01E+05,1.80E+05,6.80E+05,4.37E+06,3.05E+05,7.09E+05,6.49E+05,1.74E+06,1.17E+06,2.67E+05
,,1.20E+06,3.04E+05,8.72E+05,1.36E+05,3.89E+05,1.44E+05,3.64E+05,1.62E+05,2.19E+06,5.72E+05
,,2.05E+05,8.44E+04,7.26E+05,2.12E+06,3.94E+06,1.45E+05,1.55E+05,2.27E+04,4.94E+05,2.22E+06
,,7.42E+05,2.93E+06,1.28E+06,3.46E+06,2.56E+05,2.92E+06,3.24E+07,1.83E+06,3.45E+05,4.87E+06
,,1.54E+05,9.23E+05,7.59E+05,1.90E+05,1.28E+06,1.60E+07,2.42E+05,6.46E+05,8.62E+05,3.34E+06
,,1.31E+05,4.89E+05,2.01E+05,1.14E+06,4.97E+05,1.48E+06,2.25E+05,1.00E+06,7.18E+04,9.10E+05
,,1.29E+06,4.76E+05,6.62E+05,2.22E+05,9.44E+05,3.71E+05,2.93E+05,3.89E+06,1.89E+06,4.25E+06
,,1.00E+05,1.07E+06,7.39E+04,6.78E+06,7.55E+05,3.56E+05,2.90E+05,1.46E+06,3.89E+06,3.25E+05
,,3.57E+05,2.19E+06,2.40E+05,1.88E+06,2.69E+06,7.69E+06,5.96E+05,1.18E+05,1.46E+06,3.18E+05
,,1.68E+05,6.60E+04,9.60E+06,3.85E+06,5.81E+04,1.85E+05,4.44E+05,2.13E+05,1.18E+05,4.00E+05
,,5.01E+04,3.66E+05,1.18E+06,2.44E+05,7.87E+05,1.16E+05,5.66E+05,2.33E+05,3.78E+06,1.33E+06
,,2.13E+05,1.24E+06,1.20E+06,3.24E+05,8.71E+05,1.85E+05,9.52E+05,3.78E+06,1.11E+06,5.24E+05
,,8.88E+05,3.04E+05,1.63E+06,7.69E+05,5.68E+05,1.15E+06,9.54E+05,3.62E+05,1.52E+05,4.82E+05
,,4.52E+05,1.72E+06,3.06E+04,3.30E+05,5.34E+04,2.23E+05,1.41E+05,6.60E+04,4.93E+04,8.37E+05
,,1.45E+05,4.44E+05,3.94E+05,1.79E+06,2.13E+06,2.53E+05,1.59E+07,5.27E+06,6.84E+06,2.77E+06
,,1.14E+06,1.27E+05,7.69E+05,1.82E+06,7.42E+05,2.84E+05,4.35E+05,1.59E+05,8.96E+05,7.02E+04
,,9.99E+04,3.60E+05,4.00E+07,2.35E+06,1.41E+06,3.84E+05,1.93E+06,6.84E+06,3.18E+05,1.57E+06
,,8.29E+04,3.74E+06,8.59E+05,3.63E+05,7.50E+04,8.43E+05,5.25E+04,1.30E+05,,
,,6.78E+04,7.93E+06,6.02E+06,2.70E+06,1.29E+06,3.24E+06,2.65E+06,3.18E+05,,
,,3.65E+05,1.00E+06,3.18E+06,7.95E+06,1.39E+06,4.77E+05,,,,
,,4.33E+05,7.17E+04,8.88E+05,3.70E+05,1.99E+06,8.81E+05,,,,
,,2.53E+05,1.03E+06,2.20E+05,2.54E+06,1.29E+06,5.57E+05,,,,
,,2.58E+05,9.30E+04,4.96E+04,1.38E+05,4.87E+06,1.02E+06,,,,
,,1.21E+05,2.82E+05,4.52E+05,9.18E+05,1.73E+05,4.09E+05,,,,
,,4.17E+05,1.53E+05,1.26E+06,3.67E+06,1.20E+07,7.45E+04,,,,
,,8.64E+05,2.68E+06,1.14E+06,4.72E+05,8.45E+04,4.19E+05,,,,
,,8.74E+04,3.41E+05,8.23E+04,1.02E+06,1.49E+06,4.71E+05,,,,
,,1.68E+05,5.39E+04,1.31E+05,2.75E+05,2.14E+05,7.10E+04,,,,
,,1.81E+05,6.30E+05,9.77E+05,2.18E+06,5.35E+04,1.94E+05,,,,
,,3.76E+06,1.87E+06,2.46E+05,2.81E+06,7.28E+04,3.32E+05,,,,
,,4.60E+05,1.25E+06,3.65E+05,7.60E+05,1.90E+06,5.82E+05,,,,
,,5.99E+06,2.53E+06,4.33E+05,5.83E+04,8.39E+05,4.60E+06,,,,
,,2.66E+06,7.70E+06,4.67E+06,3.06E+05,2.25E+06,1.82E+05,,,,
,,2.37E+05,3.11E+06,1.70E+06,1.40E+05,3.45E+04,1.41E+05,,,,
,,8.88E+05,8.08E+06,3.89E+06,3.27E+05,3.05E+05,6.45E+05,,,,
,,3.70E+06,1.18E+06,7.29E+05,1.53E+06,3.64E+06,1.33E+06,,,,
,,6.16E+04,1.87E+05,1.40E+05,4.52E+05,2.50E+07,8.00E+06,,,,
,,8.40E+05,1.26E+05,6.50E+04,1.55E+05,1.71E+05,9.49E+05,,,,
,,1.43E+06,3.90E+06,2.70E+05,7.71E+05,1.71E+05,9.49E+05,,,,
,,9.15E+04,7.03E+05,1.89E+06,9.28E+05,1.64E+07,4.68E+05,,,,
,,2.64E+06,1.22E+06,1.44E+05,6.42E+05,7.74E+05,3.60E+05,,,,
,,1.22E+06,4.88E+06,2.10E+05,1.39E+06,1.32E+06,4.49E+05,,,,
,,8.81E+05,3.76E+05,6.77E+06,1.42E+07,4.68E+07,2.15E+06,,,,
,,9.34E+05,3.64E+05,8.88E+05,5.50E+06,1.82E+05,5.74E+05,,,,
,,1.52E+05,4.41E+05,2.83E+06,1.38E+06,6.81E+06,2.70E+05,,,,
,,1.70E+05,2.11E+06,9.79E+05,1.29E+04,7.33E+04,3.12E+05,,,,
,,7.21E+05,2.67E+05,3.90E+06,1.29E+06,1.65E+05,5.94E+05,,,,
,,3.98E+05,8.52E+04,9.15E+04,1.33E+06,6.49E+07,1.06E+06,,,,
,,2.20E+06,1.17E+05,5.82E+04,1.21E+05,8.36E+06,1.80E+06,,,,
,,1.03E+06,2.34E+05,8.27E+04,2.62E+05,1.71E+05,9.49E+05,,,,
,,3.02E+05,3.94E+06,1.88E+05,2.33E+06,1.67E+07,6.92E+06,,,,
,,1.56E+06,6.56E+06,5.79E+04,3.04E+05,9.60E+05,3.45E+05,,,,
,,3.48E+05,7.44E+05,5.41E+05,1.18E+05,1.28E+05,3.60E+05,,,,
,,3.98E+06,1.28E+06,1.68E+06,2.70E+05,1.18E+06,4.61E+05,,,,
,,4.93E+05,1.81E+06,4.83E+05,1.53E+05,8.45E+05,2.86E+05,,,,
,,1.25E+06,4.97E+05,4.37E+05,9.67E+04,2.65E+06,1.22E+06,,,,
,,3.94E+05,1.20E+05,1.22E+06,1.01E+05,1.47E+06,6.89E+05,,,,
,,2.66E+05,8.91E+05,2.47E+06,7.58E+05,9.17E+05,2.10E+06,,,,
,,1.21E+06,3.45E+05,2.89E+05,7.25E+05,3.78E+07,1.42E+07,,,,
,,2.39E+05,5.34E+04,1.07E+06,2.69E+06,1.62E+05,2.50E+04,,,,
,,3.60E+05,2.13E+06,2.86E+06,4.75E+05,1.38E+06,5.70E+05,,,,
,,5.97E+05,1.41E+06,2.90E+06,6.84E+06,4.93E+05,1.53E+06,,,,
,,1.86E+06,6.34E+05,4.19E+05,1.78E+05,1.69E+06,3.14E+05,,,,
,,3.70E+06,1.29E+06,2.54E+05,2.08E+04,5.23E+06,1.51E+06,,,,
,,4.38E+05,9.95E+05,5.94E+05,1.27E+06,8.39E+05,4.60E+06,,,,
,,5.17E+05,1.39E+06,9.78E+04,1.13E+07,2.28E+06,1.10E+05,,,,
,,1.93E+06,6.45E+06,1.98E+06,2.19E+05,3.01E+06,8.80E+04,,,,
,,1.42E+06,4.87E+06,2.70E+05,7.71E+05,1.49E+06,5.61E+05,,,,
,,5.21E+05,1.73E+05,2.40E+05,1.15E+05,1.19E+06,4.63E+05,,,,
,,1.10E+06,1.20E+07,8.67E+04,2.17E+05,3.07E+05,1.02E+06,,,,
,,9.50E+04,2.39E+06,8.22E+05,1.91E+05,1.32E+06,2.85E+06,,,,
,,1.57E+05,3.72E+05,4.10E+05,5.18E+06,7.46E+05,9.27E+04,,,,
,,6.58E+05,1.49E+06,3.10E+05,8.98E+04,1.49E+05,8.70E+05,,,,
,,9.06E+04,3.79E+05,2.89E+05,7.25E+05,1.49E+06,5.32E+04,,,,
,,8.57E+05,2.76E+06,6.00E+04,2.59E+05,2.58E+06,8.78E+05,,,,
,,6.00E+05,7.28E+04,8.51E+05,3.44E+05,1.90E+06,1.39E+05,,,,
,,9.47E+05,1.90E+06,2.93E+06,1.97E+07,8.39E+05,4.60E+06,,,,
,,4.27E+06,8.39E+05,5.11E+05,2.45E+05,4.14E+06,7.11E+05,,,,
,,7.39E+05,3.00E+05,2.77E+05,1.81E+06,1.82E+06,4.54E+05,,,,
,,1.51E+05,2.25E+06,1.11E+05,2.31E+05,5.48E+04,2.63E+05,,,,
,,1.04E+05,3.45E+04,2.60E+05,5.66E+05,2.46E+05,5.43E+05,,,,
,,7.84E+05,1.69E+05,3.05E+05,1.92E+06,3.74E+07,6.24E+06,,,,
,,1.96E+07,3.93E+07,1.21E+06,1.94E+05,1.71E+05,9.49E+05,,,,
,,1.25E+06,3.64E+06,2.44E+05,1.61E+06,1.88E+06,1.95E+05,,,,
,,9.82E+06,2.50E+07,3.52E+05,8.46E+05,8.39E+05,4.60E+06,,,,
,,1.55E+05,7.98E+05,5.57E+05,1.14E+06,5.04E+06,2.60E+05,,,,
,,6.74E+05,1.39E+06,5.92E+05,2.16E+05,4.79E+04,3.06E+05,,,,
,,1.32E+05,7.74E+05,4.31E+05,1.07E+05,2.32E+06,8.61E+05,,,,
,,4.68E+05,1.33E+06,5.21E+05,1.38E+05,1.38E+06,4.36E+05,,,,
,,2.15E+05,1.25E+06,3.24E+06,9.11E+06,1.60E+06,6.38E+05,,,,
,,1.51E+05,5.70E+04,1.04E+05,4.62E+04,6.98E+05,1.13E+05,,,,
,,1.67E+06,4.68E+07,1.17E+06,7.50E+04,3.48E+06,7.24E+06,,,,
,,1.14E+06,1.82E+05,4.31E+06,2.15E+06,3.66E+05,1.83E+06,,,,
,,1.14E+06,1.46E+05,3.13E+05,1.35E+05,9.96E+06,9.91E+05,,,,
,,1.01E+06,9.31E+04,3.57E+06,7.15E+05,1.47E+06,3.64E+05,,,,
,,7.57E+05,1.65E+05,5.18E+05,1.25E+06,5.96E+05,2.77E+05,,,,
,,1.88E+06,8.36E+06,2.08E+06,8.43E+05,1.68E+06,3.24E+07,,,,
,,1.08E+05,5.52E+05,9.22E+05,3.91E+05,5.68E+06,1.28E+05,,,,
,,2.23E+06,1.31E+07,1.93E+06,1.20E+07,6.21E+05,2.42E+05,,,,
,,3.79E+05,1.28E+05,2.51E+06,9.39E+05,1.45E+06,2.25E+05,,,,
,,1.63E+05,8.45E+05,9.77E+05,4.14E+05,3.34E+06,6.82E+05,,,,
,,1.78E+07,3.78E+07,6.91E+04,2.08E+05,9.10E+05,2.23E+05,,,,
,,1.60E+05,7.89E+04,1.42E+06,4.05E+06,5.02E+05,2.48E+05,,,,
,,1.74E+05,8.22E+04,5.21E+05,1.38E+05,3.45E+04,1.41E+05,,,,
,,1.27E+06,2.99E+05,1.31E+06,2.65E+05,7.39E+05,3.62E+05,,,,
,,2.86E+05,1.69E+06,1.10E+06,1.22E+05,4.82E+05,2.01E+05,,,,
,,1.70E+06,5.23E+06,6.58E+05,2.44E+06,8.37E+05,1.01E+05,,,,
,,4.27E+06,8.39E+05,2.21E+05,4.73E+05,5.77E+04,1.70E+05,,,,
,,3.05E+04,8.45E+05,1.93E+05,2.57E+06,7.02E+04,7.41E+05,,,,
,,2.77E+04,4.36E+05,1.26E+06,1.45E+05,,,,,,
,,2.90E+05,1.49E+06,2.60E+05,1.28E+06,,,,,,
,,4.59E+05,1.19E+06,1.86E+06,7.26E+05,,,,,,
,,9.59E+05,3.09E+05,7.17E+05,1.71E+06,,,,,,
,,6.47E+05,1.90E+05,2.56E+05,1.92E+06,,,,,,
,,2.69E+06,1.32E+06,9.47E+05,2.42E+06,,,,,,
,,9.07E+05,1.49E+05,4.27E+06,1.75E+06,,,,,,
,,1.08E+06,2.58E+06,8.72E+05,1.53E+05,,,,,,
,,2.09E+06,9.58E+05,4.64E+05,1.02E+06,,,,,,
,,2.63E+05,6.66E+05,7.84E+05,8.23E+04,,,,,,
,,4.18E+05,9.37E+05,6.53E+05,2.18E+05,,,,,,
,,4.27E+06,8.39E+05,1.25E+06,9.32E+06,,,,,,
,,9.20E+04,2.99E+05,4.79E+05,3.29E+04,,,,,,
,,3.73E+05,1.82E+06,1.55E+05,6.77E+05,,,,,,
,,1.55E+06,7.71E+05,6.74E+05,3.18E+06,,,,,,
,,5.85E+04,1.19E+05,2.62E+06,9.37E+05,,,,,,
,,8.24E+06,3.74E+07,4.77E+05,6.73E+04,,,,,,
,,4.27E+06,8.39E+05,2.15E+05,4.39E+05,,,,,,
,,2.34E+04,2.49E+05,3.00E+05,2.53E+06,,,,,,
,,3.19E+05,5.04E+06,1.32E+05,9.42E+05,,,,,,
,,7.08E+04,2.18E+05,4.68E+05,1.77E+06,,,,,,
,,7.95E+05,1.60E+06,7.60E+05,1.07E+05,,,,,,
,,1.87E+05,6.98E+05,7.18E+05,4.01E+06,,,,,,
,,5.25E+05,1.79E+05,1.14E+06,8.14E+04,,,,,,
,,1.57E+06,9.96E+06,1.01E+06,1.28E+05,,,,,,
,,2.58E+05,1.47E+06,2.78E+05,6.13E+05,,,,,,
,,2.74E+06,2.67E+05,7.57E+05,2.29E+05,,,,,,
,,1.21E+05,5.96E+05,2.87E+05,6.72E+05,,,,,,
,,1.78E+07,1.68E+06,1.05E+05,2.90E+05,,,,,,
,,3.12E+05,2.18E+06,9.63E+04,4.00E+05,,,,,,
,,1.98E+05,8.57E+04,3.90E+05,1.24E+05,,,,,,
,,9.81E+04,5.68E+06,1.34E+05,2.73E+05,,,,,,
,,8.09E+05,3.34E+06,7.82E+05,1.64E+05,,,,,,
,,2.35E+05,9.10E+05,3.98E+04,8.75E+05,,,,,,
,,1.34E+06,3.74E+05,1.69E+06,3.13E+05,,,,,,
,,1.48E+05,5.02E+05,7.92E+05,1.64E+05,,,,,,
,,1.01E+06,4.89E+05,4.15E+05,9.50E+04,,,,,,
,,1.04E+05,3.45E+04,4.27E+06,1.75E+06,,,,,,
,,3.52E+05,7.17E+05,6.46E+05,1.86E+05,,,,,,
,,1.16E+06,2.71E+06,4.56E+04,2.13E+05,,,,,,
,,7.12E+05,3.56E+05,7.69E+04,1.71E+05,,,,,,
,,6.60E+04,8.37E+05,9.59E+05,1.47E+05,,,,,,
,,2.45E+04,7.58E+05,8.12E+05,2.68E+05,,,,,,
,,6.68E+05,9.29E+06,1.88E+05,1.86E+06,,,,,,
,,,,8.11E+05,1.67E+05,,,,,,
,,,,9.07E+05,3.95E+05,,,,,,
,,,,9.23E+05,2.36E+06,,,,,,
,,,,2.92E+05,1.09E+06,,,,,,
,,,,2.09E+06,1.05E+05,,,,,,
,,,,5.05E+04,1.14E+05,,,,,,
,,,,4.27E+06,1.75E+06,,,,,,
,,,,4.48E+05,3.12E+06,,,,,,
,,,,1.73E+05,4.52E+05,,,,,,
,,,,3.57E+05,7.51E+04,,,,,,
,,,,8.36E+05,1.53E+05,,,,,,
,,,,5.85E+04,3.86E+05,,,,,,
,,,,1.87E+05,5.96E+04,,,,,,
,,,,4.27E+06,1.75E+06,,,,,,
,,,,8.73E+05,4.84E+04,,,,,,
,,,,8.22E+06,3.97E+06,,,,,,
,,,,1.94E+06,3.89E+06,,,,,,
,,,,2.05E+05,8.74E+05,,,,,,
,,,,2.15E+05,6.63E+04,,,,,,
,,,,2.20E+05,8.34E+05,,,,,,
,,,,2.92E+06,2.31E+07,,,,,,
,,,,6.34E+05,8.00E+04,,,,,,
,,,,7.95E+05,1.74E+06,,,,,,
,,,,2.74E+06,1.17E+06,,,,,,
,,,,9.64E+04,2.71E+05,,,,,,
,,,,1.78E+07,1.83E+06,,,,,,
,,,,1.68E+06,4.94E+05,,,,,,
,,,,4.49E+05,1.00E+06,,,,,,
,,,,6.36E+06,3.45E+05,,,,,,
,,,,5.58E+05,1.37E+05,,,,,,
,,,,9.32E+04,5.40E+05,,,,,,
,,,,6.03E+05,3.89E+06,,,,,,
,,,,1.34E+06,2.09E+05,,,,,,
,,,,6.10E+05,1.18E+05,,,,,,
,,,,4.38E+05,2.13E+05,,,,,,
,,,,1.76E+06,3.78E+06,,,,,,
,,,,1.01E+06,3.62E+05,,,,,,
,,,,3.52E+05,7.10E+05,,,,,,
,,,,1.99E+07,5.27E+06,,,,,,
,,,,5.75E+05,1.25E+06,,,,,,
,,,,3.28E+05,1.59E+05,,,,,,
,,,,3.62E+05,8.42E+05,,,,,,
,,,,2.06E+06,6.84E+06,,,,,,
,,,,3.71E+05,8.96E+05,,,,,,
