Replicate 1,Replicate 2,Replicate 1,Replicate 2,Replicate 1,Replicate 2,Replicate 1,Replicate 2
1937800000,2300600000,2759700000,2903900000,1474500000,1321200000,2412700000,7179300000
1342200000,1508500000,1757300000,1868600000,924140000,910670000,1708900000,3973300000
544080000,500060000,1523800000,1474400000,327340000,438450000,1783200000,1626800000
610670000,817510000,907630000,1046000000,450560000,436160000,672670000,2566000000
1568600000,1520400000,1112400000,1067200000,339710000,397580000,1565900000,1495000000
671440000,802490000,847080000,870400000,563420000,602450000,879760000,1924800000
40254000,49297000,604550000,495530000,2285100,2227100,1578000000,1221500000
42975000,44331000,156090000,148300000,0,546850,1090600000,1136900000
1489200000,1400500000,625550000,468230000,1189900000,1378500000,1296900000,598690000
721680000,839920000,1096600000,1256500000,32341000,34131000,1056800000,778900000
2669600000,2578100000,515560000,399670000,983540000,1134900000,989060000,493290000
19312000,20398000,197360000,191360000,2305700,0,1008800000,388070000
1532400000,1439700000,522590000,494570000,437890000,536660000,841650000,366260000
193580000,253510000,359160000,337560000,99799000,91829000,187490000,714070000
166110000,218670000,255840000,275370000,97497000,89365000,195430000,577720000
80074000,71627000,264110000,244060000,72207000,81592000,394860000,289600000
132630000,129100000,226420000,245050000,295570,785770,279580000,380650000
198470000,189340000,377050000,338480000,9270200,9084800,171690000,370010000
82227000,79736000,136880000,126960000,38389000,54870000,284000000,180660000
236180000,307460000,337650000,396740000,22243000,24118000,222700000,226500000
95418000,84162000,486210000,339320000,142130000,156490000,378440000,17201000
257080000,244570000,208210000,244530000,275790,0,165220000,227540000
172430000,76442000,40555000,82937000,2950700,1250800,105790000,285500000
688150,661750,111650000,106700000,0,0,213000000,169930000
398760000,403130000,142970000,141300000,408260000,546880000,228320000,153780000
94666000,86955000,493480000,338950000,125020000,163700000,341940000,15887000
208540000,163610000,89287000,85582000,0,0,145560000,188940000
103170000,91598000,140660000,151420000,0,0,106920000,217640000
87294000,90716000,202380000,244380000,140300000,141840000,269740000,52876000
53322000,56166000,301240000,343270000,47714000,58930000,305250000,9315700
2396600000,2341800000,3994900,5033500,3333400000,3678900000,4155300,277910000
139870000,142340000,156700000,187700000,146120000,180330000,130130000,126160000
34536000,42849000,39780000,66739000,48092000,37385000,53683000,197450000
150800000,152700000,178430000,205080000,167200000,194900000,119410000,128660000
138820000,128760000,98510000,101310000,83721000,109340000,76501000,158470000
100500000,106710000,179510000,198370000,29769000,39190000,155410000,74014000
28585000,25759000,90388000,87399000,30584000,37451000,110040000,96890000
43848000,75799000,105390000,99322000,18201000,12373000,34817000,171080000
68983000,70450000,143600000,184140000,741930,635850,144440000,46841000
84124000,77422000,66329000,64570000,0,0,82259000,108490000
79625000,79403000,60400000,52942000,0,0,59926000,122370000
80702000,74425000,65893000,69191000,48877000,68717000,58700000,120070000
30654000,32733000,141070000,137060000,20802000,31661000,162150000,13630000
75167000,60614000,47442000,45863000,0,320120,75084000,99515000
12253000,12375000,93506000,98071000,30254000,40189000,167950000,5821500
74589000,67552000,94937000,99133000,0,693020,58733000,112270000
96993000,99153000,142660000,179040000,0,0,96357000,71997000
0,0,78285000,54463000,0,0,119500000,46512000
98781000,89433000,53123000,46831000,39385000,44361000,92943000,67688000
7270900,7311100,82000000,75470000,283200,0,145000000,11872000
59021000,59877000,64704000,63467000,106820000,125080000,76656000,78309000
20248000,20686000,20410000,14331000,0,0,62379000,92312000
28280000,25549000,44462000,38935000,15508000,21630000,88375000,65322000
59557000,51449000,62559000,66981000,0,0,59702000,90249000
464900000,459970000,58544000,59043000,559260000,628670000,85406000,62643000
22969000,34346000,36624000,48561000,18087000,16456000,32447000,110020000
2913600,4766900,46132000,46118000,0,0,83549000,58004000
75740000,78754000,133540000,153580000,20564000,30712000,94389000,38844000
58339000,54261000,52402000,58165000,251850,0,57914000,72080000
107120000,96375000,52333000,50231000,194340,344320,74254000,50493000
72719000,81611000,123960000,127420000,0,0,77613000,42744000
74368000,80291000,109970000,117720000,0,0,64174000,54783000
214190000,208570000,25493000,20811000,135360000,166760000,59582000,56244000
78963000,85508000,47455000,45681000,41024000,55835000,77290000,31934000
427340000,407450000,21163000,15862000,352340000,439540000,61389000,46051000
39100000,47786000,109810000,148900000,10300000,12422000,95645000,8692500
47323000,44120000,21102000,17198000,9257300,11502000,75806000,20586000
19933000,19908000,100240000,102960000,11829000,16015000,90429000,5389800
70269000,71072000,41648000,34365000,118790000,143420000,44300000,50590000
939460000,892150000,6815700,7583200,195840000,238000000,18294000,74151000
63145000,45697000,34463000,37925000,0,0,35673000,55899000
45298000,43209000,28506000,32551000,83336000,108170000,66528000,24722000
122080000,122330000,48357000,53100000,22595000,32018000,67272000,22781000
31810000,32052000,29495000,34983000,0,0,41434000,47990000
7522700,6902800,36732000,34640000,10198000,11816000,39028000,43720000
35190000,36972000,29781000,28444000,9127900,11245000,22758000,59081000
14744000,21595000,21947000,6703800,34551000,55607000,26092000,48922000
13252000,18054000,20657000,28001000,9766600,8032700,16486000,58274000
10833000,9891100,23071000,20003000,55524000,60200000,42282000,32330000
44778000,41181000,51910000,59891000,0,0,35987000,37239000
1616700000,1483800000,384690,448160,377380000,416820000,468230,71763000
17392000,19114000,30241000,34703000,1975100,1932100,50878000,18991000
38487000,42577000,85566000,96335000,20051000,20496000,46055000,23453000
33241000,36436000,27040000,26893000,528300,394760,38553000,29473000
59552000,50891000,10457000,11469000,39252000,45998000,18381000,48503000
36151000,38565000,53015000,62713000,11560000,14123000,31999000,33633000
12493000,16911000,25987000,8564500,4145300,6407800,15787000,48008000
558230000,519170000,11487000,11463000,265720000,383750000,11584000,50040000
21335000,26784000,22796000,13289000,13845000,18130000,21136000,38083000
809100000,696480000,117800,173340,331550000,439040000,0,59208000
66512000,65184000,21343000,19366000,68412000,79408000,34527000,24486000
42070000,40433000,16299000,14456000,0,0,16821000,42173000
2941200,2941200,12464000,12408000,8607100,11132000,23258000,35592000
48730000,37660000,9536800,9868200,0,0,24609000,33394000
1978500000,1735900000,1530900,1326000,35335000,73053000,595270,57386000
256940000,246130000,28075000,14695000,925940,1036000,42860000,15074000
52461000,59579000,192780000,261790000,1640700,1810100,31166000,24646000
717740000,676310000,345880,496540,545510000,696800000,0,54154000
446470000,412010000,2024500,1386600,1385300000,1671400000,8067800,44832000
29432000,30780000,57879000,68947000,9870200,12316000,41317000,11356000
43950000,37585000,28212000,29976000,13108000,14444000,21548000,30912000
31470000,27974000,30598000,39168000,32335000,38026000,29973000,20713000
19573000,19305000,26621000,22233000,12204000,11482000,19215000,29368000
30455000,31457000,48029000,52820000,0,0,29782000,18719000
14839000,19416000,28442000,22025000,18313000,13424000,12775000,35571000
253140000,193390000,4469800,3467500,144080000,186600000,5195000,42520000
7232900,10470000,9155600,14004000,6224700,6040000,11442000,35698000
8050600,11089000,19953000,6960800,2846700,3790300,15143000,30533000
264580000,255270000,34859000,29196000,235860000,276940000,20750000,24560000
282650000,236350000,0,80311000,463870000,585390000,0,45242000
9527700,9425400,9892900,13742000,5666900,6640100,12212000,32796000
611950000,605290000,289250,302070,441710000,519420000,0,44450000
33407000,34194000,27651000,28154000,4310900,4093300,16144000,27586000
8194700,11636000,14153000,2819400,22246000,20813000,15360000,28163000
6614000,7762200,10102000,4443200,6241400,8193500,12265000,31091000
10516000,21620000,15150000,21371000,3993300,3230500,8781800,33783000
11343000,11925000,21012000,10732000,5062300,7093100,14342000,27454000
17932000,20041000,18594000,18083000,0,0,17917000,23760000
5942200,7302700,11980000,3731600,12627000,10809000,13136000,27763000
18010000,17675000,17619000,18197000,5763300,6871100,12756000,26622000
34181000,31867000,35842000,35460000,3999200,6519000,20230000,19132000
22983000,24334000,36817000,48273000,1082600,988900,31828000,7223000
7486700,9037800,11034000,13604000,6345400,5487000,9308300,29722000
20432000,25475000,30379000,39694000,4795200,4675300,24411000,14464000
15812000,13604000,11329000,10454000,0,0,15190000,22952000
21568000,23593000,47707000,62835000,8497100,8500600,30635000,7001700
24071000,21100000,45865000,50137000,980890,1287900,21924000,15615000
22244000,22473000,33870000,36084000,0,0,16095000,21348000
15760000,15604000,21397000,14853000,5078700,5940400,12554000,24872000
24605000,25761000,15698000,16918000,1330800,879860,14883000,22295000
6601800,10887000,7031300,7842600,2781200,3077200,7115500,29868000
4638700,5135900,18587000,16868000,4238900,6459200,22626000,13491000
6138900,10212000,15583000,9610000,1609600,1231900,7019500,28628000
19510000,22339000,43619000,54146000,6405900,9001400,28096000,7134800
5876800,9471000,14272000,6500900,0,3259400,14208000,20569000
17720000,13432000,11305000,17060000,4115600,4460700,8504200,25622000
5362700,7571700,9074000,3887100,18124000,30138000,9955900,24143000
24726000,23195000,2610000,1968300,62316000,51935000,19282000,14533000
17755000,15830000,13022000,15646000,0,0,11614000,21355000
18373000,19140000,16449000,14655000,13466000,15646000,13321000,19305000
13295000,11860000,16731000,20516000,3941100,3667900,15115000,17403000
174060000,157490000,10876000,13591000,14934000,15636000,13996000,18183000
27079000,24409000,21005000,23292000,5203600,7004000,11282000,20811000
3012600,2992300,10856000,10773000,5759800,5698200,18470000,12978000
11298000,10345000,26512000,37881000,13675000,14323000,24547000,5351200
13254000,14767000,11719000,8287500,5283000,5836800,15716000,14080000
4413400,5337000,12226000,13445000,2436900,733860,26679000,2915600
16225000,14411000,11504000,10194000,4467800,5798200,11695000,17022000
7862800,11732000,12154000,5923800,7377600,7835700,5556700,21804000
10553000,10533000,9359800,10840000,0,0,11801000,15317000
8007500,9306400,18711000,17297000,0,0,13924000,13038000
8260200,8316800,26207000,28660000,6295400,7929100,21179000,4692300
12096000,13769000,15783000,14422000,0,0,10777000,14158000
11354000,11448000,13277000,13319000,2759700,3066100,11924000,12873000
13534000,10872000,10953000,10850000,0,0,8452300,15745000
8943300,8090200,16238000,18173000,0,0,14848000,9305300
11059000,13029000,13429000,9971900,1645800,2398700,9331700,14634000
20842000,18542000,4662500,2479800,6621600,6606100,8081100,15636000
59285000,62006000,13345000,13635000,19586000,20519000,12062000,11532000
110720000,101020000,14835000,14119000,11193000,11935000,12367000,10949000
5446200,6203400,7958800,6079600,0,0,10143000,12939000
11658000,9257800,8346000,12438000,2719000,2497800,5065600,17874000
9540800,11153000,18294000,23923000,10377000,10921000,14016000,8907900
10400000,12780000,22625000,24515000,2188800,2601300,15726000,7158800
9642100,8861000,9267600,9090600,0,0,13262000,9510900
1109500,38171000,1772100,1442400,13878000,8080500,1509700,21042000
0,0,8220900,5973300,0,0,12640000,9813700
15774000,14777000,11594000,11424000,0,0,11503000,10937000
10419000,10792000,8508700,8320100,0,0,7944400,14328000
6802000,6688900,14644000,15655000,11114000,12487000,16388000,5680700
21971000,15645000,13012000,12970000,0,0,9535800,12340000
5729700,12416000,5771400,6738500,1822400,2258100,5394500,16474000
11002000,11636000,10020000,9516400,7868700,9308400,11015000,10699000
452070000,418870000,652610,606650,708000000,875430000,465910,21034000
1028200,1169500,13624000,11599000,0,0,19031000,2043400
15589000,15131000,8041900,6702600,27385000,27083000,9846800,11101000
6375200,5520000,7215900,7712300,3345800,4219300,5372200,15544000
10663000,11722000,10017000,10381000,0,0,8853600,12035000
758640,543070,7201500,7085100,0,752890,20796000,0
2467900,3840000,5587400,1275900,3293400,3882100,5857400,14840000
1492200,1599000,6269500,3417000,2392600,1799100,19400000,1249600
2286900,3382300,4252700,1421300,3185900,3661300,5995400,14531000
5247600,5705500,10814000,9395500,0,0,13402000,7096700
4630500,5140500,10007000,3893200,0,0,8323400,12064000
49701000,54332000,2025400,1033300,78781000,86315000,9724600,10353000
217700000,198180000,0,0,122080000,134550000,0,19624000
17123000,16362000,12523000,14409000,5425800,4881800,8497600,10724000
6766100,7035700,10133000,11204000,8891500,11329000,12105000,7082500
8576800,8485400,5244100,5541800,12605000,16559000,7430900,11735000
7538200,9156400,11059000,12285000,0,0,12362000,6703100
13368000,11407000,7388500,7878400,0,0,8309200,10438000
5178100,5147200,11369000,13322000,3035100,4582300,12649000,5985800
13490000,12873000,24864000,28479000,0,2079800,13639000,4817300
6342700,5264900,6322600,7009800,0,0,6292700,12144000
3335100,4961100,2075600,11376000,2090000,821290,3097100,15222000
10246000,11351000,6089500,6090800,13493000,21264000,4813400,13490000
2715400,2905300,18243000,18553000,1041500,1088100,17899000,309480
15119000,14541000,13225000,13714000,2445800,1894100,9853000,8304800
14459000,11723000,13160000,11249000,5701600,5525100,9214700,8576600
16094000,20090000,24974000,29256000,3569800,3766400,9933600,7819700
14935000,15254000,32191000,34703000,3952100,3810900,16062000,1562200
10472000,9790600,10307000,12489000,0,0,14448000,2973300
36449000,41327000,10557000,7162700,12381000,16518000,10348000,7021700
11272000,12428000,9699300,5734600,12136000,12664000,6627600,10667000
10619000,12176000,11333000,11780000,0,1700100,7436300,9775800
4930500,6913100,14297000,17077000,0,604500,12279000,4928400
10456000,9949600,8581000,7994300,0,2908300,7547700,9558200
8850900,9569000,12476000,14147000,0,0,7703000,9194000
86645000,75159000,3487600,2513200,179320000,207020000,9872500,6987300
244360,316340,398100,0,0,0,9314800,7332900
11049000,3144400,2967200,5979300,2042100,1971200,4115600,12384000
19477000,19875000,7803400,9131600,14640000,16501000,7442500,8946500
2709200,2629200,3621200,865320,2967500,4340600,3916800,12441000
6288900,6236100,8261000,9159200,2787400,3310500,8624000,7669900
552030,475090,11741000,11512000,0,0,15832000,370350
9342200,8420600,10847000,9656700,0,0,7142900,9055300
7193000,6678300,8993800,10679000,3907800,5095200,9200000,6702200
10858000,9507200,7386000,9274300,0,0,4868400,11025000
0,0,0,0,0,0,0,15845000
18533000,18026000,7670800,5717100,4383900,4490300,7875600,7967000
8094500,7117400,15180000,16938000,9196200,10120000,11533000,4279200
9007400,8119800,9193800,10930000,0,1457500,6601500,9061600
3108900,3740800,6556400,5596000,1313700,1894200,6145200,9406900
7222600,8508900,6076100,3483900,5801000,4704100,5871900,9633600
10092000,11277000,4845700,4002700,0,0,7540500,7528400
8893900,11544000,6311900,4939400,4970600,7045800,5188300,9841400
5435600,4999000,6721100,11544000,4388600,1933200,5696700,9310600
6368000,5403300,5942000,5838400,2405900,2746300,4424800,10528000
6180700,8462600,4761200,2833300,2285500,3416000,3718200,11107000
7329300,8523700,10953000,13879000,0,0,7612900,7150400
5635400,5308400,13786000,14459000,3081900,2396300,10967000,3633700
5703100,3830400,3091400,4785200,0,2525800,5190300,9192600
10493000,12912000,23510000,30268000,0,0,14371000,0
5202300,5778800,10916000,12603000,5327700,5622600,8658600,5635600
7783100,7983200,17108000,19761000,3574800,4002300,11452000,2737500
10768000,10470000,13497000,17071000,0,0,3811700,10341000
2228200,2866100,3160900,5458200,1830100,1319900,1845500,12296000
5476400,5104400,4863600,6026200,0,0,5273200,8801800
3268900,3175600,5156900,4564800,0,0,11924000,1996600
2441000,2952200,18661000,23392000,0,0,13027000,872370
7296800,10084000,16452000,22322000,373690,346720,12011000,1886600
4387600,3013400,5443800,5595600,2094300,2795300,3375800,10490000
6936400,9802200,21548000,24043000,0,1523900,11911000,1765100
4943900,5522600,11218000,4720900,0,2117100,4516600,9157400
4119400,5970000,44958000,33327000,0,1016700,12810000,767290
0,60159000,0,0,464030,578910,317440,13247000
21020000,20582000,2442800,2090000,24320000,20946000,6712100,6776900
39057000,40971000,4724400,4553400,16051000,20088000,3793900,9502800
7241000,0,17830000,25867000,0,0,8621900,4653500
2997500,3137100,6042900,9183200,10470000,9146100,12174000,1058200
9591200,13083000,5751800,5004300,18900000,20820000,3575100,9627000
2594800,3548800,4192300,769790,822480,799950,3371200,9741800
1867800,3090900,1583500,2422000,3760400,3977000,3108700,9750500
2071600,1445600,2635800,2874100,1387100,1104600,2538000,10221000
4701500,4728000,22056000,24081000,4736600,6622400,12713000,0
9896500,8955500,8264800,11091000,9255700,11262000,6731000,5752500
4168100,3878700,7602900,9012500,3052900,3278300,9271300,3094300
103300000,89952000,2334500,2521800,7937500,11971000,7985000,4337700
17302000,18532000,2972500,2322600,3434300,4550600,8250400,3802800
4509000,4886300,11145000,10619000,1859600,2412200,7639900,3964500
7072500,7132900,8588500,9975200,2080100,3036400,5993600,5522300
7348800,7411500,9554200,11150000,3615300,4011500,6861200,4488300
3704800,4713100,5424100,2577900,5594100,7671200,3523300,7817800
4308300,4282400,3565700,3028700,4224800,5262300,5310900,6004200
3735600,3743100,7246000,8428500,0,0,7356300,3903600
3500700,3714500,9330100,11590000,0,0,8939400,2088900
6072500,5777600,5405900,6592300,0,0,5079700,5795500
7772200,8344500,14390000,19213000,3033300,2945700,8002700,2706900
3658900,3763000,3367800,3157500,0,0,4130600,6452800
6328800,5863000,13953000,15329000,0,1448700,8434900,2136900
4106300,4603500,8800200,8191500,0,2536600,6340300,4226600
2736100,2752700,6730100,6181800,1173800,1904500,6992800,3562600
268610000,231240000,128060,119380,338710000,387420000,883880,9596900
1163400,1448700,3514900,2741800,442870000,579350000,5340100,5032400
5104700,5956600,12468000,14055000,2582800,2784500,8228200,1974700
987880,1299000,6258800,4053500,1010000,623520,7795900,2286100
5421000,4901300,14978000,17691000,0,1029100,7884500,2188900
61873000,49065000,2099900,1499700,69847000,86136000,2642900,7405800
5240100,5710200,3645000,2261200,2946800,2582400,2396700,7593400
3315400,4265200,2807600,3040500,0,0,4069200,5881300
4457200,4926000,3766200,3361800,0,0,4507000,5331700
2993600,11509000,2966500,2281000,1755300,1883800,2113200,7649100
2385200,2311000,5021500,4925700,0,0,7488800,2205000
20953000,18368000,2921000,2311900,6346000,6662500,2631100,6950700
3803800,2892200,3513400,3655200,0,0,6400600,3119000
149830000,141100000,0,0,194700000,209390000,0,9458700
2954800,3215500,5457700,5385800,4463700,0,6150300,3171100
2889600,3112900,3116900,2573300,0,0,3537700,5705500
4502400,4993300,4069600,4209000,0,0,3947400,5210600
29178000,27217000,5692200,5990000,13646000,16223000,3632000,5430500
52837000,54857000,4853500,4333500,68130000,72465000,6469500,2441400
3500100,4150200,3108500,3196900,0,0,3920100,4954100
8306000,8993500,4501300,4374100,0,0,3933400,4898800
2822400,3102300,7270900,10766000,0,430370,6016100,2760100
8980100,7236100,6206300,5895400,0,0,3771700,4997900
2836600,2864500,2972900,2936900,14282000,13170000,4569900,4132300
5588300,6050100,5829200,5663100,1253500,1346000,3278400,5363600
1215100,1126900,3868800,3349300,1173700,1426300,4451500,4068800
4456700,4387100,7275000,7122000,0,0,4911900,3507000
1144500,0,1040800,860380,0,0,2980200,5172500
6706800,6040500,7793600,21822000,0,1153100,5267600,2862500
2775500,3751000,7762200,8319400,0,0,5255100,2861900
2549800,2614600,5670100,6405000,2639400,3250400,6320200,1639200
1363000,1187400,1281400,2827500,596690,681280,1662500,6199500
8577100,8186700,1597600,1603700,0,0,3728100,4084400
3436400,4025100,6590900,10159000,2255000,1904600,6055800,1754900
4055100,3301800,2882000,2871800,2898600,1897800,2240600,5521300
934390,1664000,938140,518540,0,937720,621200,7136500
1332700,1837900,2102300,2442300,1195800,911220,1851900,5774600
5535900,5496400,15783000,13792000,0,0,4340800,3280700
2532700,2813700,942420,0,5999500,7071300,1837900,5711600
3642800,3231700,5316400,6079500,0,0,4560000,2978800
3121100,2979200,2934700,2083100,0,0,2730300,4794200
3899600,4634200,3068800,3503500,0,0,3282000,4239900
2558400,1795700,1014900,2119500,985150,954840,1446900,6031000
1981500,2594600,7448600,7954800,1193000,1176300,5015400,2380700
5450200,4423500,6631100,8932600,6742000,7495900,4458400,2849100
2973800,3662500,1899100,2151700,0,1917000,4131000,3169200
1123800,1300700,0,4988300,980390,0,1275500,5992700
2976000,2423000,3996800,4435700,0,0,3517900,3747600
2367200,3094200,2997800,2194000,9789800,9969800,3159500,4004700
2162600,2179500,4528100,2826400,0,0,2913700,4242100
3649700,3874000,5115100,7183500,0,0,3969200,3177100
3399000,3412500,1942900,1225100,1310700,1412600,2274500,4829000
2334400,2500800,2682700,4120900,0,0,4604300,2466100
865570,1613700,1212700,810330,0,613780,0,6980900
2479700,1212000,1010000,1602800,0,728950,1497000,5454300
2751200,1074100,1055900,1954900,0,0,1158300,5768900
4487300,4372300,4432400,5080400,0,0,3413000,3462300
25218000,21199000,1232000,1170100,0,0,6134800,650440
7437900,8231400,10072000,9870500,0,0,3008300,3716600
79078000,69272000,630760,483780,105400000,133720000,492160,6183500
2685000,2935700,8776500,7419500,0,0,3914800,2641600
2437800,2699700,1795500,1895200,0,0,2721500,3821500
5429800,4483500,3579300,4060600,0,0,2574000,3936200
3438200,0,0,0,0,0,0,6472700
119350000,112730000,0,0,1156100000,1383800000,1123800,5289400
4020200,3588100,2621600,2854900,0,0,2912800,3489700
3657800,3627300,2671600,3254100,0,0,3218300,3137400
5786300,4616800,3931200,4437100,0,0,1811500,4499800
3339400,3381400,4952800,4938100,0,0,2357300,3941400
2872400,2375200,3381600,2582700,0,0,2167900,4117600
2879000,2791000,3670700,3517100,0,0,3407700,2819600
2157600,2375400,7199000,10664000,2623900,2901000,5062700,1053200
464580000,119580000,1996700,0,0,0,0,6078000
1557800,1951800,4169500,5281500,0,0,4991300,1068700
2454200,3136500,3554600,4835500,0,0,1940400,4116800
1971300,1969500,3520300,6707300,820940,762400,6045900,0
3243000,3369000,8409100,11805000,0,0,3815200,2210100
1397200,1349800,4063700,5374000,2266600,2698200,5497100,491340
2297700,2305000,8409400,9241900,4360500,4955500,5187400,799490
2265400,3707200,2451300,1972100,876320,1293100,2123700,3835500
1371800,987680,4720500,4321400,560890,787790,5369800,534140
1952100,814410,762490,1336100,0,473530,651040,5179800
802160,917970,938770,1516900,0,717030,862430,4913900
2015100,2389500,2895900,3484400,0,0,3196100,2564300
1669700,1598300,4121200,3470900,0,0,3367200,2351000
173590000,160940000,130550,133250,76304000,103410000,830430,4870800
3220800,3029900,2343500,2521000,0,0,2201200,3483800
3121400,3423600,4937400,6496400,1190700,1629800,2757600,2864000
1830900,1965100,2567000,3135700,1966300,3110200,2905200,2713200
1343000,1300000,4370000,7649700,0,613700,5596300,0
4457400,4273900,6368500,7315300,3090200,3514100,2827300,2756100
2211300,2553100,3884500,4019000,0,0,2924700,2569500
4399500,4799600,4354100,4324100,4691500,5484200,2442100,3018300
3054700,2372200,6925400,5844900,0,0,2756200,2696900
66997000,62635000,0,0,50597000,62121000,0,5447100
2260600,2496000,2715300,2662700,0,0,2503300,2902400
6338400,5175000,7671700,7587900,0,0,3367800,1993300
0,0,3048400,0,0,0,5353300,0
2698600,3002800,2000000,1932300,0,0,1418700,3931400
1275600,533750,866210,967750,319080,518900,1861900,3461500
9964700,11188000,3132800,2650200,5384200,7238800,2651800,2669400
1879500,2049600,1680400,1871300,0,0,2335000,2976500
1800300,1921800,5151700,5658900,1983100,1321700,3323500,1980000
63694000,62423000,3241900,1586400,490610000,602480000,3405200,1766700
2224100,2107600,3287400,3981100,1514500,1074200,2475700,2690800
2171000,2042300,3998600,4606200,0,0,3324400,1816300
2577200,2931300,2628700,2488600,1357500,2066100,2298800,2824900
52290000,56046000,1220200,875520,198610000,216580000,2278100,2842500
3797400,3524700,4721200,6118700,2245700,0,5061200,0
1343500,2021200,6001700,6987200,0,0,4539000,521460
3351100,3170400,4116500,5483600,1679900,2011400,2735500,2317200
1778100,2081300,2499500,3617600,0,0,3274400,1766600
7073200,6428500,3167700,1320200,2113000,2610600,1511900,3506100
1400700,1803700,11680000,13034000,0,0,4748700,254090
1971200,1653700,4030100,5703000,0,0,3112500,1864100
0,656680,5137100,2238600,810500,969010,3721800,1247300
0,0,0,0,0,0,0,4909400
1565000,1486800,2375300,2996300,0,895720,3049900,1839900
1047500,1337600,2829500,3986900,0,0,4882600,0
1701400,2155700,4279800,4988300,0,0,2863200,2016700
0,3055900,7874000,7449300,0,1638100,2427700,2435700
0,0,1433700,853640,0,0,3889100,961580
1152500,1051400,3046200,2057400,0,0,1585100,3232800
13860000,12315000,1651600,1879200,4851000,4789700,3378000,1434400
3082500,3337800,5671800,6003300,0,0,2279600,2532400
1986400,2150000,1697300,1635000,1904100,3045400,1911500,2888900
198210000,191260000,350200,399360,275310000,304920000,0,4759600
1457100,1708900,1603600,1961700,0,0,2307600,2431800
36022000,32242000,3493600,3204800,10750000,9112700,2804700,1919000
45849000,41570000,401350,843690,82598000,76605000,681440,4036700
1689400,2379500,2533000,2790900,0,0,1557200,3160400
3395000,2904000,2181900,2157000,6445200,9555200,1071100,3576400
2953000,2120100,1408700,1530100,0,1401300,1549400,3087800
0,1079400,2383800,2049100,0,0,2900200,1651400
2250100,2145200,1384400,1642300,0,0,2109800,2407900
2327000,2220600,4209500,4394900,0,0,2749900,1727900
1978800,2500400,3749500,4292200,0,0,2545500,1931900
879260,0,4336600,973350,0,0,4448000,0
979920,1358500,1011800,1351200,0,1193800,808190,3623200
904580,981000,1740800,1467200,0,0,2307700,2090000
908920,1536200,2070500,2182700,0,0,3182000,1206900
1800800,2083000,1709800,1495000,1474900,1529100,1382200,3005800
48132000,48040000,517250,449140,282710000,286410000,871170,3505800
1934400,2116700,925030,1052500,0,0,1913800,2420400
1601600,1629900,1671700,774890,1290900,1679700,1100100,3214000
4125300,2433700,0,0,0,0,0,4286600
2642700,3037000,1095400,912650,8964000,10747000,1886000,2399700
1346700,1678300,1534600,0,816760,717740,0,4254700
14184000,14428000,3812500,4505500,9534900,11300000,2718800,1527400
7908200,7814200,4437200,3948500,0,0,1679100,2543000
0,0,0,0,0,0,0,4210100
2296900,2089800,460360,0,423190,0,1781000,2413200
1353800,1610700,5159200,6985300,1620600,1519700,4173700,0
5091700,1337400,800400,2207800,1075300,0,0,4167600
0,0,0,0,0,0,0,4118200
1888800,2692900,4631900,5742500,1767700,1899900,2306900,1784800
1445700,1287400,1505500,1017400,0,0,1998700,2080100
1640000,2076000,7093700,7420400,0,0,3314600,762840
856790,1366900,1326200,634460,0,736750,0,4067700
1665400,1487400,2103300,2484700,0,0,1620400,2440200
1283900,1175600,2488600,2565200,0,0,2459300,1569400
227780000,229620000,0,129240,192690000,221160000,0,4020600
2124400,2224600,1950800,1058400,1298000,1639700,1063900,2951000
1730000,1297000,2396400,2659600,888630,842830,1904300,2103500
2424400,2295000,3227200,2941600,0,0,2386800,1616000
2460800,2424600,3156500,3630000,0,0,2348600,1636000
1265400,2010000,2630700,2187600,0,1293100,0,3970200
1315700,1464900,3351700,3814700,0,0,2400900,1523000
520710,537590,633110,644000,0,499900,829830,3074700
11273000,8107500,1865800,1233400,0,0,3891200,0
1248400,1196300,2145700,3414900,6230800,7141300,3885800,0
720630,1316600,901510,338540,0,627530,688770,3190800
889510,1018100,778360,0,0,0,628620,3234500
1705000,1470100,2856200,3037000,0,0,2437000,1364700
1303300,1304800,2463200,2379100,0,0,1970300,1829300
1333700,2149700,1055000,914600,0,0,1221700,2570400
772930,846000,3602700,4732600,0,506520,3791400,0
3584300,1831800,1963600,3195800,2483600,3133700,2756000,1027500
1124200,1221000,880910,0,0,0,2015200,1762500
3686100,4719700,1195900,1409600,6415300,6291900,1443300,2306000
1688300,1639900,1738400,1935100,0,1095900,1549000,2198900
1976100,2195500,1377900,1684000,3062200,3926300,2033000,1709200
24969000,25117000,0,0,49349000,32234000,0,3734600
1628500,1665500,1811200,1948900,0,0,2125800,1586100
1973200,2768200,2441700,2631600,0,0,1417100,2278300
2360000,1924600,4421200,5164600,1156400,1132600,2288600,1395400
7676700,5917400,1090000,1255000,4030500,3771300,1568100,2115100
972010,1023300,2090000,2271100,0,0,1617000,2065900
3861000,3117400,5257400,7831900,0,1070200,2242600,1433300
694000,841330,1091300,0,0,586240,819050,2855100
756640,813160,978100,743200,0,583360,2063600,1600900
9580600,10574000,2995900,2595200,3974500,6301900,1691100,1965000
1314900,1496300,1164200,1634400,0,971340,978590,2666900
208450000,168050000,142190,149980,50856000,72266000,0,3627300
950830,981440,0,561010,0,765280,587370,3021800
1222500,1219200,3241000,2540600,1063700,1510100,2624500,970420
0,0,2434000,2992800,3204700,2547700,3579200,0
577760,0,1485300,1720000,0,0,3548600,0
0,0,2188300,2295600,0,908430,3547300,0
2436900,2156000,1174700,1326000,0,0,1205700,2335700
0,0,3815200,3683700,1317100,961700,3537000,0
4569100,3621200,636380,623100,13579000,8967400,1977600,1550600
1004400,1118200,1934600,1989600,0,0,1599200,1926500
0,707550,1817500,2060500,0,0,3475000,0
489000,640730,692470,683060,371380,0,574210,2880200
834760,1096000,1939600,2703600,0,318570,1758300,1690600
2222500,2233100,1053700,910540,1317300,1409000,1904900,1542100
1947400,1492500,3966900,5000300,0,0,3442800,0
1222200,1210700,3590100,3417800,0,969920,2070000,1354400
1695600,1714700,3795500,4122600,0,0,1883800,1522900
4685500,5842600,4975700,5918200,1257500,1428600,1621800,1778900
1546200,1408500,1061700,1222900,0,0,1042300,2355400
1843500,1744000,2304100,3013600,0,0,1893200,1483800
4025700,3541200,1242800,1130000,0,0,1522100,1852800
1386700,1166100,986180,1057100,0,0,1565600,1796900
2159200,1780900,1828600,2030400,0,0,1410600,1932700
38311000,37890000,0,0,18848000,19139000,0,3308300
0,0,1191000,1391800,0,764290,1691300,1573200
1221900,1471600,987250,956850,0,0,1123200,2138600
1605600,1888200,2874300,2838600,0,0,1689600,1551200
2135700,2368000,1669700,1487400,1493300,1838500,1215000,2024800
2032000,2518600,5349900,6620600,4114000,4285600,3235400,0
1612500,1762200,1591800,1772100,0,0,1654300,1564400
8794700,7716500,0,0,16471000,11323000,0,3167100
1660200,1381400,1473700,1588100,2609500,2480600,985750,2174400
1501700,1690100,1796800,1687200,0,0,1173400,1986400
1205600,852220,0,824410,0,0,1360300,1792300
762550,548180,0,591190,0,0,447290,2701100
1428600,1580300,629210,358740,0,0,1361900,1782200
2166000,2060900,1380700,1191400,1238500,1585800,1665100,1474800
843880,1262500,2153500,2791200,0,782350,2016700,1112600
1665800,1964000,4628300,6427800,0,0,3105400,0
2810700,3688700,3645300,2116200,0,1362300,1350200,1753700
1178100,1179800,3163700,5024000,0,446920,2440100,635900
0,0,1482700,1113600,0,0,1778900,1286700
44901000,8607800,55081000,5411800,70721000,4389400,2234500,827990
1555600,1467400,2326000,1989800,0,936720,1986200,1061900
474270,567700,1921700,1967000,0,0,1986600,1059000
38031000,32899000,0,0,170550000,572270000,808110,2220900
37075000,34007000,1099300,0,162490000,72082000,0,3007000
0,846850,1408900,1073000,0,0,1582000,1408000
825770,905290,1202700,1205700,0,0,744730,2242600
123750,242940,286940,234200,85006000,79261000,1993000,971640
0,1187300,0,714230,0,0,0,2934700
0,0,2134500,2293500,0,0,2439100,483800
1420300,1823900,906460,894720,0,0,1659600,1234800
1457300,1589300,2441400,2961300,0,0,1649500,1242400
0,906050,840670,661780,0,0,666200,2219300
1204400,1147300,2255000,2428800,0,0,1809100,1075600
1372700,1162900,3026300,3848300,3600600,3415800,2877500,0
1616900,1554300,2571100,2485400,1076900,1394100,1513500,1363900
1132700,1802800,2994400,4501900,0,647280,2139800,726240
0,0,0,0,0,0,2862000,0
53734000,41927000,0,0,72149000,92350000,0,2861600
1502000,1440300,1280200,1007500,0,1426100,1079900,1774900
1263000,1348900,3444900,4342100,0,0,1490400,1336300
1515700,1406100,2884700,4389300,0,0,1680200,1135800
2425300,2878700,7935400,9715400,0,546480,2195300,606750
3045800,3235000,4640300,0,0,0,2795500,0
1344200,1573400,2428700,2435000,0,0,1177400,1611500
3721300,3464200,1672300,1598900,0,955830,818390,1952500
37235000,38911000,0,0,14063000,16812000,409810,2358300
7503800,8417400,14981000,21442000,1427300,1043700,2105500,651380
0,319470,286910,248940,0,0,333340,2421600
934710,1126300,1234200,1382600,0,0,1538800,1202900
3538900,3538500,8726600,10697000,2701700,3163300,2734500,0
0,0,734380,655310,0,0,2716300,0
697550,1040200,1791700,1768300,0,0,1180700,1511000
7616700,5708000,1087500,0,1638600,1845500,1014300,1676900
1669100,1263700,854580,682420,763700,950680,1151600,1518400
688700,657480,1354800,2495100,529240,655450,2022100,629910
1195900,1151700,1387100,1298600,0,0,1226100,1422900
260150000,249740000,93132,85758,161240000,187300000,74431,2563500
921210,1002200,2649900,2856900,0,0,1877000,752110
1653200,1568100,3718300,4914600,0,744890,2622500,0
448580000,408910000,169390,103770,104410000,142760000,0,2614700
1918000,1045000,2808700,0,0,344460,2605800,0
0,0,0,0,0,0,2586200,0
792680,743840,2181800,2522600,1100600,1158200,2570700,0
1031400,784910,2160000,2919700,0,0,2539500,0
1444100,1487000,1697200,2021200,564930,693650,909890,1626600
0,0,0,0,0,0,0,2520100
1561200,2213900,3000600,3957800,0,0,1739500,752130
7381900,5469200,762190,574630,11593000,11643000,906380,1584300
82030000,81878000,132570,227820,99326000,101860000,104330,2372900
880070,2578900,852980,1302500,0,0,1120900,1348600
1583000,1507600,1269000,1258200,783390,793920,816880,1649600
759990,718380,1955600,1918700,0,0,1566100,897340
804790,916540,2815900,3129300,0,0,2453700,0
0,0,779550,807840,0,0,2453300,0
1440400,1267700,1332500,1569500,0,0,1272300,1173700
1230900,558820,1082500,1314800,0,0,1163300,1282100
573180,582560,2515700,2192300,0,1360700,2443300,0
3668600,3465300,1229600,1123600,0,0,0,2436900
5448100,4270600,4176100,2796200,0,0,2432400,0
496320,868730,2199800,2771100,751640,640430,2416800,0
5964100,4045400,0,0,5051400,5407100,0,2395400
970400,786020,3112800,4616200,0,0,2387500,0
1235100,1077100,0,0,0,0,1013800,1363900
867690,894930,1238200,1494900,0,0,1291200,1082900
673500,611560,807400,1139500,864720,898260,1554600,819340
755640,821810,1404800,1861400,0,0,1004700,1359500
921680,842440,1600200,1426300,0,0,2346000,0
734560,749030,780740,839850,0,0,1579700,755280
1100600,1111000,923920,840920,2357800,1629100,932680,1401300
1337600,1333300,1453300,2587700,0,0,1164500,1167300
1360300,1058600,1151500,876470,1857600,1901700,1015600,1313500
1290800,1306000,1772600,1483700,927470,937880,648790,1650100
0,0,977370,0,0,0,0,2296200
1892200,1429100,1435700,1138500,0,0,1189100,1106900
1013400,1175600,1416200,1902400,1658100,1417800,2282700,0
1464300,1361600,1200900,1311500,0,0,1059800,1207500
1392800,1663100,2946600,3414800,0,0,2262300,0
1543200,1387100,1202600,815850,0,1161200,656960,1592500
39149000,32892000,0,0,220110000,271450000,0,2246100
817090,910050,1597900,1506000,1389200,995510,1492100,736150
0,0,785570,736720,0,0,2208400,0
0,0,911350,766860,0,0,2205500,0
1095800,1190900,1360800,1460900,0,0,1208100,989180
63891000,58026000,0,0,32042000,39560000,0,2192800
289170000,256750000,209070,241290,13581000,105740000,203710,1977900
1097900,1161900,926330,774370,0,0,994110,1185300
0,0,0,979580,0,0,0,2174600
0,0,1063300,0,1037100,0,814530,1352300
0,0,0,0,0,0,2152200,0
3192400,3342000,750470,580870,2834200,2644800,840150,1301300
1110500,1335300,1545400,2275100,0,0,1189500,936690
674770,972040,3289700,2930100,0,0,2121200,0
0,0,1531400,2010700,0,0,2115200,0
1196100,1526200,1259700,1141000,0,0,973030,1134400
600930,477160,0,0,0,0,0,2084800
1095100,1171600,1930000,2221200,0,0,1242000,842640
41980000,3833800,47934000,4243300,50713000,3036700,1039300,1031500
1700100,1756400,1931100,1841100,2067200,3336400,2032600,0
0,0,0,409960,2887100,4577900,715350,1311900
1183500,1025700,879330,1026400,0,0,671520,1352900
0,0,0,0,0,0,0,2021800
339320,334990,425430,437300,0,0,1614200,399310
900220,790790,946740,851340,0,0,1052600,951750
0,0,0,0,0,0,0,1999100
687120,642470,656660,773390,0,0,749560,1218100
1241300,1067100,2448800,2459800,0,0,1965000,0
708020,905720,3047700,3421800,0,229260,1962900,0
670040,707330,754230,567280,654110,0,627830,1317100
27576000,45038000,0,0,4397800,6665200,0,1937400
0,0,1687800,1573000,3716900,4399000,1934600,0
668670,912970,957070,1040400,0,0,1074300,839600
832130,0,816220,823490,0,0,887270,1017400
0,0,0,0,0,0,0,1893800
812160,0,2278100,2587900,0,0,1085300,801990
676030,726700,827450,1182000,0,0,605860,1263900
750090,964580,2654400,2892000,0,0,1866000,0
1572100,1357100,943400,1122600,0,0,794250,1055800
1430600,1266000,2145900,2392200,0,0,923140,925140
1366400,1928200,0,0,2308600,2879800,1826100,0
1134500,1039900,1883900,2359600,0,0,1020200,780250
1273200,1445900,0,680550,2623200,1749800,569960,1213900
1019200,0,1430800,1838000,0,0,1774700,0
457280,463190,633460,798140,0,0,900740,870540
0,0,0,253230,0,0,252700,1512700
0,740570,1210600,1159200,0,0,1763300,0
71979000,63978000,340550,311400,173950000,203140000,869480,885270
458850000,395880000,673340,923040,181600000,226500000,84018,1668500
600770,0,645520,1071700,0,0,813890,910240
4504500,2464900,1310400,1433500,0,0,0,1707600
521850,492760,1035900,1067400,0,772030,1150200,555740
1287800,0,0,702530,0,0,579610,1122600
4361600,4013600,0,0,0,0,534690,1162200
866330,1021900,821700,786410,0,0,677320,1018200
11972000,9236300,0,0,17979000,24062000,0,1693500
91315000,168560000,1077900,0,26093000,23749000,0,1692300
4975700,4597400,800690,809090,0,0,818070,862480
0,0,0,0,0,0,1640000,0
1255800,1771700,2696100,3054600,3644000,3434000,1603900,0
21048000,16434000,0,0,120440000,93066000,453540,1149800
8483500,9167400,1744500,1144700,3609100,4880600,0,1595500
0,1123500,1338900,1494900,0,0,1579700,0
844610,893050,3175900,3863400,0,0,1566300,0
807830,808620,815620,1120700,756340,816620,750140,806610
2220200,1998900,1368300,1355100,0,0,0,1545300
824480,876580,1435000,1646700,0,0,1537300,0
0,0,0,0,5261100,3636100,0,1534900
3303100,0,0,0,0,0,1520700,0
0,0,2592400,2602100,0,0,1519800,0
0,1805600,4280200,4369800,0,997460,1515000,0
1064800,0,1902000,1662100,0,0,1512400,0
622250,651540,645290,820800,0,0,599700,906530
606700,629190,990620,955170,0,0,632000,873500
951360,852360,646490,616660,0,0,597590,905470
0,0,0,0,0,0,0,1492200
0,1154400,1479300,1795400,0,0,1457600,0
1476600,1294500,1915600,3004600,977290,0,1451000,0
1403200,1236800,774750,1119600,0,1409000,0,1441600
2762800,1569900,866870,0,0,0,0,1440100
5789300,5502800,0,0,56230000,27566000,0,1433500
1007400,2270500,2343200,1341200,684310,1145300,0,1429400
1294900,1797100,1392600,1445100,0,0,1428700,0
2824400,2183800,2052200,2129000,1455400,1411600,1418200,0
551810,551470,1627500,1318900,0,0,797510,615620
2186400,1283600,1742900,2241800,0,0,0,1410700
20771000,10536000,0,0,4918000,5075900,0,1406500
919250,864460,1465800,2808500,0,0,1401500,0
0,759280,752830,543730,808280,1429900,646820,754550
219640,0,206170,257680,0,0,0,1392300
1349500,1632100,2420000,3036500,0,0,1387300,0
714090,679840,1010500,1023200,0,0,726210,652540
1411600,1489200,1842600,2489300,0,0,1371100,0
595860,841860,1116500,1941500,0,0,922380,446160
1429700,1469300,2140100,3394300,0,0,1358300,0
22763000,24965000,0,0,9582300,9734100,0,1351000
5811100,5767100,717150,861290,2232300,3948800,1347700,0
0,0,468930,0,0,0,0,1345200
554190,637040,894050,1006600,0,0,1327300,0
526350,730360,1886200,2608500,0,0,1325800,0
0,0,2152900,2510100,0,0,1302600,0
0,0,0,569410,0,0,1302000,0
479270,556400,987760,633790,0,0,625670,669130
809140,673690,527160,512010,0,0,526350,759490
1200400,671340,501030,395860,0,0,542080,741800
676140,707150,2919700,3225700,0,0,1250700,0
1330400,1187100,1090200,1147500,0,788870,1247400,0
0,0,1130600,1210500,0,0,1241100,0
0,0,1308500,1883200,0,0,1240400,0
1486100,1579800,1516300,1432000,0,0,0,1238900
758740,1026600,4086300,7654100,0,0,1235900,0
2183400,2788800,394430,417020,299080,543030,538560,691430
0,0,520620,0,0,0,0,1210800
0,557770,1140300,884710,0,0,626790,583540
1043000,1143200,3011600,3135300,0,429310,1194700,0
0,0,1279800,1293100,0,0,1191500,0
466170,0,436750,482990,0,0,374280,813840
0,0,0,0,0,0,0,1185700
84875000,5892300,96775000,4360800,96785000,2545600,531460,653860
743470,737950,1871600,1858700,0,0,0,1176800
847700,0,438480,0,0,0,434230,739880
0,491790,0,989360,0,0,219050,951840
0,0,1263600,1425300,0,0,1159400,0
0,0,1394800,1460400,597390,838140,1153800,0
2038700,2702900,673840,977090,1797700,2798400,1144300,0
737980,412010,1104100,1125800,0,0,1134000,0
1768600,1043600,1180900,806110,2082800,2555500,0,1125900
14922000,11335000,0,0,15897000,16783000,0,1123400
14459000,13751000,0,0,3459300,6781200,0,1119500
0,0,0,667770,0,0,0,1116800
0,0,464880,437100,0,602710,1105000,0
738960,811490,1452500,1336000,0,0,1099000,0
17352000,18345000,0,131040,1404500,2203300,0,1084400
0,0,1328300,1574600,0,0,1082200,0
877900,1065300,1050900,1207700,0,0,1080300,0
2247300,1636900,1820300,2058100,2628400,4048700,1076200,0
17072000,17403000,0,0,8598700,9740100,0,1070600
0,0,0,0,0,0,1070100,0
0,449780,623780,0,0,0,1055100,0
895270,858320,1248600,1710000,0,0,1052500,0
0,0,0,0,0,0,1046800,0
894370,1175900,1735200,2707300,0,0,1038500,0
1082300,978260,0,996360,0,0,1026800,0
879510,892120,995120,1048100,0,0,1012500,0
0,0,1749600,1516500,0,0,1001500,0
0,707150,968270,1300100,0,0,982550,0
3975000,4346000,0,0,0,0,0,976210
0,489430,724680,951950,0,0,475160,500880
660990,886770,2059300,2125400,0,0,973810,0
806950,976870,793220,950720,4015500,2376900,0,965930
867930,842330,1768400,1979600,0,735350,958930,0
671430,633530,1643500,1415000,0,0,958430,0
0,0,0,0,0,0,0,954870
881040,0,952110,1054600,1419400,1370600,952270,0
0,707090,1285200,1712100,0,0,950940,0
832890,750080,2225800,1282300,0,0,949610,0
31712000,23982000,228860,148370,16277000,18611000,132200,811190
1036400,1188900,1640900,1642100,0,0,942890,0
859730,754290,1033500,1113400,5720000,7894800,937620,0
682430,957340,1670300,1590500,0,0,0,931060
0,0,702170,750760,0,0,916190,0
0,571660,719750,1021700,0,0,910350,0
0,0,0,0,0,0,905920,0
0,0,229070,196640,21191000,20025000,332400,571390
875380,772210,2005700,2229800,0,0,901320,0
612050,876140,1401200,1618400,0,0,900990,0
0,0,0,901060,0,0,898020,0
0,0,839310,815910,0,0,894710,0
0,4449800,492930,530390,0,695320,0,888560
37852000,36198000,0,0,36244000,38588000,0,881030
379520,371490,1355800,1846700,0,362780,880220,0
89866000,86400000,297900,337760,44929000,51569000,0,871680
991290,827410,1674600,1432900,1172000,0,850760,0
254660,275180,511250,943580,0,343030,846970,0
836300,842480,1488200,1432700,0,0,839560,0
742450,783110,2494300,2287400,0,0,837650,0
0,0,0,675330,0,0,825070,0
0,0,850260,1141300,0,0,0,824780
610610,739710,2236400,2244300,0,425460,806660,0
8764100,8687300,0,0,13730000,18533000,0,798910
34116000,12879000,0,0,44029000,49971000,0,786360
803800,791650,678310,670250,0,0,784820,0
4630100,5737700,710940,527540,1475000,1254200,775240,0
815890,743940,834770,866350,0,0,762880,0
0,0,610690,493330,0,0,0,759830
4400500,4969100,462870,289300,583090,1005900,0,758820
10640000,9011600,0,493420,3529700,4982500,0,757070
0,0,0,0,0,0,0,755120
0,0,0,0,0,0,753540,0
1083700,520790,1035300,1587500,0,0,0,745780
0,0,769640,1167100,0,0,741990,0
514030,591040,829500,2281900,0,0,732400,0
292940,332280,429910,375900,0,300220,725110,0
614400,675380,1500100,1536400,0,0,723060,0
1117900,907310,959540,932930,1142900,1043800,0,722670
338860,0,0,326670,0,0,721850,0
24253000,24012000,0,0,23918000,31605000,0,716200
633340,665170,1278600,1466500,0,0,695410,0
454570,505270,596980,1087300,515220,597630,694630,0
423340,415770,380270,627360,0,0,0,691770
0,0,661760,823340,0,0,690460,0
592280,513980,977110,1288100,0,0,684430,0
0,0,0,0,0,0,0,680700
0,491890,819710,1558600,0,0,673420,0
621050,747880,1513800,1567200,0,0,672650,0
0,0,0,0,0,0,669230,0
0,0,0,0,0,0,0,664380
0,558310,752270,1449300,0,0,661210,0
23399000,23697000,0,0,32921000,105630000,0,659830
1894700,1643900,491420,606260,484040,447930,658440,0
1794600,1857500,0,0,32781000,122370000,0,652850
357630,934290,0,373750,0,0,0,652310
477550,532020,564570,566930,0,0,640810,0
0,0,0,0,0,0,0,627030
0,0,658160,797440,0,0,622070,0
110370000,92919000,0,71965,168710000,167120000,136660,484850
0,303070,0,0,0,0,0,613750
28084000,26253000,116660,0,132940000,116680000,0,605860
9409500,8881100,775740,0,1417600,1333100,0,599400
1834100,1672400,389090,0,5672500,6342500,589300,0
25008000,17003000,276020,127190,19149000,24198000,241730,340600
554550,633670,474170,528980,884620,1803100,0,581480
372780,0,602960,1476300,0,0,578710,0
443420,0,1383800,1918100,0,0,576220,0
471990,467790,1081700,1384500,0,0,575000,0
633460,453580,0,314550,0,0,560990,0
0,0,644550,1160100,0,0,556340,0
293760,0,544200,934300,0,0,552680,0
438020,492880,613420,688630,0,0,552610,0
0,0,686880,956040,0,445570,550270,0
38307000,34395000,0,0,62448000,64399000,0,542810
0,0,0,0,0,0,0,525380
0,470650,810140,634740,0,0,520950,0
556670,548750,735540,1134000,0,535090,503230,0
0,0,410160,0,0,0,502590,0
6506600,5756800,0,0,40849000,49140000,192840,305920
8724300,9458200,0,0,24718000,22558000,0,485560
23955000,25266000,0,0,65057000,55653000,0,478610
558640,609810,492340,526010,0,0,469900,0
249420,258660,875390,1029900,0,368120,469180,0
0,347480,510760,864990,0,341570,465740,0
13384000,14130000,234680,269700,4046900,7256100,0,464470
422720,391520,822390,922270,0,0,459110,0
488720,475470,549540,739060,0,0,455500,0
7735100,16984000,0,0,23623000,31438000,0,443160
0,0,0,0,0,0,441760,0
1191200,1417400,0,0,6040600,5768600,0,431290
0,0,0,0,0,0,431180,0
385750,335190,416010,0,0,0,418770,0
408240,400390,0,611390,0,0,416690,0
0,0,551820,538400,0,429080,415190,0
0,479490,592800,741580,0,0,413600,0
1930900,1978300,610190,522270,0,0,409460,0
14447000,8391700,351650,0,36474000,26154000,0,407070
0,0,635580,786450,0,0,403580,0
0,0,0,0,0,0,0,401190
0,0,0,0,0,0,0,400570
509810,534290,724920,889420,0,0,397480,0
301160,0,891570,1000700,0,0,392490,0
76316000,71826000,152840,112580,11693000,38480000,0,382170
0,0,0,0,0,0,381280,0
0,0,406870,0,0,0,380320,0
913310,699940,467160,163700,17303000,21050000,376140,0
0,498220,0,0,0,0,369800,0
1000000,891520,785430,887720,0,0,365990,0
0,0,421220,603040,0,0,364380,0
48601000,24103000,0,446090,29211000,64736000,0,362330
14055000,1058800,5468200,569870,0,0,360290,0
286440,237940,0,635930,0,0,356030,0
26014000,22713000,0,243330,31254000,33596000,0,355880
342350,393710,492580,720370,0,0,343550,0
0,0,0,0,0,0,338120,0
0,0,0,0,0,0,313610,0
0,0,0,488430,0,0,312730,0
0,0,0,0,0,0,0,301910
27237000,25736000,0,124930,272350,238400,0,296460
0,0,0,0,0,0,293910,0
0,0,1330200,0,0,0,287050,0
0,0,0,0,0,0,280170,0
0,0,0,0,0,0,0,267790
0,0,0,0,0,0,0,256960
0,0,0,261190,0,0,244190,0
60509000,58264000,69185,54557,0,0,88394,143340
0,0,0,0,0,0,227810,0
0,0,0,0,0,0,218780,0
32145000,31167000,63344,38346,59770,211770,71165,135910
0,0,0,0,0,0,161640,0
0,0,0,0,0,0,0,155970
0,0,0,0,0,0,148080,0
0,0,0,0,0,0,145780,0
0,0,0,0,0,0,135410,0
0,0,0,0,0,0,0,126130
0,0,0,0,0,0,0,112410
291060,188330,0,0,265720000,316810000,94262,0
63178,60628,15542,15704,329750000,385770000,28979,0
41220000,34538000,0,0,0,0,0,0
38934000,32203000,0,0,100510000,129970000,0,0
28857000,26538000,0,0,12328000,14372000,0,0
25649000,24354000,0,0,16011000,18759000,0,0
24113000,23401000,0,0,10636000,8926500,0,0
16082000,16815000,0,0,69927000,81354000,0,0
16272000,14599000,0,0,89410000,69620000,0,0
14438000,13062000,0,0,23621000,27403000,0,0
14380000,12787000,0,0,4316600,4290500,0,0
12344000,12736000,273060,0,3725500,3542600,0,0
12594000,11984000,0,0,93630000,111990000,0,0
12824000,11601000,0,0,23022000,26149000,0,0
12319000,11428000,452160,387470,6608000,6422900,0,0
11811000,11758000,0,0,40105000,42851000,0,0
11550000,11636000,0,0,0,0,0,0
11283000,10699000,0,0,6075700,6783000,0,0
11824000,10117000,0,0,8719200,6935200,0,0
10512000,10680000,11934000,11358000,0,0,0,0
10585000,10516000,0,0,12692000,8712800,0,0
10145000,9707500,0,0,2127000,2329100,0,0
8709300,8451300,0,83012,0,0,0,0
8651800,8338800,0,0,5507600,7001500,0,0
8158200,8043700,0,0,46093000,54993000,0,0
8032800,7585900,0,0,22823000,21920000,0,0
0,14267000,0,0,0,0,0,0
7122900,7039700,0,0,9925700,11856000,0,0
7700100,5611000,0,0,0,558560,0,0
6491700,5920700,0,0,7934300,8148500,0,0
5814200,5704700,0,0,3861300,4281100,0,0
6458500,5022600,0,0,0,1227200,0,0
5690500,5553000,0,0,29801000,28228000,0,0
5784300,5453500,0,0,4468800,6162100,0,0
5719200,5399200,0,0,2177300,2449800,0,0
5264300,5831400,0,0,4141400,4735000,0,0
8069900,2862700,0,0,0,600850,0,0
5232600,4171600,0,0,3113600,3070800,0,0
4951300,4298600,0,0,4009200,4860600,0,0
4806000,4134400,0,0,2327500,2393200,0,0
3780300,4775000,0,0,10160000,13750000,0,0
4238000,4283900,0,0,0,1648800,0,0
4391400,4105300,0,0,952700,892310,0,0
3009700,4980100,1342200,0,0,0,0,0
7730100,0,0,0,5079000,4890300,0,0
3429500,4137200,3970700,5005100,2331400,2917100,0,0
3722700,3684900,0,0,14811000,12909000,0,0
3785400,3540400,0,0,3622800,4575200,0,0
4676200,2612500,0,0,3252200,4212600,0,0
4064100,3221600,0,0,10549000,13302000,0,0
3665700,3331100,0,0,5276800,6150800,0,0
3576700,3085000,0,0,2985200,3484000,0,0
3091400,3564000,0,0,0,2154200,0,0
3266500,3222300,0,0,21261000,23156000,0,0
3284500,3148800,0,0,1867600,1359100,0,0
3303600,3113100,0,6586500,6589100,15248000,0,0
3458000,2958100,0,0,7878100,10067000,0,0
3228700,2867000,0,0,0,0,0,0
2749500,2907200,0,0,2639300,2969700,0,0
2841900,2594100,0,0,3527900,3730500,0,0
2725400,2341400,0,0,6179000,6198800,0,0
2460000,2594500,0,0,0,0,0,0
2478500,2343700,0,0,10229000,16157000,0,0
2506400,2185400,0,0,1877700,2187900,0,0
0,4638700,0,0,0,0,0,0
2285300,2329700,0,809660,13127000,11355000,0,0
2345000,2151300,0,0,6820200,5739500,0,0
2205700,2278700,0,0,11860000,11551000,0,0
2376500,2058000,0,0,8503900,7931300,0,0
2283600,2102200,0,0,0,0,0,0
1396400,2905400,641020,771860,1085100,996070,0,0
2365600,1883000,0,0,1486800,2152500,0,0
2048500,2110100,0,0,0,0,0,0
3310900,807420,4857600,1007600,11458000,0,0,0
3338500,567180,4672600,752900,0,0,0,0
1822700,1930100,0,0,1000800,1152000,0,0
2163400,1527500,0,0,1531900,1323300,0,0
1917200,1724100,0,0,1487800,901830,0,0
1741600,1881100,0,0,0,0,0,0
1771100,1759700,262090,202540,0,0,0,0
1622300,1733100,0,0,4273300,4568700,0,0
2075500,1254300,631680,0,0,0,0,0
1781300,1530700,0,0,1548200,1713800,0,0
1683300,1570400,465240,539560,0,0,0,0
1411700,1795900,2463700,2536600,0,0,0,0
1886500,1305200,0,0,0,0,0,0
3186300,0,3963800,0,0,0,0,0
1650000,1442300,0,0,19868000,24248000,0,0
1747000,1339700,0,0,1604300,1534600,0,0
1713100,1360500,1173600,1237700,0,0,0,0
1482600,1558200,0,0,1364800,1502200,0,0
1642200,1233200,1108000,783000,0,0,0,0
1483500,1349100,530020,318050,4307300,8687500,0,0
1442600,1365100,0,0,5717500,5716000,0,0
1673100,1091700,0,0,0,0,0,0
1360500,1403800,0,0,733390,715020,0,0
0,2646300,0,0,0,0,0,0
1672100,929050,4300700,0,9363600,0,0,0
1214900,1378900,142920,161630,37501000,26738000,0,0
1358900,1218100,0,0,9790900,7247200,0,0
1217500,1354500,844210,741620,0,0,0,0
1315000,1252100,1254800,2142300,0,0,0,0
1395000,1169800,0,1493000,1573000,1654000,0,0
1233300,1243900,0,0,0,993070,0,0
1256500,1193900,2521700,2641400,0,0,0,0
1401000,1046000,0,0,0,0,0,0
1150300,1222900,1264500,1486000,0,0,0,0
1252000,1108500,0,0,4036000,3224500,0,0
1173100,1165400,0,0,1459600,1437000,0,0
1172000,1162100,1209400,1315700,0,0,0,0
1221200,1074700,0,0,0,0,0,0
896300,1384400,1386300,0,725360,1598900,0,0
1157500,989110,0,0,3688400,4743500,0,0
1017500,1127100,0,0,2121800,2347900,0,0
0,2122300,0,0,0,0,0,0
1135300,985670,0,0,8046600,8386900,0,0
1098500,1008300,0,0,0,663750,0,0
1041300,1044600,0,0,0,0,0,0
1076400,999940,1021000,1167000,0,0,0,0
0,2045900,0,0,0,0,0,0
964320,1073600,0,0,0,359280,0,0
0,2013400,0,0,3385400,4899100,0,0
1969000,0,0,0,0,0,0,0
830660,1122200,0,0,515100,532200,0,0
1002100,924990,0,0,0,0,0,0
985350,939000,790430,0,0,0,0,0
1042900,880060,0,0,1281800,1841400,0,0
0,1903700,0,0,0,0,0,0
957780,910620,1651400,2239300,0,0,0,0
882740,980760,552790,0,3545000,3166600,0,0
862350,978530,922530,1355800,0,0,0,0
1018900,788260,0,0,1431700,1479900,0,0
954930,843640,0,1002900,1921600,1623500,0,0
0,1756400,0,0,0,1032700,0,0
807770,903500,0,0,0,0,0,0
886080,808570,0,0,2614200,2033800,0,0
1619700,0,0,0,0,0,0,0
828600,744170,0,886670,0,0,0,0
972570,536160,152650,173200,249530000,272430000,0,0
707270,796630,722530,2144400,543730,547380,0,0
773890,704010,0,0,1236800,2906300,0,0
823080,647100,0,0,880260,1420200,0,0
0,1438400,0,0,0,0,0,0
724250,707140,0,0,0,581570,0,0
613000,799940,775040,0,608940,854040,0,0
751930,637200,0,0,676630,847870,0,0
710080,618120,0,0,0,1757000,0,0
0,1303800,819990,936940,0,0,0,0
618480,660860,1218700,1115900,0,0,0,0
1275600,0,0,0,1797000,1526300,0,0
644060,617230,0,0,713530,739040,0,0
663220,594010,0,0,32815000,38282000,0,0
0,1239000,1431300,1646100,1815900,2405200,0,0
583000,641520,0,0,0,0,0,0
613150,565580,803880,1039100,0,0,0,0
1177000,0,0,0,0,1517300,0,0
556880,610940,201610,270510,3541700,2437100,0,0
657470,505730,0,0,1065300,4837500,0,0
528980,631930,0,0,769870,0,0,0
0,1157800,0,0,0,0,0,0
578430,574300,559210,0,0,596390,0,0
494290,629580,0,0,0,0,0,0
549770,562630,0,0,1484100,0,0,0
543840,552400,0,0,1052600,1596700,0,0
547730,532460,0,0,0,0,0,0
1066400,0,0,0,0,0,0,0
489610,563490,0,0,17116000,8961000,0,0
502630,549060,0,0,19854000,3022800,0,0
453950,534390,0,601790,0,0,0,0
499200,480870,0,0,150720000,155150000,0,0
452590,524560,0,672700,0,0,0,0
468440,503900,0,0,492170,498710,0,0
510910,458540,0,0,0,0,0,0
490880,463850,0,0,0,0,0,0
418170,501420,0,0,0,0,0,0
429050,476560,739180,650960,0,0,0,0
0,903390,0,0,0,0,0,0
495990,397880,597200,0,24442000,50062000,0,0
0,815210,0,597010,0,0,0,0
808040,0,0,0,882630,801970,0,0
796270,0,0,0,2060300,2826900,0,0
0,793960,0,0,1279800,1462600,0,0
0,793300,0,0,0,0,0,0
776610,0,0,0,0,0,0,0
765810,0,0,0,0,0,0,0
395150,325490,0,0,697740,1221400,0,0
0,693720,0,0,0,0,0,0
0,689520,0,0,0,0,0,0
675260,0,0,0,0,0,0,0
664600,0,0,862970,0,0,0,0
636420,0,0,0,0,0,0,0
620740,0,964220,1051300,0,0,0,0
0,613520,0,0,697980,1269100,0,0
612070,0,0,0,4206900,3944100,0,0
607340,0,0,0,1421500,0,0,0
0,601900,1015700,837060,0,0,0,0
306990,288750,0,0,0,0,0,0
0,593220,0,0,0,0,0,0
591420,0,0,0,978560,2057600,0,0
0,584310,0,0,0,0,0,0
582000,0,0,0,655440,0,0,0
0,573070,0,0,0,0,0,0
571630,0,0,0,0,0,0,0
569450,0,0,0,0,1149500,0,0
0,567610,0,0,0,0,0,0
362520,198000,193440,384090,7913600,13372000,0,0
0,551520,0,0,0,0,0,0
532890,0,0,0,0,0,0,0
266990,260340,426820,450020,0,0,0,0
497900,0,1092200,730840,0,0,0,0
494430,0,0,0,11135000,10213000,0,0
489430,0,713590,1189700,0,0,0,0
0,488250,0,0,0,0,0,0
250070,236090,743750,295910,0,0,0,0
0,486050,0,0,0,0,0,0
478650,0,0,0,0,0,0,0
473350,0,0,0,0,0,0,0
196700,268490,302620,238630,0,0,0,0
464210,0,601970,812000,0,0,0,0
463520,0,0,0,637810,638000,0,0
0,424910,0,0,0,0,0,0
414740,0,0,0,1425300,751120,0,0
405840,0,0,0,0,0,0,0
403110,0,359760,0,1547700,0,0,0
400780,0,0,0,2048900,5948500,0,0
196800,196940,0,0,202350,277140,0,0
169890,214310,278330,373590,854720,1057100,0,0
380920,0,911910,0,0,0,0,0
0,362830,0,0,117730000,131450000,0,0
361640,0,963580,526670,0,0,0,0
0,360250,0,0,0,0,0,0
0,356480,0,301660,1147700,907120,0,0
355450,0,522540,580450,2483100,2447200,0,0
353490,0,0,0,21325000,25667000,0,0
353420,0,0,0,0,0,0,0
0,334630,0,0,0,0,0,0
0,333310,0,0,0,0,0,0
324680,0,0,0,0,0,0,0
0,318450,0,0,0,0,0,0
0,312680,0,0,0,0,0,0
309670,0,0,0,412930,0,0,0
307060,0,0,0,0,0,0,0
305390,0,0,0,575280,696710,0,0
0,304010,693380,395270,0,0,0,0
0,301730,0,457940,0,0,0,0
275700,0,713040,765670,4977900,4908500,0,0
0,274270,353150,619990,0,0,0,0
172970,89109,0,0,27616000,36637000,0,0
255690,0,627090,845140,0,257490,0,0
251160,0,0,0,0,0,0,0
0,247470,0,0,0,0,0,0
245380,0,0,0,0,0,0,0
0,244480,0,660920,0,0,0,0
0,214260,0,0,0,0,0,0
209130,0,370750,418450,0,0,0,0
0,196210,0,0,0,0,0,0
0,193380,0,904360,0,0,0,0
0,185880,0,0,0,0,0,0
179810,0,0,137120,664760,247890,0,0
0,178050,0,0,0,0,0,0
167180,0,0,0,0,0,0,0
0,151500,0,0,0,0,0,0
127830,0,0,0,0,0,0,0
0,125170,0,0,0,0,0,0
0,115310,0,0,0,0,0,0
112870,0,0,0,0,0,0,0
0,110070,0,0,0,0,0,0
99170,0,0,0,0,0,0,0
0,91460,0,0,0,0,0,0
0,79398,0,0,0,0,0,0
64656,0,0,0,0,0,0,0
64158,0,0,0,0,0,0,0
0,63731,0,0,0,0,0,0
58771,0,0,0,0,0,0,0
0,38133,0,0,0,0,0,0
0,25888,0,0,0,0,0,0
0,9568,0,0,0,0,0,0
0,0,0,50632000,0,0,0,0
0,0,0,14346000,0,0,0,0
0,0,0,6189300,0,0,0,0
0,0,2453800,2504400,0,0,0,0
0,0,0,4896500,0,0,0,0
0,0,0,4634300,0,0,0,0
0,0,0,4460900,0,0,0,0
0,0,0,4245900,0,0,0,0
0,0,0,3811900,0,0,0,0
0,0,3208100,0,0,0,0,0
0,0,3022600,0,0,0,0,0
0,0,0,2981600,0,0,0,0
0,0,1412600,1384800,0,0,0,0
0,0,1009300,1635000,0,643810,0,0
0,0,0,2639100,0,0,0,0
0,0,0,2448100,0,0,0,0
0,0,0,2411300,0,0,0,0
0,0,0,2261100,0,0,0,0
0,0,1429400,744940,0,0,0,0
0,0,0,2172500,0,0,0,0
0,0,0,1957500,0,0,0,0
0,0,0,1943100,0,0,0,0
0,0,732640,1021500,0,0,0,0
0,0,855460,855440,0,0,0,0
0,0,721320,987490,0,0,0,0
0,0,749230,916410,0,0,0,0
0,0,697030,943490,0,0,0,0
0,0,1628300,0,0,0,0,0
0,0,0,1533100,0,0,0,0
0,0,663290,861520,0,0,0,0
0,0,0,1521100,0,0,0,0
0,0,545430,910930,0,0,0,0
0,0,1454000,0,0,0,0,0
0,0,607220,824740,0,0,0,0
0,0,0,1408400,0,0,0,0
0,0,0,1350000,0,0,0,0
0,0,0,1321700,0,0,0,0
0,0,0,1255100,0,0,0,0
0,0,0,1239500,0,0,0,0
0,0,527510,683150,0,0,0,0
0,0,645270,559590,0,0,0,0
0,0,0,1156500,1727100,1995800,0,0
0,0,0,1148400,0,0,0,0
0,0,553040,571450,0,0,0,0
0,0,0,1105400,0,0,0,0
0,0,1093100,0,0,0,0,0
0,0,553410,501860,0,0,0,0
0,0,417500,617150,0,0,0,0
0,0,505310,520320,0,0,0,0
0,0,427710,568070,0,0,0,0
0,0,0,975240,0,0,0,0
0,0,513490,422170,0,0,0,0
0,0,929390,0,917240,1236600,0,0
0,0,0,890840,0,0,0,0
0,0,0,859630,0,0,0,0
0,0,0,851050,0,0,0,0
0,0,0,817500,0,0,0,0
0,0,0,816870,0,0,0,0
0,0,0,799200,0,0,0,0
0,0,0,798890,0,0,0,0
0,0,0,787650,0,0,0,0
0,0,0,785010,0,0,0,0
0,0,0,781170,0,0,0,0
0,0,371670,402280,0,0,0,0
0,0,0,773920,0,0,0,0
0,0,0,770540,0,0,0,0
0,0,762380,0,0,0,0,0
0,0,0,717330,0,0,0,0
0,0,0,710240,0,0,0,0
0,0,0,705340,0,0,0,0
0,0,0,698930,0,0,0,0
0,0,697700,0,0,0,0,0
0,0,0,684570,0,0,0,0
0,0,0,654510,0,0,0,0
0,0,252350,390990,0,0,0,0
0,0,618800,0,0,0,0,0
0,0,608960,0,0,0,0,0
0,0,0,606300,0,0,0,0
0,0,0,603640,0,0,0,0
0,0,0,601340,0,0,0,0
0,0,0,594630,0,0,0,0
0,0,0,593580,0,0,0,0
0,0,590160,0,20978000,22521000,0,0
0,0,0,580580,0,0,0,0
0,0,0,577600,0,0,0,0
0,0,0,559210,0,0,0,0
0,0,558360,0,0,0,0,0
0,0,0,551720,0,0,0,0
0,0,0,544970,0,0,0,0
0,0,0,544360,0,0,0,0
0,0,0,536580,0,0,0,0
0,0,0,531260,0,0,0,0
0,0,0,527920,0,0,0,0
0,0,0,525080,0,0,0,0
0,0,0,515000,0,0,0,0
0,0,0,502890,0,0,0,0
0,0,0,499970,0,0,0,0
0,0,499720,0,0,0,0,0
0,0,0,499120,0,0,0,0
0,0,0,495780,0,0,0,0
0,0,0,491580,0,0,0,0
0,0,0,482390,0,0,0,0
0,0,0,478270,0,0,0,0
0,0,0,475550,0,0,0,0
0,0,0,475360,0,0,0,0
0,0,0,472400,0,0,0,0
0,0,0,468980,0,0,0,0
0,0,466850,0,0,0,0,0
0,0,458900,0,0,0,0,0
0,0,0,453100,0,0,0,0
0,0,450820,0,0,0,0,0
0,0,0,449810,0,0,0,0
0,0,0,449390,0,0,0,0
0,0,0,448650,0,0,0,0
0,0,0,448400,0,0,0,0
0,0,445250,0,0,0,0,0
0,0,443960,0,0,0,0,0
0,0,429230,0,0,0,0,0
0,0,0,409340,0,0,0,0
0,0,0,406580,0,0,0,0
0,0,0,406110,0,0,0,0
0,0,0,399080,0,0,0,0
0,0,0,397030,0,0,0,0
0,0,0,395250,0,0,0,0
0,0,0,393270,0,0,0,0
0,0,0,387370,0,0,0,0
0,0,0,387160,0,0,0,0
0,0,0,384740,0,0,0,0
0,0,384290,0,0,0,0,0
0,0,0,383590,0,0,0,0
0,0,0,383500,0,0,0,0
0,0,381610,0,0,0,0,0
0,0,370160,0,2722300,3281100,0,0
0,0,0,367590,0,0,0,0
0,0,0,365390,0,0,0,0
0,0,0,364940,0,0,0,0
0,0,0,364260,0,0,0,0
0,0,0,353750,0,0,0,0
0,0,0,348310,0,0,0,0
0,0,0,347030,0,0,0,0
0,0,345520,0,0,0,0,0
0,0,0,340530,0,0,0,0
0,0,0,340310,0,0,0,0
0,0,0,337730,0,0,0,0
0,0,0,336820,0,0,0,0
0,0,0,331360,0,0,0,0
0,0,0,331280,0,0,0,0
0,0,329880,0,0,0,0,0
0,0,0,329330,0,0,0,0
0,0,0,325660,0,0,0,0
0,0,0,323820,0,0,0,0
0,0,0,322490,0,0,0,0
0,0,0,320330,0,0,0,0
0,0,0,319010,0,0,0,0
0,0,0,317280,0,0,0,0
0,0,315030,0,0,0,0,0
0,0,0,312360,0,0,0,0
0,0,0,309920,0,0,0,0
0,0,0,309140,0,0,0,0
0,0,0,308940,0,0,0,0
0,0,0,305380,0,0,0,0
0,0,0,304780,0,0,0,0
0,0,0,301580,0,0,0,0
0,0,0,298970,0,0,0,0
0,0,0,298760,0,0,0,0
0,0,0,295930,0,0,0,0
0,0,0,291110,0,0,0,0
0,0,0,290830,0,0,0,0
0,0,0,289580,0,0,0,0
0,0,0,288230,0,0,0,0
0,0,0,286410,0,0,0,0
0,0,0,285600,0,0,0,0
0,0,0,283930,0,0,0,0
0,0,0,283660,0,0,0,0
0,0,266710,0,0,0,0,0
0,0,0,266150,0,0,0,0
0,0,0,264510,0,0,0,0
0,0,0,263650,0,0,0,0
0,0,262210,0,0,0,0,0
0,0,0,261660,0,0,0,0
0,0,0,260230,0,0,0,0
0,0,0,259740,0,0,0,0
0,0,0,257690,0,0,0,0
0,0,0,256260,0,0,0,0
0,0,0,254620,0,0,0,0
0,0,0,254460,0,0,0,0
0,0,251020,0,0,0,0,0
0,0,0,249400,0,0,0,0
0,0,0,246120,0,0,0,0
0,0,0,245420,0,0,0,0
0,0,0,245370,0,0,0,0
0,0,0,242710,0,0,0,0
0,0,0,241420,0,0,0,0
0,0,236870,0,0,0,0,0
0,0,0,235960,0,0,0,0
0,0,234300,0,0,0,0,0
0,0,233270,0,0,0,0,0
0,0,0,232950,0,0,0,0
0,0,0,231560,0,0,0,0
0,0,224340,0,0,0,0,0
0,0,0,224140,0,0,0,0
0,0,0,222150,0,0,0,0
0,0,0,221870,0,0,0,0
0,0,0,221810,0,0,0,0
0,0,0,218440,0,0,0,0
0,0,0,214710,0,0,0,0
0,0,0,212000,0,0,0,0
0,0,0,211540,0,0,0,0
0,0,0,210680,0,0,0,0
0,0,210300,0,0,628080,0,0
0,0,0,210000,0,0,0,0
0,0,0,204080,0,0,0,0
0,0,0,203660,0,0,0,0
0,0,0,202550,0,0,0,0
0,0,0,201650,0,0,0,0
0,0,0,200240,0,0,0,0
0,0,0,200120,0,0,0,0
0,0,0,199290,0,0,0,0
0,0,0,198410,0,0,0,0
0,0,0,197590,0,0,0,0
0,0,0,196030,0,0,0,0
0,0,0,195910,0,0,0,0
0,0,0,194790,0,0,0,0
0,0,0,194610,0,0,0,0
0,0,0,193900,0,0,0,0
0,0,0,192330,0,0,0,0
0,0,0,190460,0,0,0,0
0,0,0,189350,0,0,0,0
0,0,0,187260,0,0,0,0
0,0,0,184390,0,0,0,0
0,0,181760,0,0,0,0,0
0,0,0,180750,0,0,0,0
0,0,180490,0,0,0,0,0
0,0,0,179330,0,0,0,0
0,0,0,178780,0,0,0,0
0,0,0,177400,0,0,0,0
0,0,0,176860,0,0,0,0
0,0,175970,0,0,0,0,0
0,0,0,169350,0,0,0,0
0,0,0,167200,0,0,0,0
0,0,0,165150,0,0,0,0
0,0,155930,0,0,0,0,0
0,0,0,151500,0,0,0,0
0,0,0,147870,0,0,0,0
0,0,0,143700,0,0,0,0
0,0,143580,0,0,0,0,0
0,0,0,142120,0,0,0,0
0,0,0,142060,0,0,0,0
0,0,0,140820,0,0,0,0
0,0,0,139420,0,0,0,0
0,0,0,135410,0,0,0,0
0,0,132420,0,0,0,0,0
0,0,0,128120,0,0,0,0
0,0,0,124840,0,0,0,0
0,0,0,123470,0,0,0,0
0,0,0,122360,0,0,0,0
0,0,0,121810,0,0,0,0
0,0,121670,0,0,0,0,0
0,0,0,120830,0,0,0,0
0,0,119890,0,0,0,0,0
0,0,0,118320,0,0,0,0
0,0,0,116380,0,0,0,0
0,0,0,115280,0,0,0,0
0,0,0,111190,0,0,0,0
0,0,0,110310,0,0,0,0
0,0,0,108530,0,0,0,0
0,0,0,108280,0,0,0,0
0,0,0,107950,0,0,0,0
0,0,0,106010,0,0,0,0
0,0,0,105100,0,0,0,0
0,0,0,101000,0,0,0,0
0,0,0,98681,0,0,0,0
0,0,98230,0,0,0,0,0
0,0,0,97612,0,0,0,0
0,0,0,97120,0,0,0,0
0,0,0,95966,0,0,0,0
0,0,0,92760,0,0,0,0
0,0,0,89924,0,0,0,0
0,0,0,84457,0,0,0,0
0,0,0,84339,0,0,0,0
0,0,0,83613,0,0,0,0
0,0,0,81929,0,0,0,0
0,0,0,81248,0,0,0,0
0,0,0,80884,0,0,0,0
0,0,0,79902,0,0,0,0
0,0,79140,0,0,0,0,0
0,0,0,78948,0,0,0,0
0,0,0,78294,0,0,0,0
0,0,76021,0,0,0,0,0
0,0,0,75246,0,0,0,0
0,0,0,69621,0,0,0,0
0,0,0,69400,0,0,0,0
0,0,0,63725,0,0,0,0
0,0,0,61043,0,0,0,0
0,0,0,55444,0,0,0,0
0,0,0,54346,0,0,0,0
0,0,0,53528,0,0,0,0
0,0,0,51801,0,0,0,0
0,0,0,51699,0,0,0,0
0,0,0,48408,0,0,0,0
0,0,38845,0,0,0,0,0
0,0,35939,0,0,0,0,0
0,0,0,32791,0,0,0,0
0,0,0,31744,0,0,0,0
0,0,0,0,139080000,154100000,0,0
0,0,0,0,50961000,60783000,0,0
0,0,0,0,24599000,27311000,0,0
0,0,0,0,42682000,0,0,0
0,0,0,0,7314200,6850600,0,0
0,0,0,0,12915000,1062500,0,0
0,0,0,0,7586700,5729100,0,0
0,0,0,0,5230600,7820300,0,0
0,0,0,0,5857600,6950900,0,0
0,0,0,0,12710000,0,0,0
0,0,0,0,5870700,5477100,0,0
0,0,0,0,10064000,0,0,0
0,0,0,0,5283000,4733200,0,0
0,0,0,0,5367600,4584800,0,0
0,0,0,0,3662000,5886200,0,0
0,0,0,0,4994900,3524700,0,0
0,0,0,0,3495300,3784600,0,0
0,0,0,0,3361000,2798000,0,0
0,0,0,0,2710600,3207900,0,0
0,0,0,0,3028400,2048600,0,0
0,0,0,0,1853500,2468900,0,0
0,0,0,0,2275000,1969800,0,0
0,0,0,0,2439100,1789300,0,0
0,0,0,0,2252200,1823900,0,0
0,0,0,0,1782600,2232200,0,0
0,0,0,0,1818100,1838800,0,0
0,0,0,0,2155700,1338000,0,0
0,0,0,0,1938100,1271800,0,0
0,0,0,0,1885100,1148300,0,0
0,0,0,0,1636200,1350600,0,0
0,0,0,0,1557200,1342700,0,0
0,0,0,0,1985400,901760,0,0
0,0,0,0,1514800,1304100,0,0
0,0,0,0,1685700,1104600,0,0
0,0,0,0,1359500,1355300,0,0
0,0,0,0,1383200,1246800,0,0
0,0,0,0,1395300,1200600,0,0
0,0,0,0,1301500,1192800,0,0
0,0,0,0,1190400,1217000,0,0
0,0,0,0,2090600,0,0,0
0,0,0,0,2083600,0,0,0
0,0,0,0,1082900,960730,0,0
0,0,0,0,783770,1088200,0,0
0,0,0,0,0,1788100,0,0
0,0,0,0,807100,945110,0,0
0,0,0,0,805860,821110,0,0
0,0,0,0,790310,833220,0,0
0,0,0,0,724720,865900,0,0
0,0,0,0,651250,845740,0,0
0,0,0,0,0,1475900,0,0
0,0,0,0,0,1441400,0,0
0,0,0,0,663700,552980,0,0
0,0,0,0,0,1174000,0,0
0,0,0,0,1128500,0,0,0
0,0,0,0,513720,557060,0,0
0,0,0,0,0,1052400,0,0
0,0,0,0,988550,0,0,0
0,0,0,0,0,984180,0,0
0,0,0,0,682580,289230,0,0
0,0,0,0,419390,546180,0,0
0,0,0,0,0,888910,0,0
0,0,0,0,0,887400,0,0
0,0,0,0,0,883880,0,0
0,0,0,0,784490,0,0,0
0,0,0,0,0,783710,0,0
0,0,0,0,0,696270,0,0
0,0,0,0,0,664490,0,0
0,0,0,0,0,655330,0,0
0,0,0,0,335020,306710,0,0
0,0,0,0,148230,471360,0,0
0,0,0,0,0,617810,0,0
0,0,0,0,0,548480,0,0
0,0,0,0,0,532400,0,0
0,0,0,0,0,529260,0,0
0,0,0,0,0,520040,0,0
0,0,0,0,517060,0,0,0
0,0,0,0,0,510550,0,0
0,0,0,0,0,497240,0,0
0,0,0,0,0,465300,0,0
0,0,0,0,0,449930,0,0
0,0,0,0,0,351740,0,0
0,0,0,0,331730,0,0,0
0,0,0,0,328200,0,0,0
0,0,0,0,0,322530,0,0
0,0,0,0,0,316660,0,0
0,0,0,0,0,315500,0,0
0,0,0,0,0,314350,0,0
0,0,0,0,0,307140,0,0
0,0,0,0,0,299280,0,0
0,0,0,0,0,290420,0,0
0,0,0,0,0,280570,0,0
0,0,0,0,0,275530,0,0
0,0,0,0,0,274450,0,0
0,0,0,0,0,257850,0,0
0,0,0,0,0,237450,0,0
0,0,0,0,0,230460,0,0
0,0,0,0,0,213990,0,0
0,0,0,0,213900,0,0,0
0,0,0,0,0,196460,0,0
0,0,0,0,0,185370,0,0
0,0,0,0,174240,0,0,0
0,0,0,0,0,160920,0,0
0,0,0,0,0,151250,0,0
0,0,0,0,0,128230,0,0
0,0,0,0,0,117970,0,0
0,0,0,0,0,117380,0,0
0,0,0,0,0,105030,0,0
0,0,0,0,0,83304,0,0
0,0,0,0,0,0,0,0
0,0,0,0,0,0,0,0
0,0,0,0,0,0,0,0
0,0,0,0,0,0,0,0
0,0,0,0,0,0,0,0
0,0,0,0,0,0,0,0
0,0,0,0,0,0,0,0
0,0,0,0,0,0,0,0
0,0,0,0,0,0,0,0
0,0,0,0,0,0,0,0
0,0,0,0,0,0,0,0
0,0,0,0,0,0,0,0
0,0,0,0,0,0,0,0
0,0,0,0,0,0,0,0
