DMSO,2.5 nM,25 nM,250 nM,2.5 µM,25 µM,PD of PD,,,,,,,
32297000,27951000,30783000,31371000,42786000,29808000,34544000,,,,,,,
970000,735000,718000,522000,691000,300000,61000,,,,,,,
20000,31000,29000,18000,45000,34000,92000,,,,,,,
1344000,860000,821000,981000,1021000,934000,94000,,,,,,,
350000,329000,289000,386000,513000,382000,741000,,,,,,,
213000,223000,239000,197000,438000,124000,291000,,,,,,,
6486000,4568000,3989000,4505000,5071000,3274000,6545000,,,,,,,
11249000,10187000,11862000,13886000,8146000,2956000,7327000,,,,,,,
90000,90000,132000,96000,13000,75000,154000,,,,,,,
65345000,61994000,65467000,74616000,57489000,15488000,33898000,,,,,,,
43000,35000,37000,33000,0,17000,48000,,,,,,,
947000,779000,798000,883000,885000,530000,1085000,,,,,,,
49000,41000,54000,66000,67000,63000,61000,,,,,,,
1018000,807000,911000,989000,1065000,524000,1076000,,,,,,,
13213000,11522000,12736000,14028000,10186000,3406000,5472000,,,,,,,
18670000,15642000,17689000,19194000,14950000,6005000,3894000,,,,,,,
521000,443000,478000,469000,608000,365000,302000,,,,,,,
8492000,7519000,7671000,8159000,8228000,5654000,7350000,,,,,,,
337000,37000,235000,204000,289000,120000,446000,,,,,,,
94000,95000,113000,129000,149000,173000,243000,,,,,,,
5130000,3213000,4329000,4748000,4958000,2759000,3387000,,,,,,,
67315000,31576000,36019000,38672000,42027000,43088000,34614000,,,,,,,
1207000,864000,952000,980000,733000,1127000,1485000,,,,,,,
1183000,1261000,1125000,1248000,1438000,720000,545000,,,,,,,
119000,98000,103000,115000,128000,93000,79000,,,,,,,
5529000,4124000,4205000,4594000,3800000,2917000,3007000,,,,,,,
1269000,604000,714000,814000,665000,507000,791000,,,,,,,
152000,233000,169000,205000,42000,170000,181000,,,,,,,
62000,69000,87000,90000,142000,138000,102000,,,,,,,
94000,114000,103000,111000,135000,102000,157000,,,,,,,
1719000,1569000,1475000,1558000,790000,1087000,3445000,,,,,,,
19082000,19243000,19024000,22349000,22945000,17780000,18225000,,,,,,,
169000,145000,143000,199000,243000,54000,215000,,,,,,,
59000,71000,83000,88000,6000,84000,76000,,,,,,,
1681000,1596000,1715000,1840000,2275000,1408000,2405000,,,,,,,
545000,491000,525000,735000,510000,704000,754000,,,,,,,
121000,233000,180000,133000,143000,203000,108000,,,,,,,
218000,296000,272000,234000,48000,187000,792000,,,,,,,
414000,311000,327000,404000,493000,299000,474000,,,,,,,
112000,113000,135000,110000,72000,98000,108000,,,,,,,
15641000,12240000,13255000,15163000,14176000,11276000,9962000,,,,,,,
6323000,6477000,6196000,7198000,6716000,4785000,4897000,,,,,,,
3962000,3931000,4030000,5037000,5252000,3693000,3810000,,,,,,,
363000,258000,271000,261000,300000,108000,307000,,,,,,,
635000,550000,618000,681000,202000,334000,842000,,,,,,,
155000,111000,117000,121000,148000,172000,170000,,,,,,,
216000,225000,196000,237000,249000,151000,340000,,,,,,,
356000,262000,334000,314000,253000,365000,734000,,,,,,,
910000,142000,201000,199000,191000,279000,138000,,,,,,,
3371000,1165000,1138000,1508000,1143000,1130000,1099000,,,,,,,
2989000,2907000,2857000,3077000,1854000,973000,2198000,,,,,,,
606000,537000,547000,583000,419000,234000,369000,,,,,,,
271000,206000,401000,397000,426000,224000,247000,,,,,,,
1023000,319000,1110000,1102000,1367000,1074000,1201000,,,,,,,
197000,229000,216000,211000,121000,202000,397000,,,,,,,
338000,284000,374000,521000,202000,527000,254000,,,,,,,
48000,8000,74000,64000,66000,47000,172000,,,,,,,
10000,6000,9000,11000,330000,9000,11000,,,,,,,
2973000,2668000,2781000,2921000,4293000,2452000,3302000,,,,,,,
2121000,1400000,1711000,1752000,1830000,1077000,3410000,,,,,,,
95000,110000,116000,129000,185000,106000,98000,,,,,,,
13481000,8287000,10795000,12335000,15156000,11373000,13027000,,,,,,,
38732000,35781000,37174000,41585000,46622000,32645000,41399000,,,,,,,
12000,15000,13000,15000,16000,12000,36000,,,,,,,
58176000,51741000,56243000,58556000,67971000,43177000,75800000,,,,,,,
79661000,68829000,83226000,88176000,96806000,74066000,101284000,,,,,,,
5494000,4513000,4793000,4974000,6491000,3692000,5711000,,,,,,,
3007000,1726000,1968000,2475000,2427000,1670000,1698000,,,,,,,
2881000,2588000,2695000,2969000,3562000,2387000,4815000,,,,,,,
3719000,3548000,3860000,4055000,5467000,3317000,4508000,,,,,,,
1594000,1174000,1171000,1089000,1590000,1511000,1985000,,,,,,,
475000,600000,571000,555000,1119000,688000,693000,,,,,,,
2294000,2158000,2250000,2251000,3127000,1836000,3234000,,,,,,,
9429000,8750000,9726000,10068000,13686000,7947000,13735000,,,,,,,
371000,269000,303000,331000,208000,292000,330000,,,,,,,
864000,621000,677000,660000,600000,440000,842000,,,,,,,
49379000,45290000,43531000,46235000,23047000,10319000,8076000,,,,,,,
4350000,4005000,4136000,3462000,1212000,391000,1741000,,,,,,,
9928000,9379000,9724000,10612000,11473000,4704000,6130000,,,,,,,
3842000,3435000,3331000,3738000,3684000,1632000,2236000,,,,,,,
171000,232000,204000,163000,246000,126000,379000,,,,,,,
205000,160000,155000,158000,200000,215000,220000,,,,,,,
74000,78000,45000,59000,18000,125000,113000,,,,,,,
126000,83000,114000,116000,190000,108000,211000,,,,,,,
1765000,1489000,1627000,1938000,2775000,1803000,2312000,,,,,,,
1172000,613000,537000,665000,582000,384000,657000,,,,,,,
15443000,14229000,15091000,16549000,12375000,2524000,6977000,,,,,,,
793000,700000,745000,854000,933000,621000,150000,,,,,,,
3439000,2864000,3534000,4265000,4505000,3363000,1921000,,,,,,,
1697000,1342000,1386000,1454000,1749000,1309000,1532000,,,,,,,
471000,56000,409000,565000,495000,243000,303000,,,,,,,
77000,62000,69000,97000,86000,152000,89000,,,,,,,
557000,490000,480000,560000,568000,455000,470000,,,,,,,
208000,288000,249000,307000,46000,248000,164000,,,,,,,
3313000,2451000,2532000,2819000,3045000,1807000,1018000,,,,,,,
227000,182000,201000,244000,268000,208000,239000,,,,,,,
107000,119000,146000,187000,126000,268000,197000,,,,,,,
2508000,2188000,2326000,2503000,2868000,2153000,1557000,,,,,,,
1019000,274000,243000,275000,352000,225000,326000,,,,,,,
479000,334000,384000,412000,602000,277000,598000,,,,,,,
39000,48000,46000,54000,54000,65000,55000,,,,,,,
12999000,13084000,14672000,14751000,18340000,12335000,19104000,,,,,,,
515000,450000,509000,601000,695000,417000,534000,,,,,,,
163000,156000,185000,223000,254000,139000,200000,,,,,,,
810000,619000,624000,635000,1060000,586000,1366000,,,,,,,
172000,184000,150000,85000,149000,137000,128000,,,,,,,
248000,198000,181000,271000,272000,230000,340000,,,,,,,
93000,81000,99000,107000,118000,94000,101000,,,,,,,
35000,41000,37000,41000,37000,21000,57000,,,,,,,
13243000,9553000,9767000,10820000,9928000,7523000,5631000,,,,,,,
1054000,903000,892000,1026000,238000,1007000,586000,,,,,,,
258000,207000,254000,320000,270000,198000,102000,,,,,,,
3853000,3582000,3937000,4299000,5251000,3872000,4875000,,,,,,,
534000,386000,397000,524000,647000,509000,541000,,,,,,,
253000,5000,0,0,0,18000,22000,,,,,,,
7134000,230000,261000,281000,328000,129000,156000,,,,,,,
721000,621000,747000,753000,667000,643000,831000,,,,,,,
5391000,5301000,4873000,4850000,7491000,3832000,1568000,,,,,,,
320554000,250085000,264273000,283403000,364667000,216650000,31017000,,,,,,,
5520000,3564000,6118000,7335000,5811000,6501000,6639000,,,,,,,
1439000,1301000,1396000,1838000,1861000,1453000,862000,,,,,,,
3147000,2883000,3199000,3590000,3676000,2562000,2170000,,,,,,,
2589000,2230000,2396000,2509000,2424000,2374000,2899000,,,,,,,
6076000,4825000,5904000,6649000,9733000,6818000,10408000,,,,,,,
1194000,755000,1086000,1202000,1330000,945000,1337000,,,,,,,
977000,928000,1103000,1176000,1408000,844000,454000,,,,,,,
860000,639000,819000,904000,846000,523000,968000,,,,,,,
19382000,19112000,17885000,19398000,16957000,15935000,13079000,,,,,,,
61004000,51252000,53309000,62537000,75383000,49789000,28947000,,,,,,,
310000,255000,252000,307000,275000,210000,169000,,,,,,,
7461000,5641000,6967000,7501000,8629000,4775000,7152000,,,,,,,
5331000,4628000,4683000,5618000,4903000,3888000,4524000,,,,,,,
19623000,17309000,17260000,20060000,21694000,14865000,13294000,,,,,,,
879000,744000,814000,959000,1445000,688000,811000,,,,,,,
1227000,1260000,1288000,1087000,1514000,1212000,1331000,,,,,,,
201000,176000,155000,179000,269000,179000,271000,,,,,,,
359000,135000,356000,518000,534000,510000,311000,,,,,,,
674000,597000,464000,672000,824000,534000,478000,,,,,,,
122858000,122737000,127413000,151927000,137940000,103932000,85178000,,,,,,,
946000,679000,727000,940000,1074000,679000,373000,,,,,,,
1160000,785000,979000,915000,1594000,756000,1158000,,,,,,,
42700000,34378000,38652000,44372000,44402000,38275000,23692000,,,,,,,
72527000,57354000,60270000,72439000,85781000,62013000,36182000,,,,,,,
126000,177000,132000,155000,130000,120000,52000,,,,,,,
106000,83000,73000,92000,85000,77000,83000,,,,,,,
255000,198000,225000,263000,256000,211000,349000,,,,,,,
137661000,120106000,124003000,139199000,138044000,86760000,48903000,,,,,,,
157150000,143513000,144812000,157908000,160250000,109101000,54239000,,,,,,,
19729000,17303000,18015000,20866000,20634000,13608000,16662000,,,,,,,
29164000,24476000,25435000,29789000,31545000,22562000,14214000,,,,,,,
14000,14000,25000,24000,29000,21000,18000,,,,,,,
463000,505000,559000,502000,514000,381000,916000,,,,,,,
915000,913000,960000,1036000,1300000,867000,1080000,,,,,,,
466000,448000,568000,689000,970000,437000,618000,,,,,,,
16704000,13797000,14839000,16321000,24567000,13678000,17818000,,,,,,,
630000,524000,592000,608000,811000,556000,654000,,,,,,,
2104000,1829000,1856000,2224000,2146000,1317000,1280000,,,,,,,
310000,344000,302000,305000,384000,97000,374000,,,,,,,
45000,97000,110000,110000,186000,49000,133000,,,,,,,
150000,133000,161000,132000,235000,83000,186000,,,,,,,
22956000,21232000,23595000,27781000,29096000,23089000,15469000,,,,,,,
1181000,630000,666000,826000,975000,674000,581000,,,,,,,
1307000,881000,1069000,1419000,2066000,1356000,1431000,,,,,,,
366000,64000,45000,68000,104000,124000,42000,,,,,,,
395000,238000,294000,334000,231000,706000,181000,,,,,,,
25000,33000,38000,54000,69000,34000,18000,,,,,,,
164000,173000,191000,249000,173000,245000,70000,,,,,,,
169000,224000,242000,294000,211000,253000,106000,,,,,,,
731000,677000,824000,950000,993000,681000,754000,,,,,,,
639000,637000,754000,712000,804000,442000,829000,,,,,,,
56000,52000,60000,75000,79000,74000,82000,,,,,,,
15258000,12822000,14699000,16868000,16171000,17179000,21397000,,,,,,,
3396000,3175000,3812000,4438000,4410000,4273000,3981000,,,,,,,
101000,89000,120000,134000,27000,92000,71000,,,,,,,
340000,277000,308000,372000,338000,270000,344000,,,,,,,
258000,239000,257000,282000,279000,260000,275000,,,,,,,
66000,64000,66000,72000,109000,63000,62000,,,,,,,
142000,95000,106000,108000,130000,75000,130000,,,,,,,
1081000,1024000,1134000,1016000,1084000,777000,1826000,,,,,,,
4189000,4021000,4603000,5337000,5127000,4794000,5499000,,,,,,,
2539000,2314000,2432000,2851000,3681000,2183000,2990000,,,,,,,
255000,209000,235000,272000,384000,208000,343000,,,,,,,
401000,356000,371000,443000,241000,431000,518000,,,,,,,
1787000,1463000,1609000,1773000,2735000,1629000,2634000,,,,,,,
3879000,3103000,3105000,3671000,5682000,3143000,4657000,,,,,,,
2874000,2088000,2248000,2382000,3684000,2396000,3609000,,,,,,,
120000,23000,84000,82000,281000,8000,16000,,,,,,,
328000,1000,391000,334000,860000,313000,605000,,,,,,,
1300000,1091000,1184000,1296000,2246000,1265000,1655000,,,,,,,
2604000,2514000,2710000,2633000,4385000,2507000,3684000,,,,,,,
414000,418000,443000,428000,774000,309000,766000,,,,,,,
43000,47000,61000,56000,102000,18000,67000,,,,,,,
1979000,2245000,2195000,2857000,2284000,3172000,2085000,,,,,,,
571000,29000,37000,50000,41000,29000,6000,,,,,,,
2422000,1850000,2647000,3300000,3906000,2911000,3198000,,,,,,,
11250000,11845000,12580000,13168000,11528000,10418000,17590000,,,,,,,
278423000,245934000,245121000,267419000,288720000,172924000,92718000,,,,,,,
30282000,27178000,26594000,28612000,30047000,18728000,28233000,,,,,,,
335000,262000,270000,331000,332000,242000,197000,,,,,,,
426000,336000,468000,553000,491000,375000,278000,,,,,,,
5810000,4963000,5062000,5877000,7017000,4462000,3440000,,,,,,,
211000,230000,217000,211000,258000,179000,173000,,,,,,,
175000,150000,151000,214000,220000,76000,130000,,,,,,,
5175000,5080000,5600000,6372000,6372000,3834000,2677000,,,,,,,
50680000,51987000,51177000,55620000,43902000,38017000,49829000,,,,,,,
68709000,64367000,65059000,72465000,71066000,44889000,63877000,,,,,,,
47105000,47181000,48028000,56474000,42255000,47961000,46962000,,,,,,,
354000,292000,303000,306000,440000,269000,234000,,,,,,,
213000,119000,128000,161000,168000,196000,233000,,,,,,,
21000,17000,19000,19000,36000,27000,28000,,,,,,,
640000,238000,482000,613000,796000,586000,718000,,,,,,,
2991000,2705000,3019000,2958000,4326000,2178000,3214000,,,,,,,
10447000,9208000,9307000,10254000,9458000,7752000,10688000,,,,,,,
63000,58000,50000,59000,77000,41000,87000,,,,,,,
4120000,3253000,3425000,3860000,4952000,3051000,5591000,,,,,,,
945000,827000,889000,798000,890000,575000,1723000,,,,,,,
216000,160000,205000,191000,295000,260000,356000,,,,,,,
1981000,2210000,2111000,2180000,2762000,1859000,3559000,,,,,,,
37000,36000,35000,31000,47000,21000,27000,,,,,,,
1624000,1757000,1896000,1787000,2801000,1461000,2642000,,,,,,,
1550000,1711000,1443000,1245000,972000,1047000,2109000,,,,,,,
1038000,980000,1017000,1027000,965000,822000,1831000,,,,,,,
457000,389000,411000,408000,437000,224000,165000,,,,,,,
3301000,2863000,3080000,2902000,2520000,2482000,3758000,,,,,,,
50769000,39740000,39490000,44857000,56012000,53467000,41726000,,,,,,,
232151000,252307000,231611000,253631000,250682000,215921000,159537000,,,,,,,
4136000,3835000,3703000,3825000,5442000,2886000,6741000,,,,,,,
6191000,6407000,6460000,6618000,4954000,2747000,2655000,,,,,,,
6435000,4884000,5618000,6737000,7674000,3747000,4927000,,,,,,,
204000,242000,263000,262000,439000,289000,388000,,,,,,,
478000,344000,323000,389000,422000,238000,453000,,,,,,,
12367000,11136000,11026000,12255000,11100000,11875000,13530000,,,,,,,
126000,85000,89000,104000,65000,76000,165000,,,,,,,
1549000,921000,1423000,1511000,1677000,1037000,1510000,,,,,,,
220000,191000,179000,179000,218000,184000,167000,,,,,,,
31000,50000,63000,46000,55000,532000,50000,,,,,,,
1468000,1420000,1603000,1894000,1895000,2029000,2127000,,,,,,,
4152000,4028000,4602000,4620000,3921000,3154000,4510000,,,,,,,
504000,267000,433000,444000,376000,373000,1369000,,,,,,,
1066000,1149000,1031000,1018000,1215000,607000,1437000,,,,,,,
14810000,9448000,11414000,12325000,14005000,8041000,17644000,,,,,,,
337000,304000,265000,269000,20000,209000,352000,,,,,,,
391000,320000,347000,362000,435000,364000,392000,,,,,,,
23856000,17191000,19615000,22012000,21427000,18387000,21810000,,,,,,,
82000,2000,81000,80000,95000,59000,152000,,,,,,,
248000,224000,307000,395000,603000,398000,314000,,,,,,,
82621000,63230000,66179000,70984000,75283000,60186000,70443000,,,,,,,
53000,42000,48000,65000,96000,85000,79000,,,,,,,
31000,29000,41000,28000,24000,110000,51000,,,,,,,
567000,464000,392000,523000,815000,548000,592000,,,,,,,
833000,728000,763000,914000,977000,676000,471000,,,,,,,
609000,573000,561000,564000,855000,520000,582000,,,,,,,
1069000,810000,784000,825000,992000,549000,1271000,,,,,,,
547000,417000,504000,485000,748000,451000,682000,,,,,,,
2345000,717000,690000,796000,664000,476000,796000,,,,,,,
3696000,1996000,1902000,2706000,2322000,1873000,2651000,,,,,,,
12636000,5874000,5715000,7285000,6344000,5128000,5269000,,,,,,,
15614000,13950000,16783000,17944000,20557000,17727000,19892000,,,,,,,
3000,96000,72000,26000,18000,86000,260000,,,,,,,
1467000,836000,833000,916000,1071000,468000,448000,,,,,,,
61000,57000,61000,55000,59000,28000,30000,,,,,,,
332000,297000,305000,407000,339000,315000,266000,,,,,,,
718000,824000,746000,613000,693000,613000,1516000,,,,,,,
42875000,28360000,31075000,33267000,42519000,28815000,34046000,,,,,,,
2560000,2123000,2410000,2637000,3412000,2942000,3552000,,,,,,,
694000,592000,633000,747000,288000,654000,942000,,,,,,,
2453000,2019000,1979000,2179000,2362000,1990000,2926000,,,,,,,
131000,22000,17000,31000,17000,38000,34000,,,,,,,
6546000,592000,628000,739000,138000,753000,345000,,,,,,,
53969000,47150000,54941000,61290000,74501000,52751000,45636000,,,,,,,
1617000,1231000,1227000,1326000,1422000,988000,1303000,,,,,,,
67000,68000,75000,87000,80000,73000,43000,,,,,,,
35000,48000,43000,50000,72000,42000,40000,,,,,,,
246000,148000,130000,151000,229000,159000,126000,,,,,,,
4188000,3983000,4161000,4898000,4850000,5223000,4903000,,,,,,,
983000,846000,961000,1039000,1103000,840000,1089000,,,,,,,
1542000,1379000,1575000,2030000,1753000,1654000,1522000,,,,,,,
309000,318000,359000,344000,376000,423000,459000,,,,,,,
740000,410000,476000,528000,652000,510000,652000,,,,,,,
1277000,996000,1186000,1263000,1347000,995000,1550000,,,,,,,
341000,206000,227000,245000,160000,230000,369000,,,,,,,
351000,248000,259000,263000,207000,159000,436000,,,,,,,
33254000,32212000,32102000,37735000,40775000,34624000,39548000,,,,,,,
183000,223000,232000,202000,265000,144000,261000,,,,,,,
598000,464000,478000,479000,803000,356000,895000,,,,,,,
378000,260000,342000,315000,318000,204000,425000,,,,,,,
720000,152000,302000,359000,422000,450000,302000,,,,,,,
312000,229000,245000,236000,277000,169000,315000,,,,,,,
382000,342000,358000,357000,390000,301000,360000,,,,,,,
1238000,1093000,1060000,1390000,1260000,1104000,1114000,,,,,,,
1437000,1565000,1534000,2097000,1931000,1491000,2058000,,,,,,,
31000,54000,23000,26000,12000,17000,79000,,,,,,,
642000,533000,567000,645000,748000,505000,597000,,,,,,,
633000,678000,790000,738000,861000,614000,979000,,,,,,,
2074000,377000,404000,613000,527000,503000,348000,,,,,,,
287000,226000,246000,265000,301000,163000,351000,,,,,,,
12433000,11661000,12332000,12582000,13431000,10175000,10655000,,,,,,,
257090000,219530000,237535000,279031000,285548000,198526000,54840000,,,,,,,
1088000,698000,1002000,1181000,1162000,969000,517000,,,,,,,
950000,859000,831000,1020000,982000,721000,424000,,,,,,,
484000,462000,471000,570000,527000,309000,290000,,,,,,,
2644000,2330000,2588000,3033000,3442000,2378000,572000,,,,,,,
221631000,197946000,208344000,233814000,250356000,180733000,73538000,,,,,,,
2533000,2420000,2669000,3256000,3765000,2283000,1867000,,,,,,,
34383000,30188000,32200000,37536000,38922000,28327000,11044000,,,,,,,
710000,602000,778000,747000,706000,346000,55000,,,,,,,
915000,182000,143000,174000,296000,519000,157000,,,,,,,
4141000,3901000,4678000,4991000,6467000,5044000,6033000,,,,,,,
7750000,7241000,7312000,8180000,5590000,4888000,6117000,,,,,,,
1009000,1053000,1149000,1099000,836000,765000,1580000,,,,,,,
1000,41000,10000,0,0,2000,144000,,,,,,,
175000,150000,168000,121000,247000,17000,404000,,,,,,,
705000,675000,846000,901000,239000,711000,460000,,,,,,,
438000,499000,502000,516000,648000,578000,594000,,,,,,,
210000,142000,224000,230000,303000,205000,204000,,,,,,,
5822000,3225000,3425000,6817000,8004000,3203000,2993000,,,,,,,
209000,189000,205000,238000,338000,223000,218000,,,,,,,
1754000,1439000,1495000,1896000,1847000,1931000,1061000,,,,,,,
107000,79000,67000,89000,109000,102000,101000,,,,,,,
81000,47000,49000,55000,66000,71000,33000,,,,,,,
4693000,121000,126000,171000,301000,115000,333000,,,,,,,
75000,68000,75000,85000,84000,65000,89000,,,,,,,
445000,226000,288000,308000,354000,206000,336000,,,,,,,
1564000,669000,602000,681000,1037000,621000,1128000,,,,,,,
2003000,2368000,2609000,2895000,1763000,3235000,1676000,,,,,,,
314000,295000,285000,347000,399000,284000,257000,,,,,,,
431000,460000,446000,496000,594000,469000,568000,,,,,,,
76000,84000,85000,112000,116000,91000,89000,,,,,,,
126000,121000,156000,438000,127000,159000,107000,,,,,,,
1959000,1455000,1466000,1610000,1692000,1592000,1288000,,,,,,,
56000,64000,83000,87000,78000,28000,32000,,,,,,,
1697000,1764000,2139000,1736000,2504000,2235000,2080000,,,,,,,
104000,112000,135000,169000,199000,85000,138000,,,,,,,
92395000,84213000,86657000,89962000,75536000,26010000,67604000,,,,,,,
27310000,22721000,23723000,28484000,24518000,17872000,5758000,,,,,,,
2019000,2485000,1610000,1906000,1904000,785000,1080000,,,,,,,
7584000,6155000,6242000,6556000,6557000,4177000,3563000,,,,,,,
186000,192000,213000,250000,758000,186000,222000,,,,,,,
174000,164000,215000,196000,327000,192000,291000,,,,,,,
1674000,2225000,1887000,2385000,2097000,1254000,2555000,,,,,,,
3926000,4109000,4270000,5522000,6389000,5983000,5249000,,,,,,,
318000,330000,362000,405000,485000,504000,383000,,,,,,,
3313000,2739000,2961000,3815000,4637000,4673000,4725000,,,,,,,
72341000,65023000,63482000,74518000,76796000,53482000,18116000,,,,,,,
99866000,82952000,86354000,99063000,99752000,63684000,29201000,,,,,,,
14129000,10836000,12655000,13772000,13086000,8218000,4580000,,,,,,,
3341000,2290000,1938000,2762000,2617000,1850000,2191000,,,,,,,
6494000,5218000,5339000,5778000,10182000,4403000,2315000,,,,,,,
106000,144000,158000,193000,183000,142000,120000,,,,,,,
47030000,39906000,42723000,50364000,55674000,32249000,17132000,,,,,,,
6334000,6546000,6466000,6905000,13518000,7000000,7293000,,,,,,,
7853000,3579000,3305000,3642000,3708000,2918000,4441000,,,,,,,
7052000,6312000,7107000,7629000,7279000,7274000,5592000,,,,,,,
569000,502000,593000,703000,718000,537000,476000,,,,,,,
1031000,759000,888000,1031000,1102000,699000,942000,,,,,,,
4020000,3602000,4003000,4381000,4977000,2941000,2927000,,,,,,,
11916000,11862000,13554000,14799000,15539000,13581000,16923000,,,,,,,
151000,132000,155000,177000,191000,149000,152000,,,,,,,
280000,229000,228000,252000,304000,139000,425000,,,,,,,
736000,562000,706000,721000,907000,542000,880000,,,,,,,
632000,534000,546000,570000,716000,413000,1094000,,,,,,,
104000,109000,119000,116000,98000,83000,134000,,,,,,,
1261000,1206000,1288000,1204000,1592000,907000,1537000,,,,,,,
97000,82000,104000,113000,144000,104000,142000,,,,,,,
421000,48000,30000,55000,37000,32000,46000,,,,,,,
462000,350000,477000,512000,515000,248000,325000,,,,,,,
100000,92000,82000,85000,135000,60000,147000,,,,,,,
413000,372000,355000,455000,493000,314000,418000,,,,,,,
567000,659000,782000,863000,841000,915000,643000,,,,,,,
131000,108000,145000,150000,171000,158000,147000,,,,,,,
70724000,60659000,65562000,70054000,83424000,48831000,28838000,,,,,,,
136529000,128651000,125094000,140976000,150827000,99457000,40469000,,,,,,,
215000,1152000,326000,359000,256000,423000,336000,,,,,,,
375000,317000,388000,434000,473000,446000,420000,,,,,,,
261000,280000,292000,348000,191000,260000,397000,,,,,,,
3816000,3380000,3360000,3910000,4450000,3172000,4056000,,,,,,,
494000,391000,585000,0,3000,311000,468000,,,,,,,
1687000,638000,1509000,757000,916000,706000,844000,,,,,,,
826000,757000,751000,830000,430000,844000,1251000,,,,,,,
849000,518000,510000,512000,769000,541000,811000,,,,,,,
2296000,1924000,2148000,2326000,2054000,1876000,2703000,,,,,,,
3930000,1936000,3542000,4044000,4690000,2858000,4735000,,,,,,,
51000,45000,66000,73000,94000,93000,85000,,,,,,,
49000,63000,67000,84000,100000,107000,87000,,,,,,,
113000,118000,122000,133000,0,105000,132000,,,,,,,
199000,198000,208000,215000,166000,183000,43000,,,,,,,
7918000,5625000,6411000,7976000,8405000,7875000,8250000,,,,,,,
15842000,13437000,14544000,18899000,18625000,17989000,16924000,,,,,,,
11777000,8374000,12925000,9738000,9082000,10641000,9344000,,,,,,,
7835000,4755000,6895000,5232000,6915000,4822000,6395000,,,,,,,
9888000,3370000,7546000,4551000,5891000,4491000,4373000,,,,,,,
280000,386000,371000,615000,211000,342000,493000,,,,,,,
4908000,2587000,2764000,3099000,3013000,2199000,1883000,,,,,,,
642000,457000,536000,647000,1026000,1085000,494000,,,,,,,
3870000,3079000,3400000,4029000,5026000,3000000,4015000,,,,,,,
650000,495000,531000,569000,836000,528000,605000,,,,,,,
2541000,1896000,2030000,2384000,2548000,2083000,1724000,,,,,,,
1093000,857000,953000,1157000,792000,771000,830000,,,,,,,
54000,44000,52000,48000,73000,44000,62000,,,,,,,
1368000,1342000,1289000,1400000,1693000,1335000,1370000,,,,,,,
3722000,2907000,2911000,3114000,3177000,3177000,2791000,,,,,,,
1234000,844000,1037000,1126000,1422000,750000,727000,,,,,,,
4551000,4114000,4040000,4427000,3200000,3465000,5527000,,,,,,,
4330000,3509000,3945000,4078000,5025000,2971000,4810000,,,,,,,
1421000,1221000,1364000,1655000,1450000,863000,1135000,,,,,,,
1825000,1536000,1801000,2050000,1928000,2007000,1707000,,,,,,,
182000,125000,130000,142000,258000,152000,184000,,,,,,,
1839000,1289000,1499000,1590000,1771000,1543000,1567000,,,,,,,
3246000,3001000,3001000,3370000,2942000,2575000,2583000,,,,,,,
36080000,33730000,35963000,41875000,46298000,38065000,38496000,,,,,,,
4925000,4524000,4858000,5297000,6511000,4446000,5466000,,,,,,,
75000,198000,173000,150000,51000,226000,187000,,,,,,,
365000,418000,534000,493000,74000,579000,450000,,,,,,,
333000,862000,484000,556000,456000,302000,415000,,,,,,,
4022000,4885000,6143000,8822000,8165000,5391000,5210000,,,,,,,
14849000,13906000,14020000,14424000,17118000,11961000,19159000,,,,,,,
1789000,1725000,1637000,1749000,1757000,1410000,2614000,,,,,,,
2720000,3543000,2653000,2791000,3203000,2220000,2674000,,,,,,,
3231000,2824000,3254000,3746000,5574000,4186000,3771000,,,,,,,
8956000,7565000,8757000,10317000,13439000,11301000,10576000,,,,,,,
1629000,1359000,1716000,2106000,3425000,2585000,1731000,,,,,,,
33000,32000,37000,48000,49000,37000,13000,,,,,,,
819000,604000,583000,759000,868000,633000,360000,,,,,,,
103000,94000,68000,87000,189000,83000,65000,,,,,,,
59926000,46992000,51682000,57902000,70534000,47929000,39125000,,,,,,,
50618000,38976000,43810000,51158000,56436000,33859000,35763000,,,,,,,
20631000,19432000,20965000,24787000,24852000,18775000,15071000,,,,,,,
5791000,23000,1260000,1299000,1589000,1713000,888000,,,,,,,
1246000,1096000,1216000,1465000,1386000,1617000,1450000,,,,,,,
89000,65000,83000,81000,140000,98000,95000,,,,,,,
1439000,1217000,1418000,1448000,1970000,1318000,1820000,,,,,,,
3000,242000,3000,1000,1000,1000,4000,,,,,,,
234000,300000,326000,298000,342000,177000,501000,,,,,,,
7553000,7175000,7623000,8415000,9758000,6997000,6379000,,,,,,,
2397000,2119000,1984000,2279000,2941000,1857000,2381000,,,,,,,
638000,555000,502000,673000,514000,530000,733000,,,,,,,
23000,27000,37000,28000,32000,34000,23000,,,,,,,
416000,81000,60000,67000,84000,115000,73000,,,,,,,
5749000,4685000,4710000,5016000,5889000,4346000,5617000,,,,,,,
1946000,1516000,1488000,1834000,2367000,1765000,2329000,,,,,,,
912000,967000,949000,1058000,1075000,667000,615000,,,,,,,
438000,241000,293000,288000,401000,278000,538000,,,,,,,
409000,359000,389000,431000,692000,413000,784000,,,,,,,
102650000,97137000,99068000,112660000,147561000,96807000,96163000,,,,,,,
115000,35000,88000,100000,169000,53000,146000,,,,,,,
471000,444000,523000,450000,147000,57000,262000,,,,,,,
333000,326000,361000,358000,426000,255000,317000,,,,,,,
614000,6494000,534000,552000,699000,410000,914000,,,,,,,
6985000,6665000,7142000,8049000,9416000,7632000,11932000,,,,,,,
7493000,8056000,8872000,9166000,9062000,8041000,13497000,,,,,,,
88000,88000,109000,98000,125000,102000,125000,,,,,,,
1533000,1377000,1487000,1551000,1075000,1225000,2237000,,,,,,,
1120000,919000,913000,1034000,878000,699000,410000,,,,,,,
5869000,5108000,5122000,5927000,6420000,4136000,2719000,,,,,,,
103000,124000,144000,119000,134000,125000,104000,,,,,,,
207000,218000,251000,216000,313000,210000,329000,,,,,,,
34477000,28864000,29087000,35153000,36409000,26294000,10182000,,,,,,,
150000,164000,206000,240000,216000,184000,61000,,,,,,,
6594000,1887000,1740000,2153000,1858000,1578000,2020000,,,,,,,
3491000,3693000,3206000,3045000,2485000,2288000,7037000,,,,,,,
519000,533000,459000,386000,22000,354000,1130000,,,,,,,
699000,539000,547000,623000,930000,645000,605000,,,,,,,
658000,720000,613000,744000,733000,504000,786000,,,,,,,
3236000,3045000,3511000,4090000,4767000,3582000,2418000,,,,,,,
274000,76000,101000,106000,153000,92000,116000,,,,,,,
20000,15000,17000,22000,17000,0,1000,,,,,,,
14040000,14068000,14200000,15855000,15137000,13750000,6689000,,,,,,,
13128000,12972000,14400000,14800000,17109000,14721000,11487000,,,,,,,
173000,130000,141000,130000,31000,137000,181000,,,,,,,
368000,413000,488000,469000,489000,396000,438000,,,,,,,
1715000,1594000,1721000,2045000,2626000,2128000,2407000,,,,,,,
3441000,1226000,1484000,1945000,2298000,1714000,1111000,,,,,,,
52000,37000,62000,36000,62000,45000,102000,,,,,,,
823852000,918547000,1003887000,1453230000,1175518000,751588000,931867000,,,,,,,
476879000,569631000,556948000,710356000,564368000,338718000,583690000,,,,,,,
34000,26000,32000,67000,209000,31000,19000,,,,,,,
171000,76000,111000,160000,217000,13000,198000,,,,,,,
247790000,27171000,24013000,34515000,32338000,19277000,29098000,,,,,,,
409133000,27025000,16754000,19983000,21252000,13572000,20433000,,,,,,,
35078000,1789000,1328000,1438000,1455000,1083000,1657000,,,,,,,
11491000,8504000,13014000,11757000,13186000,9499000,11587000,,,,,,,
916000,868000,1266000,1056000,1280000,842000,1050000,,,,,,,
179000,4000,3000,5000,4000,6000,8000,,,,,,,
105284000,819000,603000,831000,1033000,700000,505000,,,,,,,
213345000,25761000,26183000,36333000,32088000,19412000,33999000,,,,,,,
17630000,1597000,1197000,1390000,1434000,688000,1343000,,,,,,,
13738000,1187000,989000,1396000,1639000,883000,1048000,,,,,,,
446000,33000,16000,12000,24000,72000,44000,,,,,,,
1052000,1096000,1224000,1651000,1499000,836000,1497000,,,,,,,
346000,317000,315000,438000,409000,249000,361000,,,,,,,
19143000,14979000,22041000,19465000,19580000,17372000,20344000,,,,,,,
80000,6000,24000,39000,23000,6000,2000,,,,,,,
1383000,107000,191000,17000,30000,23000,9000,,,,,,,
7948000,40000,33000,84000,54000,38000,26000,,,,,,,
21331000,355000,253000,152000,121000,520000,928000,,,,,,,
22937000,600000,534000,696000,717000,219000,451000,,,,,,,
771000,547000,497000,521000,665000,344000,1212000,,,,,,,
195000,341000,356000,323000,323000,395000,525000,,,,,,,
6830000,6626000,6845000,7912000,6707000,6493000,6286000,,,,,,,
647000,564000,699000,708000,736000,669000,772000,,,,,,,
5113000,4579000,4681000,5178000,5087000,4628000,5897000,,,,,,,
103000,36000,44000,73000,82000,93000,40000,,,,,,,
9965000,11381000,12307000,12983000,11315000,12346000,13043000,,,,,,,
19000,16000,23000,26000,22000,25000,19000,,,,,,,
144000,143000,176000,209000,187000,159000,152000,,,,,,,
362000,349000,373000,419000,758000,253000,435000,,,,,,,
4375000,3818000,4359000,5352000,5513000,3711000,2099000,,,,,,,
16423000,15548000,16556000,19212000,18949000,16048000,18103000,,,,,,,
103754000,97299000,95552000,103368000,110979000,66336000,26673000,,,,,,,
1765000,1475000,7400000,1552000,1948000,14404000,1672000,,,,,,,
124000,47000,43000,90000,101000,75000,19000,,,,,,,
247000,141000,166000,221000,248000,301000,146000,,,,,,,
392000,417000,521000,498000,529000,541000,419000,,,,,,,
122000,105000,107000,120000,190000,124000,104000,,,,,,,
626000,29000,39000,43000,43000,67000,47000,,,,,,,
3604000,3083000,3167000,3377000,3755000,2793000,3512000,,,,,,,
15452000,969000,970000,814000,1067000,778000,957000,,,,,,,
43000,63000,47000,49000,4000,4000,9000,,,,,,,
2497000,2325000,2299000,2536000,2767000,1694000,1437000,,,,,,,
609000,558000,486000,535000,566000,376000,680000,,,,,,,
1367000,783000,879000,918000,1238000,743000,1087000,,,,,,,
68000,69000,60000,58000,19000,47000,272000,,,,,,,
3442000,1439000,1657000,1727000,2232000,1645000,1961000,,,,,,,
1797000,1251000,1581000,1658000,2145000,1598000,2139000,,,,,,,
39000,32000,42000,51000,58000,44000,45000,,,,,,,
73000,58000,69000,65000,77000,51000,63000,,,,,,,
134000,65000,40000,133000,213000,136000,23000,,,,,,,
54000,62000,57000,72000,127000,108000,78000,,,,,,,
261000,317000,265000,269000,264000,234000,451000,,,,,,,
287000,376000,291000,329000,382000,250000,456000,,,,,,,
251000,315000,275000,247000,297000,233000,283000,,,,,,,
488000,377000,540000,637000,808000,655000,627000,,,,,,,
17147000,872000,611000,610000,660000,568000,574000,,,,,,,
993000,981000,1049000,921000,1895000,790000,1291000,,,,,,,
4431000,4606000,4927000,5641000,5648000,4298000,1125000,,,,,,,
5107000,5003000,4961000,5515000,5004000,4250000,1271000,,,,,,,
71000,62000,75000,76000,101000,51000,48000,,,,,,,
654000,514000,555000,652000,784000,483000,718000,,,,,,,
626000,832000,999000,1187000,574000,1332000,1130000,,,,,,,
6270000,5831000,6079000,7237000,6791000,4896000,8042000,,,,,,,
2060000,2216000,2387000,2659000,2561000,2264000,2595000,,,,,,,
3563000,3148000,3278000,3668000,5634000,2517000,3844000,,,,,,,
2528000,2374000,2391000,2911000,2697000,1469000,1372000,,,,,,,
7645000,7393000,7204000,8159000,9106000,5773000,4464000,,,,,,,
9951000,9684000,10053000,12176000,8631000,4920000,4626000,,,,,,,
725000,353000,760000,785000,966000,617000,530000,,,,,,,
12155000,10835000,14039000,16459000,14719000,14303000,6693000,,,,,,,
1971000,1855000,1891000,2099000,1979000,1955000,1237000,,,,,,,
421000,432000,499000,548000,591000,386000,316000,,,,,,,
398000,298000,445000,516000,578000,425000,141000,,,,,,,
0,13000,2000,1000,4000,31000,24000,,,,,,,
509000,804000,712000,888000,20000,241000,495000,,,,,,,
3474000,3191000,3325000,3713000,2767000,1034000,1811000,,,,,,,
1621000,1436000,1597000,1818000,1978000,1156000,751000,,,,,,,
37060000,33161000,34351000,40112000,33536000,10824000,16384000,,,,,,,
1282850000,1225408000,1266572000,1440731000,1403042000,1078422000,232734000,,,,,,,
203000,171000,172000,205000,242000,189000,111000,,,,,,,
3489000,3352000,3376000,3871000,3874000,2455000,1896000,,,,,,,
26379000,22674000,23036000,25090000,25598000,17799000,7735000,,,,,,,
153304000,148649000,148454000,170088000,148476000,128213000,55536000,,,,,,,
40000,29000,33000,33000,23000,18000,14000,,,,,,,
17503000,16775000,16440000,18275000,15986000,11327000,7356000,,,,,,,
29700000,26964000,26734000,29462000,30140000,17758000,14694000,,,,,,,
33000,38000,34000,45000,63000,43000,122000,,,,,,,
3842000,3538000,3805000,4834000,4456000,2380000,2205000,,,,,,,
28000,24000,26000,34000,16000,16000,13000,,,,,,,
1835000,1755000,1953000,1950000,2261000,2073000,1849000,,,,,,,
60000,80000,103000,105000,120000,141000,103000,,,,,,,
3328000,2738000,2600000,2865000,3227000,2084000,3930000,,,,,,,
61000,82000,64000,96000,127000,68000,69000,,,,,,,
1008000,796000,868000,860000,100000,856000,594000,,,,,,,
362000,365000,419000,446000,579000,400000,428000,,,,,,,
884000,857000,877000,920000,608000,774000,905000,,,,,,,
5395000,5335000,5106000,5566000,5639000,3706000,3082000,,,,,,,
240000,228000,266000,304000,309000,254000,375000,,,,,,,
3422000,2779000,2841000,3242000,2481000,2028000,2002000,,,,,,,
303000,332000,312000,288000,448000,225000,456000,,,,,,,
179000,117000,138000,166000,162000,86000,208000,,,,,,,
325000,337000,358000,422000,483000,255000,696000,,,,,,,
178000,193000,237000,264000,310000,103000,329000,,,,,,,
214000,210000,237000,166000,126000,156000,651000,,,,,,,
173534000,195468000,198961000,203749000,252724000,220410000,205026000,,,,,,,
3638000,1170000,1241000,1290000,1683000,838000,1899000,,,,,,,
1113000,856000,1096000,560000,253000,742000,1186000,,,,,,,
8811000,8225000,9165000,10344000,11971000,7969000,5370000,,,,,,,
837000,640000,669000,747000,759000,447000,383000,,,,,,,
60000,49000,59000,60000,0,71000,95000,,,,,,,
2000,9000,10000,5000,3000,7000,12000,,,,,,,
378000,357000,306000,251000,345000,208000,534000,,,,,,,
6556000,5789000,5862000,1341000,1514000,6408000,5579000,,,,,,,
704000,646000,672000,705000,1039000,678000,779000,,,,,,,
7000,27000,16000,24000,30000,19000,43000,,,,,,,
270000,246000,272000,276000,372000,232000,310000,,,,,,,
352000,306000,314000,346000,332000,323000,524000,,,,,,,
141000,95000,90000,48000,14000,103000,276000,,,,,,,
177000,138000,158000,134000,18000,157000,198000,,,,,,,
57000,63000,67000,40000,94000,31000,79000,,,,,,,
60000,47000,51000,72000,80000,34000,74000,,,,,,,
193000,172000,182000,190000,235000,212000,324000,,,,,,,
243000,323000,264000,291000,365000,286000,320000,,,,,,,
155000,144000,120000,148000,212000,108000,111000,,,,,,,
225000,189000,217000,176000,292000,166000,224000,,,,,,,
405000,325000,306000,449000,548000,339000,389000,,,,,,,
229000,249000,242000,277000,145000,228000,367000,,,,,,,
418000,461000,405000,453000,522000,330000,736000,,,,,,,
131000,133000,123000,123000,179000,59000,223000,,,,,,,
1000,10000,9000,9000,5000,24000,109000,,,,,,,
718000,657000,664000,717000,934000,694000,762000,,,,,,,
1468000,1381000,1349000,1369000,1557000,1281000,2043000,,,,,,,
1428000,1237000,1312000,1419000,1791000,1237000,2046000,,,,,,,
119000,131000,119000,130000,151000,73000,212000,,,,,,,
367000,325000,330000,334000,464000,287000,522000,,,,,,,
1772000,1354000,1449000,1427000,1451000,1375000,2714000,,,,,,,
1712000,1258000,1569000,1961000,2185000,1041000,1171000,,,,,,,
576000,251000,320000,412000,385000,210000,384000,,,,,,,
460000,380000,460000,494000,416000,310000,320000,,,,,,,
2922000,2519000,2731000,2787000,3278000,1931000,2780000,,,,,,,
299000,256000,286000,284000,356000,231000,359000,,,,,,,
542000,466000,488000,532000,558000,369000,431000,,,,,,,
164000,153000,151000,173000,230000,172000,173000,,,,,,,
891000,711000,680000,753000,836000,493000,1036000,,,,,,,
1052000,906000,952000,1017000,505000,776000,1237000,,,,,,,
175000,134000,142000,145000,179000,225000,139000,,,,,,,
61000,65000,51000,72000,19000,63000,114000,,,,,,,
1062000,964000,1070000,1211000,1576000,1059000,1256000,,,,,,,
1246000,944000,1114000,1122000,1513000,929000,1377000,,,,,,,
297000,301000,272000,299000,496000,148000,225000,,,,,,,
61000,75000,75000,75000,129000,87000,43000,,,,,,,
798000,1257000,896000,870000,941000,589000,1123000,,,,,,,
124000,124000,147000,148000,189000,120000,206000,,,,,,,
3129000,2961000,3310000,2958000,3026000,1942000,4796000,,,,,,,
6424000,6397000,6393000,6415000,7530000,4712000,9116000,,,,,,,
224000,215000,219000,243000,41000,174000,307000,,,,,,,
3268000,2796000,3344000,3482000,2665000,3141000,3871000,,,,,,,
21000,59000,41000,29000,49000,41000,119000,,,,,,,
5265000,4634000,4993000,5100000,2092000,3819000,6901000,,,,,,,
2253000,2313000,2374000,2445000,1960000,2787000,2713000,,,,,,,
1307000,1200000,1389000,1423000,1052000,1781000,1141000,,,,,,,
564000,297000,338000,311000,593000,490000,486000,,,,,,,
284000,250000,281000,375000,450000,374000,503000,,,,,,,
438000,349000,466000,535000,695000,643000,761000,,,,,,,
176000,198000,197000,161000,225000,159000,208000,,,,,,,
296000,424000,340000,422000,449000,374000,380000,,,,,,,
61000,49000,61000,86000,64000,30000,84000,,,,,,,
24505000,26047000,29674000,32733000,25944000,37188000,32984000,,,,,,,
1144000,1089000,1063000,1082000,1695000,776000,1403000,,,,,,,
175000,158000,174000,152000,99000,116000,268000,,,,,,,
273000,306000,333000,425000,479000,280000,569000,,,,,,,
292000,208000,167000,160000,153000,235000,203000,,,,,,,
120000,95000,116000,109000,173000,142000,146000,,,,,,,
301000,280000,288000,290000,412000,279000,321000,,,,,,,
495000,651000,548000,610000,51000,492000,913000,,,,,,,
84000,44000,63000,65000,166000,68000,166000,,,,,,,
450000,471000,554000,570000,679000,526000,775000,,,,,,,
51000,49000,50000,48000,5000,20000,105000,,,,,,,
419000,376000,429000,469000,272000,394000,290000,,,,,,,
383000,334000,359000,478000,535000,372000,34000,,,,,,,
4462000,4591000,4984000,5845000,2184000,4604000,4550000,,,,,,,
163911000,143606000,147190000,172219000,195392000,126461000,43877000,,,,,,,
174000,131000,139000,146000,213000,105000,244000,,,,,,,
1957000,856000,908000,1138000,1516000,1104000,1249000,,,,,,,
6952000,5508000,5794000,6446000,6621000,4335000,9533000,,,,,,,
74000,136000,218000,230000,139000,280000,215000,,,,,,,
170000,187000,198000,225000,252000,216000,194000,,,,,,,
45000,33000,28000,52000,50000,46000,24000,,,,,,,
1507000,1084000,1272000,1320000,1393000,1238000,1293000,,,,,,,
4271000,4836000,5899000,6545000,6675000,8039000,6639000,,,,,,,
931000,349000,323000,353000,59000,207000,450000,,,,,,,
374000,242000,321000,377000,299000,98000,125000,,,,,,,
10000,55000,41000,23000,8000,51000,42000,,,,,,,
137000,149000,168000,189000,210000,159000,217000,,,,,,,
62000,61000,86000,100000,119000,90000,95000,,,,,,,
144000,158000,174000,163000,128000,155000,143000,,,,,,,
8246000,7852000,7625000,6958000,8258000,6782000,7654000,,,,,,,
133000,219000,231000,238000,368000,493000,253000,,,,,,,
98000,85000,77000,61000,88000,66000,115000,,,,,,,
279000,210000,236000,307000,308000,258000,263000,,,,,,,
4518000,4496000,5940000,6729000,5914000,4102000,3903000,,,,,,,
265000,313000,353000,342000,171000,376000,345000,,,,,,,
13666000,12412000,12089000,13718000,10842000,8208000,14414000,,,,,,,
2506000,2674000,2671000,2240000,3505000,1703000,3029000,,,,,,,
437000,256000,272000,321000,450000,274000,280000,,,,,,,
380000,363000,379000,454000,591000,469000,374000,,,,,,,
453000,195000,200000,305000,353000,278000,335000,,,,,,,
14096000,9618000,10903000,13293000,16867000,9251000,11147000,,,,,,,
799000,678000,769000,768000,1233000,809000,1123000,,,,,,,
38417000,36184000,38481000,48662000,49676000,27694000,13122000,,,,,,,
485000,470000,506000,634000,645000,412000,90000,,,,,,,
1739000,1814000,1622000,1678000,2095000,1370000,1785000,,,,,,,
893000,23000,49000,31000,75000,67000,15000,,,,,,,
312000,242000,508000,611000,366000,476000,813000,,,,,,,
2059000,1720000,1821000,1908000,2286000,1736000,1789000,,,,,,,
317000,226000,203000,308000,320000,203000,334000,,,,,,,
250000,126000,134000,182000,163000,89000,127000,,,,,,,
237000,160000,165000,207000,310000,174000,195000,,,,,,,
405000,22000,476000,506000,533000,475000,488000,,,,,,,
42000,43000,50000,43000,44000,27000,62000,,,,,,,
407000,350000,379000,354000,426000,238000,373000,,,,,,,
1382000,1259000,1311000,1077000,486000,359000,1299000,,,,,,,
1442000,905000,1243000,1155000,1663000,958000,1267000,,,,,,,
4198000,3345000,3278000,3739000,3245000,2916000,4177000,,,,,,,
2622000,1920000,2307000,2374000,3551000,1904000,2022000,,,,,,,
94000,72000,86000,108000,100000,154000,39000,,,,,,,
7000,30000,24000,11000,10000,80000,51000,,,,,,,
1073000,944000,1018000,1296000,1204000,589000,1058000,,,,,,,
217944000,213951000,209878000,215328000,223497000,150928000,218314000,,,,,,,
40000,32000,30000,42000,35000,23000,41000,,,,,,,
1000,11000,6000,3000,1000,19000,16000,,,,,,,
417000,243000,382000,396000,436000,297000,445000,,,,,,,
337000,381000,388000,428000,363000,273000,567000,,,,,,,
555000,283000,308000,347000,425000,157000,325000,,,,,,,
494000,91000,77000,109000,2000,116000,100000,,,,,,,
106000,85000,89000,103000,126000,83000,96000,,,,,,,
2488000,1952000,2348000,2962000,3503000,2534000,3228000,,,,,,,
795000,799000,935000,1048000,1515000,961000,1608000,,,,,,,
202594000,178841000,204761000,194920000,187019000,165374000,241718000,,,,,,,
224622000,195701000,217595000,212580000,261421000,155736000,258329000,,,,,,,
7255000,5621000,6388000,6808000,8569000,5820000,7476000,,,,,,,
955000,142000,770000,868000,888000,546000,823000,,,,,,,
265000,183000,199000,196000,285000,202000,284000,,,,,,,
0,0,45000,2000,17000,121000,3000,,,,,,,
183000,181000,203000,231000,259000,160000,417000,,,,,,,
1142000,1056000,1080000,1174000,2809000,683000,1256000,,,,,,,
285000,332000,449000,213000,277000,424000,405000,,,,,,,
163000,139000,149000,175000,172000,130000,159000,,,,,,,
847000,241000,261000,284000,136000,288000,205000,,,,,,,
22235000,19603000,21495000,24749000,21637000,18320000,13106000,,,,,,,
1519000,1547000,1672000,1944000,1393000,1401000,1150000,,,,,,,
37368000,29907000,37044000,44302000,37606000,33610000,26861000,,,,,,,
351000,175000,121000,151000,161000,115000,60000,,,,,,,
234000,237000,226000,262000,269000,287000,225000,,,,,,,
6000,6000,10000,10000,5000,0,1000,,,,,,,
9000,17000,68000,22000,34000,403000,6000,,,,,,,
74000,69000,75000,83000,131000,71000,40000,,,,,,,
266000,231000,213000,209000,290000,203000,245000,,,,,,,
300000,271000,268000,289000,400000,311000,411000,,,,,,,
16000,15000,16000,26000,32000,33000,18000,,,,,,,
1394000,1320000,1201000,1319000,695000,1189000,1892000,,,,,,,
6972000,5105000,5810000,6371000,6669000,5445000,7427000,,,,,,,
3782000,1965000,2193000,2327000,2078000,1535000,2994000,,,,,,,
67000,16000,72000,64000,209000,57000,140000,,,,,,,
216000,141000,164000,199000,228000,140000,168000,,,,,,,
601000,258000,290000,362000,41000,251000,260000,,,,,,,
688000,705000,736000,780000,455000,706000,800000,,,,,,,
617000,469000,416000,547000,550000,83000,301000,,,,,,,
338000,261000,595000,253000,524000,2572000,314000,,,,,,,
141086000,128493000,128165000,143696000,144075000,78588000,54768000,,,,,,,
149000,123000,151000,179000,172000,103000,70000,,,,,,,
32957000,28236000,28739000,30894000,26443000,15746000,15631000,,,,,,,
5407000,5250000,4700000,4897000,3317000,2254000,2252000,,,,,,,
43296000,40267000,41638000,49320000,48355000,33837000,16501000,,,,,,,
4163000,3690000,3974000,4469000,4037000,2621000,1445000,,,,,,,
101279000,94045000,90795000,104129000,77050000,51322000,49632000,,,,,,,
7750000,5463000,6363000,6486000,6869000,3189000,3306000,,,,,,,
2276000,761000,789000,1015000,1054000,727000,1336000,,,,,,,
658000,742000,795000,935000,532000,779000,1222000,,,,,,,
19609000,16536000,18155000,22149000,22830000,18590000,13780000,,,,,,,
37757000,35788000,39417000,47870000,45669000,39226000,23165000,,,,,,,
8349000,8245000,9452000,10722000,9749000,9271000,7198000,,,,,,,
11395000,8906000,10815000,12753000,11948000,9815000,11108000,,,,,,,
721000,398000,641000,908000,803000,469000,560000,,,,,,,
304000,306000,386000,428000,823000,563000,613000,,,,,,,
25000,0,34000,50000,45000,35000,16000,,,,,,,
3189000,3257000,3438000,3960000,3685000,2868000,1713000,,,,,,,
12900000,12767000,13827000,15368000,12934000,12552000,7938000,,,,,,,
7329000,7197000,7074000,8898000,7675000,5405000,3750000,,,,,,,
0,250810000,268106000,292250000,374614000,254736000,288067000,,,,,,,
2819000,2363000,2454000,2831000,2226000,2021000,675000,,,,,,,
379000,255000,278000,331000,344000,459000,299000,,,,,,,
912000,702000,735000,783000,947000,557000,878000,,,,,,,
127000,92000,107000,115000,124000,110000,138000,,,,,,,
80000,59000,93000,111000,96000,194000,158000,,,,,,,
2985000,150000,2484000,3561000,2675000,2242000,9743000,,,,,,,
231000,155000,199000,252000,402000,146000,312000,,,,,,,
60000,73000,48000,63000,93000,81000,110000,,,,,,,
184000,151000,131000,141000,232000,120000,216000,,,,,,,
197000,137000,124000,150000,27000,64000,223000,,,,,,,
354000,225000,219000,254000,317000,267000,255000,,,,,,,
86000,64000,70000,81000,90000,68000,125000,,,,,,,
132000,74000,105000,88000,143000,73000,108000,,,,,,,
338000,249000,278000,266000,200000,310000,540000,,,,,,,
274000,234000,229000,291000,443000,365000,283000,,,,,,,
161000,148000,143000,209000,238000,156000,147000,,,,,,,
712000,727000,687000,678000,322000,488000,986000,,,,,,,
2466000,2292000,2724000,2820000,2612000,2716000,2849000,,,,,,,
732000,732000,726000,685000,741000,528000,687000,,,,,,,
467000,306000,328000,409000,546000,390000,251000,,,,,,,
87185000,78734000,79772000,91459000,109458000,65896000,16792000,,,,,,,
1139000,954000,1103000,1298000,1459000,1262000,314000,,,,,,,
50103000,45041000,45344000,52456000,57044000,40887000,15990000,,,,,,,
1309000,1080000,1100000,1134000,1547000,775000,359000,,,,,,,
9740000,10596000,11546000,12485000,10751000,10401000,15430000,,,,,,,
351000,309000,369000,438000,536000,318000,294000,,,,,,,
122000,104000,135000,132000,246000,43000,157000,,,,,,,
514000,461000,465000,483000,340000,395000,1024000,,,,,,,
4237000,3458000,3545000,3800000,5208000,2855000,4345000,,,,,,,
700000,467000,659000,755000,892000,776000,793000,,,,,,,
87000,71000,60000,68000,72000,46000,120000,,,,,,,
91000,75000,102000,113000,155000,86000,106000,,,,,,,
50241000,45350000,44694000,52942000,50006000,35707000,47595000,,,,,,,
295481000,267050000,279365000,328956000,346879000,228401000,253013000,,,,,,,
261000,244000,267000,272000,142000,209000,439000,,,,,,,
867000,747000,867000,760000,1529000,522000,1181000,,,,,,,
2757000,2079000,2278000,2122000,3077000,1452000,3659000,,,,,,,
549000,517000,587000,588000,781000,421000,825000,,,,,,,
73000,137000,132000,90000,156000,208000,138000,,,,,,,
462000,369000,429000,408000,755000,327000,725000,,,,,,,
10000,34000,28000,17000,25000,18000,657000,,,,,,,
293000,211000,242000,166000,296000,104000,349000,,,,,,,
701000,687000,735000,707000,1072000,500000,923000,,,,,,,
256000,205000,226000,207000,379000,112000,255000,,,,,,,
3055000,2618000,2876000,2704000,4431000,1848000,3931000,,,,,,,
219000,179000,235000,259000,109000,196000,248000,,,,,,,
1346000,660000,703000,728000,1247000,576000,780000,,,,,,,
199000,118000,177000,194000,317000,157000,201000,,,,,,,
167000,157000,205000,203000,149000,171000,140000,,,,,,,
544000,402000,426000,428000,385000,393000,646000,,,,,,,
641000,701000,807000,679000,1069000,456000,1206000,,,,,,,
56000,28000,82000,62000,584000,65000,133000,,,,,,,
38000,38000,42000,50000,59000,40000,23000,,,,,,,
59000,52000,74000,102000,84000,90000,109000,,,,,,,
65000,72000,96000,88000,11000,63000,183000,,,,,,,
215000,47000,39000,37000,44000,44000,28000,,,,,,,
30000,55000,60000,49000,89000,27000,119000,,,,,,,
25000,27000,31000,30000,36000,38000,37000,,,,,,,
1393000,1622000,1763000,1895000,1946000,1100000,2409000,,,,,,,
3633000,3381000,3354000,2393000,1002000,392000,1182000,,,,,,,
106000,108000,139000,177000,88000,123000,112000,,,,,,,
27000,52000,53000,53000,69000,33000,77000,,,,,,,
508000,374000,458000,517000,521000,397000,453000,,,,,,,
2385000,1673000,2045000,2183000,1972000,1331000,3342000,,,,,,,
122000,155000,213000,143000,334000,152000,246000,,,,,,,
11000,15000,23000,14000,99000,12000,74000,,,,,,,
2322000,2415000,2580000,2829000,1884000,2214000,2300000,,,,,,,
36587000,32950000,32721000,35472000,35109000,12694000,9847000,,,,,,,
390000,412000,444000,426000,558000,436000,344000,,,,,,,
35825000,29882000,34170000,41268000,44048000,33089000,19140000,,,,,,,
113812000,92990000,95612000,116870000,127552000,98037000,57619000,,,,,,,
753000,956000,1018000,804000,1772000,726000,1419000,,,,,,,
9457000,7337000,8146000,9288000,9832000,7398000,8116000,,,,,,,
746000,694000,594000,493000,310000,450000,1731000,,,,,,,
4195000,3857000,4421000,4315000,1944000,3994000,4342000,,,,,,,
11903000,8720000,9201000,10769000,10965000,8005000,12761000,,,,,,,
11654000,6609000,8271000,9018000,12315000,7756000,10972000,,,,,,,
6854000,5243000,5292000,5667000,6511000,4565000,7292000,,,,,,,
18544000,15497000,15004000,16160000,19243000,13916000,21696000,,,,,,,
11633000,9387000,10008000,11642000,14182000,10568000,12602000,,,,,,,
3090000,2120000,2181000,2927000,2799000,2670000,2106000,,,,,,,
2457000,1861000,1823000,1887000,1715000,2182000,2351000,,,,,,,
11050000,9275000,9212000,10081000,13324000,8911000,10205000,,,,,,,
5296000,4342000,4497000,5148000,7214000,4909000,5061000,,,,,,,
3115000,2218000,1993000,2206000,2706000,1316000,3827000,,,,,,,
15450000,10557000,11239000,14244000,16405000,13297000,14773000,,,,,,,
10789000,10260000,9414000,11081000,8712000,8554000,8136000,,,,,,,
9491000,8135000,9417000,10110000,10206000,7951000,10869000,,,,,,,
3667000,3269000,3255000,3041000,4245000,2408000,4840000,,,,,,,
8185000,6805000,6937000,7621000,9249000,6873000,11888000,,,,,,,
5264000,3072000,3946000,4159000,5738000,3219000,5359000,,,,,,,
13777000,11101000,11845000,13273000,15222000,11353000,14203000,,,,,,,
6477000,5234000,5261000,6061000,7047000,4988000,6957000,,,,,,,
7122000,6228000,6568000,6822000,9302000,5643000,7260000,,,,,,,
3052000,1938000,1809000,2222000,2254000,2080000,2761000,,,,,,,
2751000,1773000,2134000,2930000,3235000,3225000,3120000,,,,,,,
15945000,13946000,13696000,15529000,17810000,12351000,19095000,,,,,,,
5431000,5065000,5003000,4437000,7054000,5341000,7450000,,,,,,,
11527000,10062000,9899000,10376000,8819000,9805000,14201000,,,,,,,
4966000,3339000,3228000,3788000,4770000,3467000,3581000,,,,,,,
549000,636000,629000,708000,760000,796000,691000,,,,,,,
10793000,5989000,9408000,11170000,14329000,10786000,12421000,,,,,,,
3152000,2316000,2455000,2899000,3716000,2470000,2551000,,,,,,,
558000,511000,446000,551000,917000,418000,1082000,,,,,,,
325000,288000,275000,253000,423000,229000,395000,,,,,,,
531000,576000,527000,591000,746000,465000,878000,,,,,,,
473000,482000,557000,608000,706000,625000,489000,,,,,,,
13368000,8613000,9838000,12320000,13135000,11024000,13963000,,,,,,,
8501000,5788000,5969000,6457000,9640000,5068000,9695000,,,,,,,
19430000,16141000,15862000,19780000,19863000,19135000,20816000,,,,,,,
18950000,14844000,15104000,18035000,20777000,15453000,18707000,,,,,,,
20942000,16796000,16743000,18411000,20040000,14615000,20383000,,,,,,,
8876000,5989000,6292000,7118000,8690000,5655000,7958000,,,,,,,
716000,678000,591000,669000,154000,494000,1170000,,,,,,,
45293000,34790000,37201000,40806000,37998000,38445000,53018000,,,,,,,
9573000,8437000,8057000,8993000,10211000,11079000,9007000,,,,,,,
34321000,36543000,32795000,39342000,30574000,41714000,41906000,,,,,,,
37453000,30465000,33971000,37640000,40581000,27045000,41023000,,,,,,,
13253000,10964000,14023000,15874000,12730000,10807000,19579000,,,,,,,
11390000,10064000,10262000,11841000,12567000,9877000,15021000,,,,,,,
17956000,13110000,12840000,14924000,18498000,11565000,15804000,,,,,,,
17139000,14665000,13939000,13856000,23283000,12008000,21964000,,,,,,,
20064000,18513000,18125000,19306000,22266000,15881000,22633000,,,,,,,
14409000,11477000,12125000,14156000,17094000,11875000,15732000,,,,,,,
13740000,11726000,11970000,13457000,9979000,11722000,17834000,,,,,,,
6630000,6116000,6436000,6637000,7843000,6081000,5801000,,,,,,,
34885000,28434000,29830000,31284000,37247000,22456000,37208000,,,,,,,
25581000,21505000,23656000,26663000,30306000,25522000,25121000,,,,,,,
58421000,41324000,44878000,51278000,57281000,37120000,49397000,,,,,,,
27760000,22802000,25541000,27381000,29165000,24310000,28208000,,,,,,,
35245000,27231000,27235000,28738000,37908000,21048000,41242000,,,,,,,
4419000,3417000,3719000,3991000,4044000,2684000,5586000,,,,,,,
705000,476000,440000,578000,543000,576000,871000,,,,,,,
5651000,6542000,6112000,5669000,4692000,5635000,8457000,,,,,,,
6496000,5812000,5336000,5701000,5719000,4155000,9441000,,,,,,,
7035000,5602000,5748000,6263000,4838000,5464000,7335000,,,,,,,
9517000,9610000,9928000,10707000,12933000,10106000,8677000,,,,,,,
1749000,1562000,1699000,1676000,2319000,1752000,1840000,,,,,,,
51266000,45488000,46067000,49571000,54562000,40743000,62404000,,,,,,,
73252000,51483000,53846000,58175000,83150000,47163000,65412000,,,,,,,
32407000,24024000,24156000,25055000,29794000,18067000,34463000,,,,,,,
38039000,31971000,33093000,31280000,50643000,27634000,53657000,,,,,,,
19019000,16056000,17251000,19021000,20582000,17638000,21595000,,,,,,,
165512000,142334000,151226000,177048000,182408000,122388000,86513000,,,,,,,
83998000,70367000,74148000,85685000,77543000,57419000,46876000,,,,,,,
14455000,13421000,14540000,16912000,14057000,12253000,5631000,,,,,,,
4266000,4319000,4418000,5491000,4134000,4713000,2885000,,,,,,,
7182000,5939000,6438000,7599000,7135000,4932000,1572000,,,,,,,
435000,449000,461000,692000,481000,656000,247000,,,,,,,
10996000,8206000,8100000,8566000,7947000,7181000,12262000,,,,,,,
24196000,18820000,19166000,20808000,26507000,17650000,27318000,,,,,,,
36312000,32907000,33158000,37833000,37802000,32317000,45502000,,,,,,,
25630000,7171000,7953000,8872000,5590000,7834000,9155000,,,,,,,
328000,237000,263000,314000,365000,323000,299000,,,,,,,
1514000,1405000,1516000,1716000,1817000,1796000,1931000,,,,,,,
205000,166000,237000,244000,11000,206000,124000,,,,,,,
192000,159000,180000,236000,266000,169000,277000,,,,,,,
674000,587000,619000,599000,546000,557000,985000,,,,,,,
284000,193000,230000,232000,338000,181000,261000,,,,,,,
727000,540000,568000,651000,850000,562000,620000,,,,,,,
1736000,1395000,1806000,1462000,2823000,1609000,1296000,,,,,,,
3701000,4178000,4225000,3972000,6329000,5074000,3000000,,,,,,,
2681000,29000,32000,21000,57000,10000,14000,,,,,,,
4909000,4203000,4122000,3786000,5682000,2787000,5578000,,,,,,,
355000,605000,371000,345000,609000,246000,513000,,,,,,,
1103000,1319000,1714000,1849000,2072000,2080000,2166000,,,,,,,
484000,552000,563000,631000,674000,397000,561000,,,,,,,
491000,151000,126000,187000,231000,90000,189000,,,,,,,
344000,381000,338000,366000,384000,199000,684000,,,,,,,
2549000,2123000,2226000,2445000,2749000,2184000,2271000,,,,,,,
21000,26000,33000,32000,32000,43000,56000,,,,,,,
66000,75000,96000,82000,87000,69000,140000,,,,,,,
1013000,956000,898000,1085000,684000,887000,1135000,,,,,,,
656000,591000,624000,617000,138000,519000,571000,,,,,,,
111000,113000,142000,121000,156000,110000,173000,,,,,,,
2040000,2059000,2428000,2197000,3625000,2007000,3669000,,,,,,,
2000,73000,44000,10000,4000,81000,128000,,,,,,,
855000,731000,747000,994000,952000,596000,1318000,,,,,,,
3127000,2158000,2252000,2391000,2385000,1360000,2745000,,,,,,,
73000,87000,99000,86000,122000,99000,140000,,,,,,,
290000,291000,359000,350000,34000,320000,369000,,,,,,,
3890000,3194000,3905000,4133000,5318000,3561000,4140000,,,,,,,
21949000,18164000,18255000,17572000,27280000,12080000,29958000,,,,,,,
691000,530000,559000,613000,978000,597000,703000,,,,,,,
4000,8000,6000,10000,413000,3000,0,,,,,,,
49000,60000,78000,132000,221000,139000,183000,,,,,,,
381000,402000,434000,473000,383000,333000,223000,,,,,,,
348000,313000,281000,297000,334000,142000,336000,,,,,,,
253000,243000,252000,331000,367000,331000,231000,,,,,,,
1032000,13000,76000,52000,101000,23000,11000,,,,,,,
199000,24000,27000,26000,38000,20000,39000,,,,,,,
203000,14000,18000,20000,19000,18000,2000,,,,,,,
232000,145000,215000,323000,403000,344000,343000,,,,,,,
5311000,3749000,4097000,4743000,5478000,3579000,5372000,,,,,,,
926000,1050000,1334000,1371000,1389000,1633000,1322000,,,,,,,
3392000,3051000,2997000,3498000,3279000,3264000,3932000,,,,,,,
7531000,414000,403000,375000,609000,348000,610000,,,,,,,
140000,174000,89000,106000,147000,122000,116000,,,,,,,
468000,425000,427000,523000,548000,433000,493000,,,,,,,
1774000,1839000,2102000,2223000,2489000,2156000,2413000,,,,,,,
195000,162000,227000,274000,299000,193000,148000,,,,,,,
322000,360000,403000,417000,463000,558000,382000,,,,,,,
161000,128000,203000,200000,202000,282000,140000,,,,,,,
1054000,944000,1109000,1026000,1900000,721000,1730000,,,,,,,
114000,92000,71000,69000,32000,35000,190000,,,,,,,
2514000,2703000,2479000,2830000,2677000,1763000,1682000,,,,,,,
922000,924000,1086000,1075000,1125000,640000,1374000,,,,,,,
2850000,2257000,2335000,2895000,2321000,2015000,770000,,,,,,,
712000,679000,766000,960000,1259000,977000,607000,,,,,,,
1983000,2083000,2347000,2929000,3665000,2861000,1636000,,,,,,,
879000,681000,771000,859000,900000,591000,769000,,,,,,,
1202000,1362000,1448000,1441000,1853000,1355000,1633000,,,,,,,
1295000,1198000,1348000,1401000,1638000,929000,1647000,,,,,,,
342000,205000,350000,295000,271000,248000,603000,,,,,,,
2446000,2483000,2686000,2571000,4098000,1731000,2706000,,,,,,,
7000,10000,13000,15000,14000,10000,74000,,,,,,,
343000,378000,386000,408000,561000,376000,684000,,,,,,,
58471000,49355000,51204000,52439000,67957000,37590000,71701000,,,,,,,
356000,400000,428000,359000,523000,228000,525000,,,,,,,
240000,199000,210000,178000,372000,172000,299000,,,,,,,
5527000,5122000,5353000,4825000,6161000,3268000,8804000,,,,,,,
2331000,2072000,1775000,2002000,2456000,1461000,2895000,,,,,,,
230000,250000,241000,233000,8000,172000,376000,,,,,,,
1753000,1838000,1672000,1797000,3190000,1041000,2748000,,,,,,,
662000,670000,579000,618000,706000,549000,565000,,,,,,,
340000,172000,181000,290000,309000,159000,158000,,,,,,,
134000,134000,153000,160000,212000,121000,241000,,,,,,,
414000,415000,504000,601000,657000,503000,494000,,,,,,,
793000,376000,807000,779000,1655000,727000,879000,,,,,,,
664000,403000,669000,697000,947000,694000,671000,,,,,,,
462000,365000,382000,427000,620000,434000,394000,,,,,,,
6830000,6090000,6667000,7493000,9470000,6278000,8304000,,,,,,,
576000,689000,748000,786000,968000,617000,761000,,,,,,,
56359000,52440000,58099000,69173000,56089000,29514000,32876000,,,,,,,
291000,260000,277000,302000,240000,230000,336000,,,,,,,
228000,176000,194000,209000,270000,133000,320000,,,,,,,
7000,5000,4000,3000,258000,9000,9000,,,,,,,
254000,213000,213000,177000,247000,157000,369000,,,,,,,
31000,48000,42000,50000,57000,31000,116000,,,,,,,
667000,443000,407000,498000,795000,569000,1050000,,,,,,,
706000,677000,691000,775000,1025000,603000,752000,,,,,,,
952000,858000,916000,952000,982000,791000,1056000,,,,,,,
174000,200000,200000,202000,286000,202000,262000,,,,,,,
87000,85000,59000,77000,0,57000,89000,,,,,,,
290000,294000,362000,365000,398000,291000,521000,,,,,,,
4740000,3894000,4649000,5030000,4000000,3132000,5620000,,,,,,,
18000,18000,21000,19000,34000,17000,27000,,,,,,,
204000,600000,194000,154000,253000,115000,102000,,,,,,,
0,18000,12000,4000,0,22000,20000,,,,,,,
1500000,1332000,1575000,1785000,1987000,1898000,2202000,,,,,,,
604000,509000,675000,791000,761000,891000,813000,,,,,,,
965000,750000,1034000,998000,1209000,852000,1676000,,,,,,,
804000,583000,683000,752000,794000,596000,990000,,,,,,,
7000,7000,13000,14000,17000,13000,9000,,,,,,,
112114000,94589000,92312000,101685000,102411000,69415000,21829000,,,,,,,
6537000,5220000,5484000,5434000,2468000,3841000,6703000,,,,,,,
67000,76000,82000,94000,119000,91000,102000,,,,,,,
1044000,681000,603000,757000,795000,776000,1185000,,,,,,,
180000,132000,132000,141000,135000,83000,241000,,,,,,,
2012000,1689000,2050000,1762000,2594000,1595000,2556000,,,,,,,
28000,25000,29000,36000,52000,31000,32000,,,,,,,
6301000,5502000,5810000,6515000,8991000,5662000,6631000,,,,,,,
8012000,7663000,7851000,9069000,10021000,7154000,7702000,,,,,,,
1734000,1611000,1509000,1675000,1663000,1363000,2622000,,,,,,,
1658000,1783000,1883000,1812000,2297000,1300000,2250000,,,,,,,
2071000,2208000,2152000,2268000,1480000,1537000,2705000,,,,,,,
243000,301000,275000,369000,194000,341000,371000,,,,,,,
170000,165000,152000,214000,321000,354000,284000,,,,,,,
450000,614000,588000,703000,855000,838000,732000,,,,,,,
1241000,1513000,1644000,1942000,1875000,1158000,879000,,,,,,,
17723000,18097000,19348000,22932000,14877000,5177000,12607000,,,,,,,
857000,816000,818000,784000,709000,407000,320000,,,,,,,
116000,112000,99000,112000,92000,67000,71000,,,,,,,
9027000,8372000,9640000,10193000,9157000,6919000,5397000,,,,,,,
325000,415000,377000,369000,223000,294000,289000,,,,,,,
17543000,15042000,15647000,18228000,17028000,12198000,10367000,,,,,,,
94000,80000,89000,112000,105000,214000,81000,,,,,,,
17524000,16510000,17104000,18360000,18963000,14667000,18952000,,,,,,,
11483000,10355000,10188000,11496000,12159000,7791000,14261000,,,,,,,
1241000,1074000,1122000,1310000,1312000,819000,1762000,,,,,,,
2379000,2482000,2941000,3134000,3286000,3788000,2126000,,,,,,,
493000,394000,492000,469000,512000,468000,1009000,,,,,,,
31475000,28447000,30157000,33065000,26503000,22670000,38155000,,,,,,,
5055000,4023000,5005000,5783000,5051000,3813000,4090000,,,,,,,
9213000,8143000,9045000,9778000,9220000,7215000,9479000,,,,,,,
13056000,14159000,12606000,13536000,16412000,7609000,7149000,,,,,,,
716000,705000,775000,936000,1198000,759000,290000,,,,,,,
368000,290000,489000,525000,487000,462000,186000,,,,,,,
195000,178000,208000,221000,189000,147000,189000,,,,,,,
3060000,3397000,3434000,3772000,3533000,2649000,1823000,,,,,,,
1001000,601000,677000,660000,672000,383000,614000,,,,,,,
2000,4000,8000,5000,15000,6000,1000,,,,,,,
713000,761000,686000,745000,430000,513000,737000,,,,,,,
30000,38000,39000,34000,49000,6000,34000,,,,,,,
91934000,73263000,80036000,92810000,89940000,44444000,44639000,,,,,,,
897000,817000,899000,776000,62000,836000,893000,,,,,,,
1875000,1704000,1663000,1944000,1965000,1227000,596000,,,,,,,
11777000,11621000,11056000,12394000,13106000,7828000,13561000,,,,,,,
25000,24000,23000,31000,33000,25000,8000,,,,,,,
884000,820000,902000,1154000,1163000,943000,899000,,,,,,,
4665000,4530000,4223000,4420000,6086000,3581000,5223000,,,,,,,
892000,926000,851000,847000,756000,508000,1005000,,,,,,,
318000,295000,285000,387000,323000,74000,66000,,,,,,,
2005000,576000,580000,635000,529000,383000,487000,,,,,,,
230000,262000,278000,364000,365000,271000,290000,,,,,,,
623000,1131000,747000,1155000,121000,240000,2558000,,,,,,,
3123000,3664000,4103000,4793000,5064000,3731000,3479000,,,,,,,
1758000,1856000,1829000,1904000,1890000,1396000,1913000,,,,,,,
1087000,1260000,1066000,1157000,1228000,710000,1279000,,,,,,,
153000,171000,178000,185000,176000,140000,224000,,,,,,,
404000,318000,387000,400000,512000,352000,451000,,,,,,,
150000,143000,107000,134000,88000,85000,99000,,,,,,,
424000,372000,402000,404000,94000,261000,417000,,,,,,,
517000,621000,563000,608000,781000,467000,785000,,,,,,,
2525000,2532000,2866000,2891000,3474000,2326000,3048000,,,,,,,
779000,850000,851000,985000,1228000,927000,980000,,,,,,,
363000,212000,241000,264000,355000,209000,228000,,,,,,,
2638000,1442000,2177000,2233000,2651000,1630000,3880000,,,,,,,
6244000,4988000,5454000,5673000,6574000,3890000,6489000,,,,,,,
338000,352000,322000,304000,107000,262000,461000,,,,,,,
2661000,1929000,2156000,2167000,2704000,1671000,2885000,,,,,,,
1114000,1039000,1229000,1280000,1303000,1089000,1382000,,,,,,,
2000,7000,4000,2000,2000,14000,95000,,,,,,,
153000,104000,134000,158000,238000,119000,198000,,,,,,,
0,2000,2000,2000,0,21000,98000,,,,,,,
218000,159000,161000,153000,214000,108000,369000,,,,,,,
70000,18000,53000,67000,120000,1000,25000,,,,,,,
18000,24000,30000,34000,557000,44000,38000,,,,,,,
1257000,982000,805000,682000,753000,905000,2807000,,,,,,,
677000,590000,705000,784000,944000,672000,587000,,,,,,,
110000,141000,147000,176000,145000,90000,274000,,,,,,,
1312000,1404000,1452000,1848000,2126000,1450000,1892000,,,,,,,
74000,109000,57000,43000,47000,27000,115000,,,,,,,
273000,278000,332000,306000,423000,177000,537000,,,,,,,
35000,28000,27000,43000,45000,22000,29000,,,,,,,
7143000,7316000,7883000,7886000,8353000,5245000,9989000,,,,,,,
137000,125000,171000,160000,149000,102000,178000,,,,,,,
507000,479000,588000,619000,723000,507000,554000,,,,,,,
3490000,3420000,3535000,3623000,3782000,2599000,4181000,,,,,,,
546000,560000,538000,657000,602000,515000,543000,,,,,,,
1052000,1071000,1278000,1667000,81000,1306000,2162000,,,,,,,
675000,615000,590000,609000,787000,450000,659000,,,,,,,
1959000,1832000,2188000,2720000,3426000,2001000,3054000,,,,,,,
570000,368000,345000,324000,778000,268000,824000,,,,,,,
306000,686000,354000,248000,196000,242000,613000,,,,,,,
2207000,1835000,2056000,2351000,1876000,559000,1575000,,,,,,,
2289000,2077000,2074000,2383000,2054000,1045000,325000,,,,,,,
2611000,2486000,2523000,2971000,1814000,2495000,1278000,,,,,,,
6920000,6790000,6037000,6961000,10059000,4077000,5895000,,,,,,,
269000,44000,33000,30000,5000,33000,123000,,,,,,,
1474000,1416000,1490000,1542000,2128000,1022000,2580000,,,,,,,
23000,41000,52000,46000,61000,57000,142000,,,,,,,
236000,151000,168000,92000,180000,102000,251000,,,,,,,
6169000,6199000,5743000,6520000,6959000,5806000,7073000,,,,,,,
364000,385000,444000,447000,596000,430000,728000,,,,,,,
9027000,9645000,10099000,12310000,9082000,9613000,9187000,,,,,,,
3912000,4459000,4183000,4587000,7194000,3921000,4192000,,,,,,,
44000,31000,49000,49000,66000,44000,28000,,,,,,,
1378000,1381000,1443000,1640000,1423000,1424000,1550000,,,,,,,
84000,107000,86000,80000,91000,112000,105000,,,,,,,
3309000,3398000,3277000,3175000,1940000,2204000,5108000,,,,,,,
27000,36000,30000,42000,40000,44000,42000,,,,,,,
678000,514000,562000,722000,721000,457000,285000,,,,,,,
2651000,1568000,1692000,1421000,2788000,1019000,2701000,,,,,,,
2140000,3535000,2557000,2548000,3415000,1967000,1987000,,,,,,,
7116000,3971000,4041000,4480000,4994000,3946000,6901000,,,,,,,
1606000,1198000,1298000,1210000,1460000,1243000,1122000,,,,,,,
545000,506000,583000,641000,898000,828000,261000,,,,,,,
8264000,7195000,7777000,8948000,11531000,8357000,8191000,,,,,,,
5073000,4863000,5183000,5094000,4138000,3828000,6096000,,,,,,,
1918000,1882000,1996000,1749000,2492000,1551000,1721000,,,,,,,
691000,682000,598000,637000,570000,472000,1102000,,,,,,,
3400000,3364000,3539000,3872000,4428000,3413000,1823000,,,,,,,
77000,88000,102000,141000,110000,117000,118000,,,,,,,
21916000,15877000,16547000,17332000,21037000,12320000,16124000,,,,,,,
26000,53000,63000,87000,85000,94000,95000,,,,,,,
204000,295000,346000,402000,344000,380000,307000,,,,,,,
230000,316000,336000,382000,164000,294000,329000,,,,,,,
10762000,9447000,9985000,11136000,12912000,7078000,3271000,,,,,,,
186000,190000,192000,214000,454000,207000,315000,,,,,,,
249000,256000,266000,244000,454000,269000,644000,,,,,,,
166000,182000,201000,154000,231000,182000,246000,,,,,,,
769000,611000,535000,554000,859000,436000,887000,,,,,,,
58000,68000,69000,74000,127000,71000,73000,,,,,,,
708000,665000,646000,698000,989000,427000,926000,,,,,,,
49000,45000,56000,62000,84000,55000,59000,,,,,,,
20057000,17020000,19004000,20918000,25181000,17118000,29199000,,,,,,,
109660000,113398000,117945000,117997000,148665000,78152000,121782000,,,,,,,
139070000,125286000,135646000,131727000,171000000,89627000,147249000,,,,,,,
8070000,6467000,7773000,7287000,10160000,4791000,13555000,,,,,,,
298000,271000,454000,500000,563000,552000,414000,,,,,,,
120000,119000,151000,105000,131000,60000,167000,,,,,,,
333000,323000,394000,398000,355000,289000,480000,,,,,,,
383000,405000,412000,566000,535000,368000,486000,,,,,,,
2019000,1696000,1907000,2206000,1184000,1797000,1021000,,,,,,,
6713000,7455000,7727000,8474000,7337000,7274000,3394000,,,,,,,
47000,44000,44000,51000,71000,55000,49000,,,,,,,
19444000,19478000,19444000,20165000,16341000,16065000,26538000,,,,,,,
17087000,14611000,16150000,18139000,20067000,13267000,19879000,,,,,,,
1068000,972000,1054000,1186000,915000,909000,1050000,,,,,,,
2553000,2413000,2656000,2732000,3115000,1863000,3474000,,,,,,,
1060000,1009000,1023000,1062000,532000,692000,1290000,,,,,,,
4079000,3575000,3916000,4372000,3209000,3998000,4927000,,,,,,,
3281000,2741000,3163000,3223000,4075000,2661000,3874000,,,,,,,
32583000,31662000,37588000,44690000,54561000,39715000,43246000,,,,,,,
88000,91000,89000,107000,136000,110000,125000,,,,,,,
12567000,10859000,12343000,13288000,14095000,8992000,2689000,,,,,,,
115000,130000,110000,92000,88000,117000,326000,,,,,,,
210000,182000,161000,93000,57000,207000,285000,,,,,,,
1375000,1393000,1551000,1702000,1959000,1242000,1135000,,,,,,,
525000,493000,603000,553000,504000,504000,725000,,,,,,,
1136000,770000,722000,840000,909000,630000,856000,,,,,,,
6750000,4601000,4653000,5623000,6812000,4299000,5267000,,,,,,,
3752000,1952000,1937000,2145000,2390000,1580000,1834000,,,,,,,
1338000,1154000,1280000,1473000,1280000,958000,802000,,,,,,,
10417000,5488000,5010000,5784000,7032000,4476000,5812000,,,,,,,
18451000,16380000,18509000,21150000,17180000,6393000,13220000,,,,,,,
199000,212000,208000,238000,312000,268000,226000,,,,,,,
13000,12000,16000,15000,26000,14000,15000,,,,,,,
3000,13000,15000,9000,9000,20000,42000,,,,,,,
