151002_ig_TpFL20_1_1,151002_ig_TpFL20_1_2,151002_ig_TpFL21_1_1,151002_ig_TpFL21_1_2,151002_ig_TpFL22_1_1,151002_ig_TpFL22_1_2,151002_ig_TpFL23_1_1,151002_ig_TpFL23_1_2,151002_ig_TpCL21_1_1,151002_ig_TpCL21_1_2,151002_ig_TpCL22_1_1,151002_ig_TpCL22_1_2,151002_ig_TpCL23_1_1,151002_ig_TpCL23_1_2
2587742.528,2170957.376,1109550.291,1004932.554,3106629.672,2642715.947,880938.2531,711549.244,6968796.645,5952958.633,7321586.828,6686598.765,5586131.41,4690826.689
4528016.222,3173352.815,1261036.86,917884.1324,8677431.704,6788887.145,475318.3049,164501.5788,11663147.5,9178034.785,13952970.99,12192697.42,8226429.234,5000299.765
9785579.786,7898316.603,3169110.044,2296020.206,11621491.04,9357204.471,1579035.66,1055123.657,23572132,18920470.47,21428195.34,18055983.67,16775095.13,13008000.56
3228866.831,3012562.184,2713926.923,2651121.436,2033678.389,2052963.297,1560862.444,1455508.418,957812.5989,949970.9691,317256.9376,265325.278,946969.3272,901186.365
942952.1556,711424.9442,285198.4386,172080.975,1343277.199,1062567.911,30302.10741,15859.14307,2053352.042,1589615.036,1841653.471,1388712.509,2024421.88,1388859.551
890236.4839,910961.8536,542909.2833,556096.0343,879888.8576,907334.9888,651905.3097,610654.767,270751.7668,258965.8866,210703.6633,231650.6723,187519.477,166733.7521
3656218.191,3575459.668,3022301.775,2725344.012,2366018.938,2342035.844,2115369.919,2133677.008,710545.1673,607258.3691,927881.0496,1029351.545,942243.9304,794884.8493
392946.3036,372333.0864,1014484.001,979050.1583,365692.1876,377671.2295,578687.6681,575282.0707,339629.8197,325308.5582,143694.6487,133689.3672,141465.9744,145156.7391
492389.3383,516376.9704,401198.0569,424647.4757,571048.9225,632689.1156,432764.2477,425631.791,1433418.348,1414993.841,1383772.431,1540868.261,1488907.29,1378325.296
3661181.607,3428072.576,2136998.79,1849705.598,3029379.507,2686434.853,1227169.903,1035689.672,893804.1306,835489.144,1044532.435,911265.7733,783494.608,671152.5388
1724336.088,1824854.548,1983379.024,2152457.296,1296899.387,1349324.28,1887321.955,1882749.152,819593.5389,833212.7382,413358.1263,395378.1946,1078194.143,960068.5893
2160417.59,2018111.567,1228662.348,1074018.956,2990204.944,2927816.749,1365494.548,1197894.946,4824339.655,4721328.272,4783817.87,4515109.975,4754682.532,4518054.265
973023.7027,1003512.749,511865.6124,574618.9684,1279462.552,1185730.825,445661.0469,400737.3267,1822836.502,1931424.064,1965802.595,2067437.676,1907186.094,1937350.272
1531247.35,1515604.76,849946.3222,797613.7586,1976939.525,1911013.456,760720.6763,623327.015,3127893.435,2787660.254,2987960.114,3027458.069,3188404.868,2938339.008
4287615.14,3634844.059,1767170.861,1496811.206,5108864.709,4490287.753,1372659.666,1159732.221,7354893.481,6293221.298,7586322.454,6505455.914,6721653.029,5197091.721
66560330.43,64448481.64,50126093.17,47036248.92,79285355.08,75782824.63,48449093.73,44586632.79,36428008.66,35131749.14,11035310.65,11437149.73,37269647.05,34081979.83
778304.4361,662757.3239,343659.1293,261377.3713,913594.7678,789477.9,213870.818,152327.838,1229713.905,1134749.899,1133488.414,987628.9813,1154152.443,926938.6777
2734067.683,2404385.246,1161764.295,1029052.403,2908531.457,2560974.836,820317.7781,650544.7464,4120629.41,3657220.036,3976483.009,3732573.694,3832746.232,3362810.016
1076938.516,1069033.199,566959.1488,518976.099,1099521.15,1195482.011,711354.0351,723379.921,2454408.485,2255430.062,1991690.641,1999032.487,1626381.024,1533719.436
24457840.72,21462086.8,12435197.87,10744265.42,26934661.49,24398743.98,8365965.48,6812392.687,37943833.34,32604559.97,39512562.27,35322100.93,38522939.14,31679224.95
6445019.028,4983526.57,2684252.281,2066697.087,7638249.724,5177393.344,1272739.547,849945.2274,10436015.22,7166880.729,9546891.453,7000622.742,7922578.969,5542312.261
56004627.63,54488465.59,49100360.4,47711342.25,54752044.51,53321583.69,38291387.17,36101345.01,34788650.54,33346128.77,6724268.802,7177966.946,33620665.32,31133476.57
15721076.81,14766809.17,11364963.35,10406029.76,15115185.16,14532175.89,9904768.734,9163087.193,6014316.139,5575734.424,5833802.756,5727477.503,6767835.112,6233213.894
24443957.92,22451858.39,12709371.02,12424332.79,31251201.29,27756393.73,13978376.68,12039778.43,40738563.77,36625360.08,42800115.85,42258166.97,41946987.57,39263683.56
402557.1075,323553.2756,241877.3173,216971.4682,546379.3938,469631.9853,309687.8031,203367.5498,715861.9737,570880.243,920165.8913,821410.6204,729989.4363,480005.5639
17194796.35,14381104.33,6358181.152,5049717.435,20799271.02,17493855.39,4603485.871,3406225.645,23162463.42,19198664.17,25456758.24,22219431.11,21207405.29,17557561.43
866476.8479,874599.893,748581.2962,707438.7097,667456.4774,663994.7122,588781.3522,552331.5533,295255.0534,285784.9697,363880.5367,388128.8114,410499.7958,371575.1468
12185660.45,11614941.53,8234716.189,7910210.974,13506633.13,13250580.36,6311826.682,6222133.203,20484152.64,20137190.6,20442017.01,21192332.05,21555646.36,18933937.07
408833.8915,385286.5225,163803.0232,177653.5479,451490.4044,379392.369,145147.9589,154649.3646,656762.7865,611973.5128,557875.7177,548762.1131,532642.6996,476996.5043
7406255.697,6254632.397,3592411.607,3232127.876,6743354.887,5750820.942,2914236.669,2233918.495,10034242.48,8940552.712,10186481.17,9575481.512,9884195.501,8429114.614
9098992.137,8569956.007,5370599.272,4907331.711,10523539.03,9442992.963,4339995.002,3892172.684,14448056.83,13945716.2,14785013.28,14715492.09,13155108.49,11989512.29
5917220.042,5818999.772,6141436.91,6239983.991,4542905.431,4825118.583,5254593.286,5046707.194,3461796.169,3415895.091,1325218.131,1499444.665,4534426.812,4053017.149
27490617.99,26409732.72,19123860.02,19093306.46,30119985.25,29619452.3,16198213.45,15215950.93,45397496.29,43770706.81,48634406.91,51220668.84,44191605.53,41495186
12817624.52,12584066.07,8366524.337,8565408.597,15079904.52,14557932.04,7170021.087,6878180.923,20881810.29,20368878.73,21596120.92,22524788.9,20955699.99,20897401.75
4425214.337,4338678.732,4012449.75,4124548.464,5148405.357,5372448.679,5503683.726,5372750.652,7666696.39,7495958.616,9615121.07,10686353.34,13330612.82,11774449.23
10199849.35,10154225.7,6718493.88,7120315.96,11737972.54,11637273.17,8865712.319,8737738.831,20868432.4,20742309.85,16759624.52,17964272.98,19317653.32,19341164.57
6885304.068,6435505.397,4831810.945,4661478.539,7623271.247,7215337.732,5312079.594,4926288.148,15404590.52,14734688.79,8224392.384,8814333.839,13421606.33,12913593.92
3107994.268,2947526.433,1975464.318,1905181.541,4004642.375,3807837.949,1997970.076,1804373.919,5107128.43,5010762.794,5127544.323,5469857.995,5107746.464,4978006.237
450171.719,406898.2685,484673.4778,423333.5925,855959.7578,807445.994,626481.4275,536741.826,374089.285,363854.4427,100637.1043,121989.5433,524079.4485,474648.875
28564622.62,27476972.03,21826595.21,21268119.86,31453260.42,31094067.1,24722358.06,23802088.4,51179650,48707345.41,52517721.93,56122807.64,54654520.48,48226147.49
55134474.92,52497851.32,35537762.66,32718168.39,66311715.97,62274229.73,31134911.75,28321604,86283833.47,82363501.06,87780398.96,89514365.61,85599139.65,81025762.57
6746191.408,6378189.751,5467381.265,4798630.924,8802999.277,8279675.487,4514528.742,4219684.455,3689308.394,3392341.267,2494336.649,2496564.771,4202820.172,3743178.282
8439327.156,8011899.775,6578619.135,6139770.464,11380587.95,10748563.17,9068175.79,8150356.074,5507538.498,5109790.804,1824075.709,1897664.17,8071520.789,7297750.171
13042566.34,12928435.81,9452920.269,9691689.382,14065694.77,14056930.35,9541101.282,9468698.607,20457446.73,20536302.61,23893266.17,25251928.18,21315908.39,20259767.74
5409179.071,5298655.887,4486077.241,4470809.234,6184217.222,6238131.094,4659683.761,4489892.698,9731065.112,9289190.276,10149437.73,11305809.86,10190962.35,9156010.921
3059155.663,3007969.741,1865910.118,1750527.758,3454791.537,3548535.213,1423129.79,1349093.77,4018843.481,3646392.629,4678460.817,5029785.798,4441506.049,4562072.514
18168673.25,15413697.69,8067573.942,6644466.553,18949929.36,16372171.22,6122564.168,4798378.709,22321441.88,19470197.29,22315701.29,21159921.65,21176625.07,18614051.68
1099920.282,1110568.581,816145.4041,739885.8211,1284634.359,1226263.452,1010280.529,932848.2806,1835800.664,1838371.414,1944514.724,2118033.016,2111702.727,2026722.003
24859374.96,23975511.43,14577843.71,14941860.44,28614128.55,26404193.53,13259687.2,12422751.42,36359436.49,33388607.8,37351940.48,37518943.8,37870195.15,34689343.01
32103858.23,31020359.81,24282360.11,24849766.63,38336209.56,37899496.27,23650220.71,23072379.37,54923661.58,54936755.94,56463146.71,60933927.3,54358905.22,49536579.18
622673.1721,616899.4538,584533.2037,553748.1586,677660.2582,678863.9833,555734.4166,546990.7047,336170.3351,362305.0497,211731.7355,270672.2936,491055.7637,452815.2012
563853.5841,552977.0276,370517.9935,371705.6127,671317.8284,701639.1625,411485.6007,388125.4507,840389.009,856484.294,1017971.738,965775.8826,979079.7722,907943.6654
695379.8065,668143.3179,411084.2139,479497.2726,738178.264,701555.2501,674725.9767,679581.1993,386381.4668,316432.4761,270357.8841,292104.1142,496573.6983,473195.5455
36522937.81,34053752.09,20336450.46,18454297.87,45049327.89,40216938.57,16026204.98,12693970.88,49691303.04,45806531.6,53860958.26,50333282.13,48113492.82,43084577.9
1687212.516,1663213.086,1771112.302,1681081.204,1534030.767,1533372.624,1422826.882,1441358.192,1124322.254,1091576.244,581271.433,612939.3328,1207715.276,1172791.513
516482.9111,471677.589,387806.5836,449257.1608,598206.4515,573381.0793,411051.6719,365434.4482,478984.0081,458642.494,9780.549217,13534.33474,413135.94,364241.863
578583.068,557285.1721,359592.9187,369652.3733,650154.6895,642922.0368,418274.8575,378679.1613,1059144.013,1103858.653,830422.4582,911017.3804,823000.7603,734256.934
1651489.181,1386151.886,724454.3614,633156.0048,2334175.133,1943159.485,604833.8084,540513.8895,2911647.27,2504473.734,1597481.024,1468976.612,2339866.268,1894653.071
9803954.44,9751995.239,7103989.421,6843294.959,10608678.14,10417427.52,4304741.643,3960922.924,4272275.965,4090859.125,4859919.673,5043310.821,4122654.575,3393248.577
91346215.05,84947158.49,50730013.59,46705380.41,108332328.1,101526285.3,41853007.52,35459612.6,126418848.6,117911619.6,119316645,118266801,125718708.2,116047815.9
4428311.106,4103123.616,2610515.027,2581607.216,4261425.893,4096586.75,2340369.861,2155348.25,3102691.824,3043794.495,473348.7951,512797.5863,2457597.521,2378302.979
3762705.256,3008999.179,2354422.113,2081480.493,4319852.146,3690540.484,1809570.95,1497293.764,5067167.67,4247778.321,5237112.962,4634622.622,5546066.137,4427541.696
6607992.718,6562952.442,5596748.756,5161190.666,6266304.347,6273941.553,4876043.357,4512985.489,3759937.383,3484826.448,2612941.897,2905066.212,4203839.667,3779205.541
22335284.78,22326732.45,19549585.38,19110510.93,23220460.4,23452296.52,15472361.88,14743491.6,12209604.23,12056598.67,11438995,12995600.73,11457910.21,10770567.81
62905689.71,59274669.29,44836334.79,42281938.77,66796605.26,63380736.88,46728755.12,42386251.3,49243024.26,46690876.3,4273561.017,4355563.117,52037609.14,48350318.06
821898.1637,738499.4532,537094.3641,519383.563,1059564.605,922929.7795,388332.6495,398485.5502,1679846.36,1436846.009,940538.6963,993235.4796,985876.2524,875371.8958
58339818.74,57060499.87,42704699.43,40356518.55,66679080.11,62831954.02,39664916.93,37588103.49,84570116.63,84765084.54,88169892.82,97060153.26,88622185.14,81873113.61
3869004.596,3981236.51,4606377.687,4079874.556,3427913.654,3486201.597,3290798.153,3161413.422,2271006.652,2260000.253,1958827.359,2190509.07,2966639.105,2678462.226
2972434.489,2883973.533,2026838.107,1983761.929,3249322.48,3066545.316,1866108.899,1783320.686,2377602.756,2384518.489,192187.4772,184902.7139,2227970.903,2116724.25
35804024.13,34703354.07,27324642.06,28504413.34,41133633.21,42106767.65,25447520.31,24787458.13,54055019.19,53069141.09,54780816.18,62580124.97,59020810.43,52174060.97
24344870.86,24038383.09,18632297.31,18697159.23,27675331.05,27962169.07,18011511.86,17311824.61,36437665.07,36331817.45,39611364.45,40991999.08,36813957.25,36249652.17
20815410.71,20103496.7,15905856.89,14939128.25,21848819.5,21568501.68,14204360.85,13046311.76,18756163.46,17787135.86,1301747.547,1514941.291,15936583.47,14422083.17
38058425.1,38702948.49,30362299.62,30831459.68,41587910.96,45404534.26,25539517.84,24936007.33,57897737.89,57483618.1,58267485.95,60591011.76,61800644.85,55857275.73
11226229.95,11253524.89,8634860.019,8122907.949,13175864.27,12081611.57,8072484.262,7199739.368,15628417.58,15725723.33,17407905.52,18295626.8,17582900.11,16404625.54
931444.9509,865108.8118,669026.696,643960.85,1217917.475,1334530.511,806916.7027,720351.2096,1683982.317,1632527.134,1427358.727,1445746.759,1515596.158,1463274.944
13106701.58,13017550.69,9241963.776,9254941.105,13433627.52,13346550.05,9915007.274,9407759.272,10784931.53,10438715.93,3327946.504,3410105.06,8365872.967,8039581.093
1292875.515,1219216.633,860142.1745,775315.6571,1672357.623,1585607.182,759022.7411,720708.2303,2226387.012,1920483.711,1784541.432,1812097.143,1693646.72,1495426.727
552229.6552,570211.6491,412740.2047,416187.9031,656719.6844,666876.0074,315276.9325,333894.544,939285.646,967572.7686,687790.7407,765635.2854,840174.3457,708328.268
2405060.063,2387863.839,1686015.37,1584766.708,2781725.804,2772910.663,1673935.503,1666372.073,3222696.434,3251414.513,3974807.399,4182812.456,3328428.548,3031168.03
79518642.25,76951154.04,56463728.94,55702868.45,88028019.15,89420384.21,50133294.56,47995210.65,66060594.75,64218377.5,15850290.79,17470442.17,52945400.99,48271242.46
36836230.95,33468239.01,22747107.22,20534399.85,45819608.28,42152238.38,25209182.52,22152962.91,24655208.62,22800789.33,4229341.996,4194323.911,33950413.69,30737606.32
3381668.593,3364280.539,2646776.512,2687420.464,3831138.879,3953061.084,2309208.332,2222965.235,2952312.29,2900634.613,514924.1488,453594.9927,2644136.006,2604597.011
180807.5022,202941.3462,142632.6525,132107.4643,183161.7053,183833.0279,160351.6977,134651.3035,137488.6705,145541.7315,58820.93398,53394.26226,137238.731,124640.8835
2908592.865,2570597.803,1451971.111,1342166.035,2764904.262,2558275.676,1152297.497,1002435.069,3586827.829,3260922.328,3273634.891,3197259.534,2811882.58,2563493.259
1402187.143,1326690.263,936739.724,898062.5088,1358731.052,1337659.82,765255.9706,751768.3337,2058115.408,2005890.753,1719894.608,1899015.394,1623477.403,1514353.755
2918865.802,2849215.517,2490943.962,2325505.982,3436042.711,3403594.718,2302729.312,2267925.621,2747107.603,2565379.274,495712.9576,566816.476,2530188.798,2181051.15
33521404.87,31610392.22,23370598.55,21521774.75,32462050.91,31083624.63,20948445.66,19266280.69,26398980.81,24979546,3672037.452,3729524.795,25215192.75,22954841.07
4091044.688,3956596.994,2974389.261,2882462.546,4187112.772,4229896.785,2735175.715,2615544.054,2818755.328,2754883.919,1234317.704,1302141.007,2730073.915,2712517.395
239381.2607,214225.3022,161873.5018,133065.4751,199391.5083,201791.6286,86629.45992,76144.8513,163423.5417,128258.6637,33859.9319,31534.74222,146251.5357,129642.2608
7704208.861,7405574.639,4105129.876,3752984.889,7506656.808,7273172.529,3664354.31,3118125.379,9295968.999,9069301.613,9077528.176,8568577.531,8895132.511,8092185.053
3548902.379,3218706.716,2233265.527,1972515.187,4762326.564,4305054.204,1982858.906,1825915.113,4960574.456,4524491.024,4469485.656,4577508.995,5231738.82,4518037.064
11669684.37,10930660.18,7100123.622,6727794.878,13168336.33,12366029.87,6209507.954,5671168.916,8557511.483,8019727.359,2142822.964,2127906.586,7660838,7338365.394
462385.6039,390013.7469,284330.5931,286126.1524,449815.8444,414802.8953,313183.4036,256954.763,312907.1884,270662.8143,161956.0754,165999.1342,263789.0224,230493.9326
15513017.94,15872181.43,13772163.3,13008738.84,18379234.86,18241451.84,12275241.14,11750878.98,24652038.78,23896296.21,23895424.59,26929995.5,24665926.16,22509196.59
740064.2449,718847.4746,646329.1168,653907.4604,650318.1638,641007.194,431576.6302,411108.6404,651843.7708,580881.2098,39253.87035,63891.8965,625701.7429,575522.1921
3384733.245,3199397.143,2143836.598,2111542.33,3793405.245,3564071.275,1867716.542,1694388.412,2553812.735,2565670.504,470539.7729,497433.9586,2435684.298,2257909.632
93574400.5,91865354.59,65473231.66,66268264.29,115067981,114136424.4,61160207.84,56870879,135358327.4,131751519.8,134130592.1,138088912.6,129707573.5,125069123.2
2956983.361,2743902.907,1916618.712,1589320.275,3410143.361,3243110.694,1517270.982,1499942.111,3920057.816,3496407.517,3671230.466,3704895.542,3860595.598,3556399.047
803687.1233,808424.4186,673864.5261,677181.6362,925544.4083,936606.651,571672.4388,581325.6928,742912.83,717543.7096,157142.0606,168392.7513,660160.9123,615936.5436
11308312.29,10518939,8288344.775,7470419.576,12938955.45,12308742.94,8150502.927,7613252.735,10268899,9644170.995,1068941.226,1133661.669,9601516.876,8817854.379
1406902.659,1292454.547,1389479.94,1231432.27,1111245.177,1092258.39,638680.3388,571378.1325,977292.6902,844099.1228,668629.5286,661456.5455,639954.4374,536462.4614
661213.9725,614514.4488,442144.4586,427988.9993,809970.6871,823646.8244,460225.6442,392600.5923,1083478.928,990717.9505,870225.6526,964486.0425,855328.769,743562.2679
527538.2732,527458.0734,348962.4991,385765.0305,644227.8694,611154.4972,324586.3711,299955.3097,530060.9168,484303.9746,63218.55128,67964.71478,351473.0803,364887.1306
760457.5802,722991.2812,537939.7627,503938.0346,780498.3919,748352.8512,476639.9327,446369.1933,631452.8844,597926.8279,111395.0162,113152.6562,574528.2249,526181.5293
434042.4506,437579.9699,327802.3036,347662.2092,348300.3205,306651.5653,346747.0107,345473.1327,262522.856,247081.1212,235323.6498,274017.6758,237655.3896,226861.3762
5217270.035,5324032.767,4613279.565,4650465.685,5314445.169,5596747.629,4358599.884,4267934.594,4120850.404,3959967.279,2281565.031,2477034.171,3885484.426,3608449.679
512756.7874,503685.9191,462593.2397,484399.0885,633791.6825,694328.9935,432230.9012,399912.4367,462273.5448,541550.1821,82514.44179,116547.0614,465407.9209,489454.6126
2487873.999,2426767.765,1942820.808,1830976.824,2398220.511,2527573.262,1506287.405,1487899,2120066.926,2064338.655,535952.6514,573678.3316,1641151.574,1636296.159
1653481.06,1580777.31,1246729.001,1155070.497,1679151.289,2051536.54,786909.5887,832529.6371,2174351.244,2128577.916,2204689.415,2412873.933,1867321.53,1861825.962
25390380.44,24166586.51,18388496.86,18691916.88,30559733.38,31154073.8,19295052.44,18342181.86,36228164.83,36041339.02,35994945.37,42705985.42,36627629.43,31954140.49
7191221.75,6673548.089,3850491.84,3333844.366,7276704.038,6958882.433,2913454.487,2506236.324,6979711.741,6391815.233,9504170.998,8689623.496,7299193.779,6321975.39
2496678.579,2227405.945,1312753.015,1193451.629,2560661.176,2316248.713,1405306.51,1211278.16,3240741.844,2995670.985,2871543.824,2641458.347,2719379.894,2511581.766
807182.8482,803089.7255,540823.4038,541129.6683,1035537.73,1012206.446,465128.688,418558.5984,715912.1637,672562.8986,116164.756,108790.9699,663601.6149,594595.2737
109985129.7,105423210.5,82081934.48,74431301.37,138343826.1,130723450,66353434.4,60796083.74,156913031.9,147813161.2,142110083.2,151309832.2,148488949.4,138210290.7
1457676.355,1313474.379,720025.9984,675712.5513,1992862.107,1730546.229,683888.6539,542396.1247,1813603.463,1654552.199,1676794.058,1636407.019,1712314.205,1550258.442
21374343.56,20404685.06,17094738.12,15188064.75,24038470.88,22962249.71,12209178.43,11034028.6,12754409.78,11994859.58,12046762.47,12214300.36,11326708.49,10854435.23
106190899.5,104785431.7,80593588.16,75351061.75,111990235.2,112039331.6,46746629.69,44793433.18,70386652,64023221.45,55037941.1,57738572.32,45140759.1,42027295.89
7294725.047,6362209.715,3774119.156,3121216.86,8662732.38,7548172.033,2239341.745,1934997.56,8237274.675,7341824.974,7187936.568,7075845.905,7690583.248,6858512.573
2127573.696,2117872.616,1425547.73,1395924.7,2871969.654,2721126.227,1608390.959,1684661.116,3960501.078,3417280.045,2601365.098,2593956.166,3543801.746,2674200.533
4288456.7,4022963.344,2869843.471,2752633.835,4308081.346,4072680.258,2163398.382,1926692.307,7034090.761,6677209.551,3469942.3,3484103.498,5382410.76,4925873.676
12093848.63,11641816.9,7734982.509,7496105.279,15707112.62,15327613.77,7181628.894,6712953.356,16774153.93,16333771.33,15541460.52,16527366.27,15438545.04,14263691.21
2729640.869,2562502.403,1785432.465,1775574.284,3096881.214,2964263.809,1706344.791,1634630.545,3429834.708,3346025.175,3561247.808,3841140.75,3338398.339,3351699.878
1618055.997,1332350.453,599040.5713,513398.3716,1963433.314,1618157.321,436326.0381,401599.1146,1550901.152,1261969.693,1699062.028,1580205.326,1513365.027,1238191.024
475390.4285,451904.0313,336547.5818,370097.8155,474793.9218,519632.3056,364287.8944,331500.4009,431421.7705,422045.2751,118082.8776,118289.5371,353690.6307,339927.1813
1737359.884,1673836.204,1016224.931,1108110.884,1814189.974,1876749.623,1145325.285,1040091.916,2399471.667,2187047.135,2057887.089,2547206.209,2043216.172,1816810.982
20184785.45,18916922.16,15608227.05,14868764.93,27160125.9,25576421.58,18779440.73,17567299.44,16078168.28,15088643.12,3286170.763,3385166.442,25155217.85,22459622.83
436490.4463,447054.7923,409738.3108,419941.4986,480997.0848,527538.5524,374099.8948,374298.4822,427058.4773,387312.329,122723.4759,163336.5514,408604.084,375090.3486
337270.9593,281226.8642,172291.6485,145210.5526,418775.0909,334717.8088,127637.5977,101868.022,389653.9158,313786.2624,374340.7691,325925.4514,367653.3197,294151.6704
805788.0751,810770.7846,749787.8721,745594.8595,967790.6199,992135.596,682395.1998,648064.6376,673980.7866,641790.2438,357217.4422,419151.5947,670039.3747,640154.1349
69336757.22,69953230.03,52441185.83,54432250.97,85740614.79,88192383,44681781.33,44457707.01,93409908.33,94483622.46,91605607.48,104369806.2,101096121.1,90646841.14
16754061.08,15724146.82,10069537.7,9763739.485,18670829.22,17476227.24,8619365.026,7821285.712,12014890.21,11540879.29,5737390.45,5772059.684,9735442.546,8808862.639
301361.2086,313446.1483,247576.4768,227408.8775,418480.2783,380224.4225,192573.5053,190236.4562,257004.9704,245055.3375,159105.4573,157324.2855,182961.3615,166780.6236
670806.3046,674336.1373,550036.6218,541455.4817,752505.8543,768807.3242,630796.893,600921.0535,1050880.421,1059275.381,898851.7066,1032603.159,1094597.325,961597.9279
507511.875,423896.7584,284071.6357,243734.1132,567261.8475,487998.2885,284411.5845,274329.7324,838885.0041,652762.5979,397757.8493,383476.1267,620438.1619,601770.3769
1325080.004,1231940.795,858716.5082,817907.0807,1460963.856,1343223.801,1111969.357,930187.4361,806863.6114,758406.7289,710657.4356,746125.5632,837821.0927,894296.9676
9499403.192,9537327.381,6585542.504,6174979.329,8874743.683,8926109.111,6785943.739,6579766.726,5802028.9,5454608.365,5751583,6294553.196,4963715.733,4552099.523
774020.0477,771774.8528,612177.3963,619886.2938,749498.2725,782559.7506,622406.3639,617294.3573,1177067.063,1107735.904,1060679.085,1188612.2,1049646.66,865811.2615
9433042.207,8892660.557,6367343.426,5907742.648,9590910.77,9009597.71,5120999.759,4386111.224,7149906.162,6587866.554,1974373.599,2007899.087,7110985.037,6357186.664
1551163.798,1452809.044,866136.835,791275.397,2060328.739,1825505.572,784709.2841,622383.7165,1936013.875,1804271.003,1784939.887,1845908.977,1734502.11,1567849.846
1116636.309,1015347.853,653080.2087,569331.6624,1419477.539,1268259.458,540078.1543,408730.4408,1420140.096,1340721.386,1117765.682,1078340.004,1426387.364,1178764.412
294502.5842,289364.0566,216346.0108,200550.7377,387362.7406,428395.925,237203.9031,204225.0119,441424.7844,407727.5477,432566.0108,431139.1132,431266.1724,372167.0477
18831742.08,17704896.88,14335186.93,13692724.03,24120834.12,22962640.04,16104317.32,14912885.59,11348340.89,10851818.01,7100956.592,7751010.56,20735862.24,18579291.38
1416854.663,1338947.852,948588.4648,913473.1028,1530216.794,1462998.992,740837.8976,749175.5284,1278537.332,1196187.967,204760.5864,226823.4906,990080.2424,996195.991
426487.3628,439819.8144,339861.218,356691.3157,422429.0899,430558.0812,347851.7409,355470.6463,337779.5447,361036.4032,173574.4502,184720.5249,337233.2819,318186.368
3602700.314,3475238.419,3042637.045,2966417.043,4632301.631,4718026.062,1975723.448,1923290.224,4893373.78,4609153.839,5117677.386,5717268.106,4480999.132,4010452.292
1773964.085,1817008.537,1133502.556,1145589.785,1663126.477,1739252.26,1155895.478,1076085.47,1177570.282,1166145.787,821545.1193,867884.4704,1019461.491,1004308.756
1283411.4,1294054.362,945991.4146,912588.3434,1587014.763,1587883.334,841829.203,811166.5257,1215540.929,1191379.057,411365.8584,485457.9413,816138.6892,811009.745
22586832.39,20897999.84,15362122.16,14561242.22,23638609.37,22072151.91,12297965.02,11672649.73,19149862.3,17117804.54,4339115.091,4545302.137,17274136.04,14684904.08
914741.0418,960507.0913,850509.4394,817472.6998,1559534.215,1659232.76,673707.5876,709266.3382,823615.7533,821499.371,444123.243,504494.8566,828174.9137,842742.0072
3608883.049,3136952.62,2077694.03,1830477.254,4552750.22,4103832.769,2228349.873,1939417.135,5069995.564,4061460,4703839.192,4183902.738,4111574.585,3357978.114
11117298.06,10494491.69,8322829.284,7437616.046,12351236.82,11740541.43,7184323.639,6625105.192,7892695.005,7442810.775,4237652.71,4599450.791,8460874.689,7539058.506
595743.5511,558731.1635,400742.4141,326398.9282,729704.2099,608848.5497,391698.5877,351377.809,779079.3252,754467.6757,690633.825,699211.0937,780079.5716,675255.2976
800252.401,838586.2633,722774.3412,769446.1778,957994.6279,1007301.086,763069.6079,677741.0155,628153.5314,622486.7574,512984.0863,573397.4436,634945.9788,575051.8004
6495898.014,6545182.708,5018462.903,5284201.599,7029078.122,7377921.983,3732800.941,3393729.319,4653544.71,4606786.011,3790452.903,4128752.573,3262730.497,3012207.195
6941956.771,6786761.71,5162245.812,4922004.155,7497192.424,7346643.527,4162100.262,3917453.335,5757417.188,5503259.141,2034775.523,2134720.26,5220874.902,4705074.266
2916483.977,2863529.664,1788644.767,1865300.708,2643513.004,2677528.011,1466195.184,1371255.718,4093276.059,4085691.625,3132422.9,3457762.214,2361078.585,2178040.107
453993.8429,329414.3305,219162.8912,228458.9519,433345.1182,376134.0603,214014.3017,242612.7523,345378.0816,296466.2148,80885.63709,81333.69695,278336.2779,273225.7035
1767214.746,1644044.896,1351911.781,1480700.198,1882234.647,1849833.646,1191765.381,1265204.869,2438532.468,2434324.365,2315971.91,2549260.676,2111097.206,2096861.011
4802854.587,4746403.694,3355374.193,3596051.739,4608811.839,4262948.091,3073101.206,2988185.495,3132015.762,3111022.858,2725169.662,2763520.211,2594693.423,2522041.487
43223324.13,41444556.84,31077693.26,32008076.53,47816035.41,47641132.26,28444221.56,26986354.68,59067827.64,57059189.32,50062551,52990985.31,56893705.94,54298102.54
7930472.284,7833511.952,6258074.039,6173882.054,8310048.629,8362899.211,4050928.861,3908843.403,6266410.823,6171455.532,3084387.844,3394568.36,4858871.904,4566725.017
4008961.286,3400893.175,2828137.113,2313087.781,4264533.089,3545843.464,1636026.475,1462412.651,2220235.066,2036858.647,2012872.592,1891594.552,2193729.847,1752202.339
1201588.076,1227663.773,855894.1452,893731.6418,1450350.896,1464002.616,810306.3059,823862.825,1591550.014,1647218.993,1532928.17,1560774.258,1596291.366,1619843.417
10778774.31,10266511.48,7279469.824,6397872.586,12143423.44,11055149.58,6310947.058,5961049.964,14155681.87,13138880.43,14019564.15,13863753.63,10647220.75,9812398.204
2598511.586,2428526.727,1439696.087,1343029.308,2648327.229,2385887.643,972192.217,836436.7324,1671963.55,1553193.748,985931.8865,951368.8512,1241739.989,1162276.613
16926263.23,15929970.41,11695281.97,11013300.37,17153576.19,16310572.38,7717212.668,7033146.285,9943867.295,9528500.533,9366983.452,9583106.014,8085955.893,7359642.063
257585.087,264306.8009,241612.7396,208651.0726,293233.9256,274667.9084,211605.752,210604.7417,262548.7508,244948.6022,63988.57711,83584.891,246068.3487,217999.6025
5250329.984,5215045.851,4080323.766,3861498.625,5629399.248,5651434.293,3614905.586,3460909.002,4285175.013,4198933.161,2157714.754,2394473.452,3723902.274,3442335.376
559136.4489,555279.3053,325988.8258,340418.9936,735587.4275,709682.0688,268342.9866,223979.3026,461177.1037,423475.9657,158018.2633,160550.8241,371373.2034,380914.4563
7285031.656,6822514.044,5000929.991,4676878.302,7634734.536,6917825.26,3470417.333,3036073.047,4240184.533,4283124.886,4246206.434,4572341.369,3072220.396,2853074.325
129506.0861,101792.9517,59158.92437,46447.09954,172747.3624,142299.2751,54590.66878,35397.78863,141185.5449,128139.5153,134893.103,121712.4468,115003.7626,108020.0832
1119515.109,1090721.84,766556.5034,875676.9961,1093187.614,1212962.859,894201.0203,928007.5302,1025053.199,1054697.231,244302.872,274124.4135,998476.9375,983055.5956
6347862.497,5943914.981,4780490.557,4810868.968,7664218.216,7330176.107,4693743.499,4522059.128,8016365.876,8145799.573,8300932.283,9445599.282,8334083.351,8058577.328
1486758.834,1455009.633,1169732.419,1107614.999,1541302.487,1661302.887,674257.3434,688777.066,1196951.896,1169616.938,611145.8997,666740.4064,854451.1789,772858.4171
4045360.468,3631993.472,2611248.618,2466740.829,4658033.814,4272682.944,2312554.519,1997197.105,3331217.937,3262895.573,1085761.033,1111894.003,2900324.426,2535469.833
16769544.24,16141041.44,12606365.2,12397714.62,18439479.85,17979020.74,11058140.44,10351360.31,14051720.93,13853355.93,5591910.664,5873259.254,12889893.37,12186455.1
7513562.331,7507749.379,5411311.986,4899315.48,8405942.674,8530903.395,2987071.26,2869027.08,4180805.827,4230651.989,4997841.029,5016009.999,3069982.267,3121234.269
24316575.35,24447990.34,14671517.23,15301400.28,25195126.41,25062217.38,22701767.69,21131579.64,19029304.42,17878436.45,10888841.47,10978936.39,19863015.14,19166079.99
27420165.02,26680876.1,21048056.05,20161382.43,29137801.04,28658956.95,16754917.21,15828022.2,19171824.77,18690406.64,13908807.04,15120429.95,17973817.98,16318358.66
672235.6953,694441.7785,526844.9939,501257.3412,575068.2764,638174.4826,461032.856,460244.9479,444992.4904,441429.5647,376685.6418,418593.0586,453383.8948,378823.7288
9343996.885,9059966.88,7321787.703,7692583.563,11357888.17,11119935.13,6860790.221,6625506.237,11879326.26,12297197.63,12746608.67,14317923.7,12185481.27,11218985.71
3369596.589,3291772.559,2162092.274,2218349.672,4115871.698,3736758.045,2264352.265,2080232.026,4432251.259,4214936.987,3857387.809,3806672.545,4389936.706,4149330.924
1926994.698,1806013.227,1130424.489,1020256.669,2024713.906,1889555.075,1269463.651,1139600.267,1969114.18,1896357.973,2186264.243,2317138.31,2370973.85,2199471.063
20664103.08,19424511.26,14573381.35,13966397.71,21645362.35,20329636.48,13701695.67,12842743.28,18431223.38,16958055.23,6182274.633,6152392.16,15694392.39,14392793.84
1064915.083,1151161.499,988555.5227,991800.0737,1275243.794,1292841.554,847776.1376,866906.3465,995753.1623,997792.3068,497341.0264,488750.0707,965128.9311,891157.5522
2289951.099,2094140.635,1244606.897,1180422.481,2011822.761,2107985.274,1354872.205,1227689.664,2720956.023,2609631.02,2358536.834,2272637.164,2237141.392,2188274.113
2932736.555,2944895.306,2326118.188,2142881.58,2967844.157,3005066.784,2271624.563,2047776.505,2615292.95,2533592.284,1040431.893,1123844.782,2313884.224,2206971.429
7257891.773,7186220.331,5967250.593,5615426.695,8218016.932,8262682.782,5699956.098,5504347.66,5444755.98,5457197.709,3989058.702,4251982.287,5617546.995,5392389.72
314022.9672,345025.0482,211986.0057,213070.306,333720.97,340639.8893,213098.3799,186307.5083,289413.9039,262302.6902,99967.16756,70713.80206,252337.4592,247555.112
1307178.294,1164527.23,851461.6814,696606.2095,1409233.759,1235345.685,781602.1551,652802.6018,1612379.66,1382836.529,1412610.674,1395546.745,1468226.531,1246609.41
3375224.06,3215413.731,2697108.114,2480619.422,3503857.074,3487188.614,2774686.425,2615976.36,2962440.474,2918947.372,1230652.786,1323328.837,2924456.796,2637621.757
381949.2514,401829.4827,293171.3285,309318.0036,415661.3793,443445.3567,236811.4729,243596.8613,241947.0069,292482.9717,237020.4478,259991.6187,241444.0112,220443.0212
351245.6062,291220.1682,142156.0599,109759.468,393099.0791,341343.3732,87455.81572,68335.12644,350016.8356,281388.0556,313254.8905,260081.6848,290687.8835,232482.2199
781132.2027,800880.572,589985.5706,641723.5993,817829.8916,820210.7087,534609.1464,544549.8694,601444.2096,591854.2843,431799.2027,446974.75,547039.8703,487319.2408
2300577.975,2155741.809,1463724.727,1352118.532,2747207.36,2430176.898,1393078.886,1237109.789,2809358.135,2671345.232,2772570.446,2628502.22,2466388.66,2338580.309
1647849.909,1707644.681,1314721.019,1350783.461,1945566.045,1972982.873,1335012.42,1295674.469,2248178.365,2389632.275,2030071.752,2219334.52,2380163.209,2309445.722
9293508.229,8663395.625,6676513.892,6218244.579,10460741.83,9787159.274,5299960.135,4822162.727,6211725.9,5740242.308,5105075.414,5071923.82,5869911.24,5433755.316
634187.7069,609939.1578,409284.2588,361539.415,743262.8723,709162.5893,331432.9159,276572.8705,720193.6141,673890.4801,752117.1167,703614.346,726334.1668,588753.5208
637664.4566,627424.4602,540989.3078,543001.1042,719361.0731,741299.3191,489383.997,507440.5914,544534.0135,601045.1498,302251.0274,290502.9906,550329.0357,478472.6179
3759197.469,3736504.051,3233521.813,3026752.896,4214182.385,4272688.036,3316402.407,3138079.478,3619790.185,3576409.256,1189266.945,1325286.409,3747290.257,3410349.076
1286661.534,1246523.355,983935.041,802450.985,1319329.465,1258569.371,689070.4936,622470.18,786802.4298,724916.4907,724996.4241,806214.7803,772628.4403,653468.3705
976316.9733,969531.6435,765683.9322,763349.5995,1061786.476,1013837.899,706842.2451,684023.3045,621305.1127,628228.8747,655249.6209,708625.7772,654083.4568,599905.1887
9240332.433,9064376.329,7749745.213,7446546.89,9244699.007,9165113.551,6935919.811,6775824.114,8941802.466,8416817.04,2404589.619,2592590.667,8511406.478,7881589.192
6230304.213,5855446.682,3867764.237,3700669.626,6612333.238,6286336.247,2836263.564,2529201.491,3824386.905,3647142.36,3449360.231,3448413.298,3121880.782,2817971.818
4011051.632,3757371.188,2003062.895,1834405.867,4307875.81,4163073.966,2274088.801,1961571.081,4296261.537,3985072.39,4107775.135,4098995.289,4273804.867,4075161.286
23075861.18,21849717.14,17407878.81,16216856.44,25225171.14,24010891.69,15188805.02,14006623.21,18197453.97,17035576.18,9011630.054,9160575.037,18920154.65,17074195.88
4136062.199,4134804.095,3682649.311,3470943.238,4719695.959,4707192.279,3215567.481,3226963.097,3434894.359,3387880.32,2391444.41,2467814.134,3171039.617,3095559.807
769426.4819,771298.3128,509263.331,438285.4008,893677.3117,915517.6514,388365.9106,342697.9106,680877.9461,696961.9794,208145.0265,215894.8412,511888.2963,495463.7195
258770.8146,274126.2034,226176.9161,216617.8484,339958.685,345486.639,205549.5564,206378.8291,356686.9211,343202.5782,352456.2683,407479.825,375001.9893,335595.9143
776946.0501,788506.355,620523.5292,673028.7066,859809.3407,928115.3851,456479.9018,459071.1137,618888.0174,610404.9928,453862.4607,503975.8809,492483.4062,451120.7053
2660070.206,2568910.534,1999023.263,1749682.219,2832330.324,2890240.634,1581360.57,1460845.34,2085664.96,2054649.1,1050191.148,1073774.156,2055290.072,1817055.295
7319733.974,7185877.518,5194112.431,5524405.706,8171254.55,8183497.653,4705115.207,4544380.08,4949767.785,4673085.927,4864498.019,5022082.68,4675106.399,4246335.399
24113.79034,30738.1434,22042.18987,22295.77448,22935.95234,27764.40718,20538.2872,21723.25518,14003.06363,21348.43599,18845.84436,21629.04969,19213.82676,16172.77918
2711588.308,2539083.473,1950817.357,2024137.146,2900254.211,2839125.268,2127418.242,1979764.518,3523717.919,3384761.672,3324027.436,3433809.105,3322470.717,3063984.299
992272.6994,1038521.609,825860.9499,830123.7278,1100418.163,1113924.147,858539.0355,821014.028,928401.6565,953592.4555,375010.7411,382290.4544,954066.0064,940983.2834
15470872.92,14876699.52,10345854.09,10005907.29,19062154.81,18906529.35,10003606.94,9001245.224,9633842.51,9193395.486,10040823.33,10386648.12,10616412.82,9718439.123
347486.6192,307476.9994,198478.2309,183243.6112,397272.2907,355249.8874,198015.0161,174085.5323,402550.0423,387183.2172,381105.5191,381207.7081,334242.7407,287398.9438
28466564.97,27610147.51,18622172.16,18641297.12,33213024.06,32755871.42,17798588.36,16827250.29,34144639.13,32458572.18,34700084.98,36705846,30164686.04,28131534.6
4214307.217,4031619.522,3615798.019,3527311.346,4437579.002,4135248.452,2872734.595,2418302.748,5719782.394,5188342.213,4978098.165,5182604.248,4914947.404,4502110.91
7120034.848,6531075.915,4811327.471,4542565.946,8699594.26,7815174.552,5893672.806,5346353.4,5424495.798,4999289.669,2484945.591,2481114.194,7671403.105,6911236.829
480553.9034,423706.2399,337489.0691,343653.1005,602534.9961,519225.4399,239271.9589,225575.4678,354565.5943,373051.217,225554.2017,197337.7231,352920.3577,293577.9711
1569398.912,1614171.801,1102770.305,893470.3808,1916922.715,1660819.539,762140.2036,669379.3579,1296302.922,1222803.945,530577.6208,420049.7347,1230010.93,1098210.832
2481687.823,2414035.548,1754979.067,1621715.087,2906847.224,2705615.461,1538079.928,1387054.334,1866063.786,1787969.664,1214037.458,1211661.29,1865339.717,1668645.076
2354864.238,2300979.206,1879378.955,1982130.243,2925023.411,3057028.969,2479214.285,2377259.541,3879671.862,3876041.228,2732892.482,2963250.623,3678796.975,3596407.098
5615436.048,5404635.913,4469677.524,4233927.486,6439853.668,5978270.703,3673075.872,3139236.009,3630876.974,3490692.535,3867339.207,3784817.095,3741994.599,3556055.376
1931129.057,1720705.211,1230226.732,1145299.153,2469937.086,2424794.838,1006208.924,878973.495,1718715.735,1720530.323,815046.362,845842.0582,1156810.615,962649.7983
276799.7932,259010.2871,293013.7599,258326.6323,292223.5163,310678.2458,227497.5182,250670.4967,238217.7417,250198.2605,171166.2806,193410.8517,234330.2352,216218.8568
2195587.544,2102869.879,1150201.743,1056046.13,2764364.891,2537018.783,882013.7952,821229.8007,2722206.265,2582182.817,1802207.066,1761814.167,2227836.868,2050548.977
11373511.08,10729103.35,7205230.909,6695364.45,14321237.86,13590441.96,7566634.955,7258666.907,12677507.23,12248807.91,13091555.42,13389721.31,13917805.4,13535412.55
2062497.87,1978820.626,1712745.847,1692125.055,2320654.493,2413473.21,1907204.064,1810191.423,2919636,2866907.604,2593806.17,2976140.149,2783157.255,2550452.38
13545782.56,13154054.93,10093823.16,9147033.998,15812564.29,15087045.76,9483140.588,8715990.105,12398241.6,11422338.68,6131012.26,6519564.566,10091845.43,9189059.55
88551960.96,85851314.17,66782087.17,63156174.54,98329694.75,95035206.58,61057929.25,59023634.1,76998152.88,73423927.07,37365124.3,40295069.73,71850274.93,65187541.62
864521.1388,846578.9437,633344.7963,603406.5924,935301.603,938218.8321,763682.4969,740497.653,656000.5927,630723.5113,580093.5486,615374.5481,642465.4894,610892.004
1811606.883,1790198.845,1660586.452,1612312.974,2094796.571,2102721.874,1534302.391,1453774.34,1555865.593,1512629.416,1075197.017,1192147.286,1569230.095,1474015.054
498286.734,458670.8754,315419.4044,303323.5489,567815.2243,551844.7176,279921.6143,238971.7109,419381.2765,360181.2073,161322.0506,156050.9302,409164.6998,359286.4925
5619707.624,5722439.114,5188579.643,4881862.291,6191307.466,6410501.16,4423052.172,4405594.081,3696048.989,3782964.792,4388043.43,4687924.867,4378695.102,4086084.888
144617.6177,150664.436,103378.368,115793.6771,136769.7704,138391.8598,119041.7526,128223.3535,130696.7248,134194.9834,61351.1853,75761.80431,128288.6617,104479.3736
1743171.2,1421549.345,876639.8624,763817.1687,1757948.975,1643898.905,709547.742,514353.2321,1838284.354,1577220.932,1431994.298,1412276.462,1513740.09,1354178.696
13828633.43,12559008.99,9181693.313,8617448.201,16006819.53,14743444.55,7667578.528,6783265.309,10486021.23,9471254.39,7032998.876,6965410.429,8965437.663,8181762.275
9281429.6,8921402.972,6722056.295,6262289.778,11354500.44,10764239.66,7394839.451,6671770.035,11646521.17,11625522.93,10868823.41,11645112.12,11930629.42,10803948.48
1046043.67,951641.4401,592106.8049,553352.2227,1386702.984,1367770.558,589550.6404,509206.1469,876512.2903,844132.6255,504925.3063,503455.4039,625221.0333,592290.6161
7317450.358,6860355.073,4411155.571,3654617.543,7979189.752,7232255.659,3141791.827,2634650.631,8151782.175,7547489.458,7675263.353,7424430.428,5602467.746,5261230.737
1402621.653,1400631.314,1270810.908,1256091.119,1537665.526,1548763.62,1225321.139,1247848.899,1194020.657,1102318.055,909860.5818,959810.19,1294377.061,1116141.467
1304232.573,1123652.726,837858.1578,741785.8675,1664491.263,1414537.276,736383.3073,665164.0164,1616829.015,1538823.35,1210832.053,1163358.262,1600850.126,1310107.617
13296567.13,13154523.66,10870860.6,10405512.33,15465654.16,15546957.45,10192164.84,9933253.344,17068160.91,17308986.3,17501003.24,17619334.71,16277859.77,14859523.35
278899.945,269463.8867,188605.5165,217663.2589,298471.4956,315082.1186,205788.204,213845.7386,245261.1661,236538.9004,166554.0732,205787.2347,178284.1686,143732.2873
43288663.68,40799075.02,33586473.69,31033966.85,52681872.27,49911308.84,26696948.9,24761921.05,29036234.85,25422325.6,29785232.38,30648386.66,30602695.67,27443390.35
18732168.12,18494553.2,15283445.86,15347706.72,20791785.36,21301266.21,14143833.34,13029549.57,22612484.75,22188031.05,23619369.95,28221326.76,22277546.02,19796538.65
2142765.123,2135724.85,1614034.58,1560466.818,2672272.393,2660381.935,1476147.028,1496642.875,2080026.642,2092320.207,1081783.052,1190360.356,1439565.928,1415301.714
5137796.935,4835073.517,3608467.345,3373839.719,5652070.022,5645917.591,3286550.572,3016935.077,4710880.979,4501855.963,1644440.496,1697506.165,4222906.774,3903911.142
10045225.92,10034005.32,7023854.595,7026590.112,9955191.225,9649187.901,6173497.343,5742477.574,6448816.317,6225632.782,6640987.07,6683149.508,6067971.426,5938108.969
288530.3877,293503.5643,178553.2635,188467.2775,331863.9917,334685.5159,203937.4866,183787.7968,255694.4486,270775.9562,123387.3642,116769.432,218052.3898,204395.5111
1632995.596,1583830.653,1257805.674,1261317.077,1877941.699,2011633.571,1170680.602,1164981.667,1603589.193,1578824.643,614215.2074,678253.2337,1426312.987,1319167.902
4518392.268,4179996.852,2967502.507,2718866.494,5307895.605,4929387.723,2424486.317,2210272.291,4112307.465,3777198.723,1339396.082,1237738.131,3555988.934,3228025.162
212369.7069,202253.0392,157027.6329,154088.0585,252258.4489,260477.0507,152240.1688,152502.8254,173029.8497,196686.6867,135773.7914,148979.5295,129858.9507,121058.8476
3544671.214,3316959.195,2389089.746,2297025.28,3732740.801,3642521.307,2094166.943,1955757.346,3054931.102,2967771.354,1337657.975,1414578.294,2476301.773,2388583.552
73215764.72,70741916.59,54710084.21,51294369.92,83627649.57,79880603.26,47451190.82,43553072.03,64425501.67,61922385.81,32687426.47,33982699.27,55344942.12,51119958.42
15192680.15,14601630.41,10590600.22,10042485.16,16703873.21,16705845.59,10770385.29,9951643.597,10511365.23,10135958.89,11033682.99,11171565.71,9487953.152,8361545.219
23783000.88,23028386.06,16289609.89,16008307.92,28725163.5,28462725.57,13320915.9,12911177.96,16451032.83,15919936.7,16051647.1,16997232.03,13804148.97,13121434.78
3381862.965,3227865.733,2131455.829,1912482.807,4456162.579,4429634.43,1907575.652,1789703.948,4678275.107,4266828.122,3597938.179,3559686.216,3417904.405,3035395.595
1412170.875,1183645.105,669586.94,620492.2758,1451520.109,1330941.938,621840.253,563864.119,1326044.257,1140706.395,1209068.183,1221702.214,1464321.945,1177821.469
12770520.1,12053722.47,8680536.69,8414553.486,14775832.24,14318877.8,8252955.508,7774847.208,11237739.65,10989175.2,4825103.588,5047287.853,10527814.99,9370555.619
8132425.916,7761079.338,5622099.043,5214362.225,9785550.052,9819990.919,5332374.054,5171616.562,9384257.826,8895630.584,3032762.291,3344236.395,5075093.073,4413225.625
39065031.53,38039678.66,30350417.43,30485593.55,44389738.61,44147809.84,26698630.95,25359589.11,35397410.14,34474225.27,17562913.18,18701993.43,31317576.43,30049977.13
16432779.65,16086561.57,13539345.5,13354740.5,19652472.58,19877650.1,11757167.61,11600229.18,12958669.03,12642065.52,10777416.49,11051070.78,12693522.02,12244162.15
802113.2228,791649.9459,651745.1163,598281.008,913460.9091,926404.7857,553364.8063,544789.3882,618354.3746,641447.02,461823.0851,555245.8111,601965.4193,550324.3103
5047508.872,4616125.404,3140071.061,2950758.159,5923358.337,5494675.474,2719632.756,2530711.585,5532378.875,5203191.862,5221715.955,5765801.621,4932196.621,4690698.63
6572044.662,6541040.284,5874683.293,5384524.426,7020512.347,6794531.227,5881936.805,5679280.133,6566365.605,6065755.804,3166951.793,3389141.932,6217395.155,5632860.114
2133698.123,2114702.179,1603705.662,1348328.114,2382028.979,2320705.544,1241579.254,1107686.863,1785339.602,1750338.183,955396.5831,1033391.126,1509047.299,1391736.124
2243289.271,2299755.577,1722217.623,1657159.847,2317318.808,2285720.502,1747659.732,1594296.553,1791682.177,1694881.688,1239804.745,1351329.018,1852100.569,1683876.901
501575.8155,475961.8351,427987.5755,449172.0399,541764.6142,558222.1465,402859.3837,417982.8312,442913.7039,440232.1494,244183.1448,320072.1719,453226.9348,424943.3551
12314208.72,12096519.6,9422936.265,9419074.649,12773711.92,12593684.9,8474640.2,8296320.144,15202723.64,15156370.95,13019429.54,13704405.67,14703830.36,14235859.64
3270771.423,3076832.624,2585834.329,2329721.068,3325153.259,3161399.12,2091197.401,1996497.615,2763223.996,2628821.742,1339612.725,1398645.765,2718859.754,2452453.499
33738262.82,32799398.21,27536102.19,27817351.39,42689236.25,41593781.33,29388705.16,27900487.88,32285592.87,31019950.88,19313511.08,20771902.65,30870758.02,26846860.93
509748.5206,569268.5982,426963.6599,475049.8338,538421.756,627410.7036,443298.3571,418657.8759,485412.3079,551838.7811,242870.4673,275388.524,527500.374,413343.1185
9135155.581,8518270.886,4874623.47,4350084.072,11166097.86,10489349.7,3891381.909,3186015.542,9906304.89,9281561.981,9182208.492,9360958.994,7445991.121,6446241.049
1472173.164,1514740.373,1361889.686,1272803.754,1853286.59,1753611.467,1118842.937,1090081.572,1336866.747,1202265.959,961482.4231,1091704.505,1204654.68,1100649.62
18711475.18,18745389.78,14193264.91,14616205.85,18704606.78,19430002.63,13203713.29,12622711.67,23513891.03,22172545.99,23065756.11,24076052.71,18400234.91,18267806.3
13509125.11,12494179.19,10438943.73,9134480.528,13789055.21,12562905.24,9105200.745,8207908.257,10129665.77,9578922.451,7246714.795,7172758.719,10585439.06,9380193.817
358281.4256,324397.8396,255136.4543,268643.562,366089.316,340256.4059,263160.1244,248810.883,448281.0892,483229.8613,348014.08,412818.7346,370512.536,379486.4737
52702405.46,48575809.28,28904586.96,28001836.34,53199874.01,49423948.55,18257956.6,17309061.84,30096742.02,27896810.9,31710731.29,31037120.93,23625927.43,21884620.28
3596131.532,3460418.31,2177474.769,1960226.996,4192688.005,3741719.093,2217273.685,1892014.159,4231802.458,3931618.515,3477538.429,3485422.633,3705379.872,3666039.588
5681734.435,5248188.959,3371732.995,3150965.471,7147063.924,6332456.048,3523736.04,3255460.057,7075728.031,6393007.631,5566412.282,5379496.805,6589075.573,5553767.243
58924450.38,55139507.92,35588868.64,32809816.82,70531591.91,65417846.8,26434268.56,23616575.73,64661361.01,61248984.72,59434986.59,59993769.08,52994567.72,47285396.88
10256021.84,9794637.807,6772346.088,6205839.85,13004538.62,12793410.76,7242040.157,6758570.133,15824075.87,14868268.29,9438010.963,9747223.684,11330022.2,10533757.56
16112698.48,15768944.96,14547993.66,12944105.85,16850852.4,16755739.5,9231804.499,8621379.067,13289500.71,12344769.11,10676855.73,11190395.36,9912502.407,8821132.406
210167.7933,204324.6363,166034.3176,171437.8218,236096.8666,234212.5171,169992.1589,161644.0595,165943.0472,178808.8441,113238.7747,128535.3077,195901.9042,174864.2541
2404294.346,2324146.531,1757560.536,1722585.962,2345186.054,2311155.906,1649247.762,1659767.452,3171516.332,2987555.952,2530089.767,2829011.106,2428550.316,2189044.574
329633.717,318394.8658,197711.4701,196579.1922,346285.5348,323475.9573,158915.5368,176270.6432,249968.9723,260340.1856,123085.3295,122901.8183,235181.8372,236739.2771
33601726.15,32287924.68,20864888.69,20777218.82,38339243,36850195.35,18311951.16,17685082.8,37381456.82,36025008.7,36319049.08,36092516.57,32097152.77,30787350.76
3969023.283,3771012.483,2692563.854,2675127.46,4337940.845,4289816.25,2599777.471,2433345.265,3393163.865,3436589.31,1867667.502,2078629.99,2852823.755,2620329.054
85163225.11,80619089.57,57509782.82,56537657.93,97769451.11,92447119.55,55135185.9,49963675.88,74287123.93,69995915.87,38866413.73,39447800.09,65864061.95,60121744.3
5498318.446,5405273.044,3493591.657,3578306.49,6932220.634,7279614.643,3834536.13,3702252.355,6642675.779,6439174.01,5853953.911,6154126.031,7098381.709,6260290.81
401640.3722,414864.1426,319779.9089,329023.4488,436303.7704,422920.0509,350645.0043,282271.747,342185.0336,312625.1801,285917.2938,316119.409,293918.8008,257603.3896
9211003.955,8681700.453,5719960.031,5102417.279,10715706.93,9908281.227,4815019.929,4222108.875,8283004.138,7608466.024,3103611.608,2935331.174,6989719.229,6102440.326
5042731.358,4896903.789,4118168.315,3999127.209,6044616.894,5930419.795,4428616.071,4112368.875,4455661.665,4470979.212,3071587.726,3380377.426,4304812.464,4136915.404
3110659.876,2978510.62,1927437.224,1933860.344,3643240.467,3608192.862,1650836.174,1458459.219,3108617.394,2899840.175,3352330.258,3760363.045,3180617.708,2776355.992
230937.4234,225934.2108,164035.1616,158283.4287,293845.6023,256298.8792,154914.3978,135241.0868,300601.3576,288660.6806,250466.8236,228109.2104,263615.4536,242351.423
48315629.14,47102313.94,37130770.65,34094202.83,59543579.97,57792887.2,27839289.51,25273533.35,54529941.93,52782666.05,55593470.15,56201833.69,53005236.3,49447867.74
13900616.7,13258720.58,8658315.074,8257787.602,19987570.34,18837204.36,6779472.986,5817605.336,15103736.22,14408275.26,15848044.39,17367868.46,13069704.76,11740441.9
1175990.135,1211621.158,990111.7161,979705.5804,1339849.957,1320658.662,973175.4751,949635.3149,915224.9153,913577.7335,856248.8287,875544.2633,979734.5104,945798.9996
386695.4652,328139.7493,232217.9629,215890.2825,479020.1063,487889.7154,214080.2191,214607.1203,431543.0504,388572.4425,366788.6163,384473.6886,450215.0423,404200.6109
704261.5741,643125.4398,562871.8584,587788.0083,650969.6882,635807.4982,481698.6188,488350.7336,395265.3598,433594.2266,531225.7075,520361.9041,530493.6799,490467.9339
340203.9058,321174.9758,212622.8014,212754.0495,315953.1651,322386.098,214652.1225,197704.0014,269573.3958,299515.698,112069.0365,126809.8228,270630.2415,247054.6476
65473916.4,68676518.17,49149366.59,55791718.27,69463700.85,73573816.27,52128260.95,48112353.04,77030800.99,71329292.47,84314816.67,91136538.37,76092567.78,73443607.31
38501618.86,38928621.49,28692275.87,27062505.58,44244671.73,42980838.09,25897916.42,24323460.72,31099139.13,30687137.37,23291384.06,24555725.72,27884844.05,26150291.86
1301102.33,1310679.338,1105412.842,982313.2181,1568448.049,1485782.088,965450.4126,865562.5716,1173382.987,1042603.531,756306.3401,778426.1404,1131125.29,1000555.602
2165220.508,2235839.476,1743242.221,1749112.655,2471043.464,2611989.423,1721760.103,1680167.349,1984304.187,1918645.21,1279739.499,1370070.446,1892039.114,1717948.286
2789442.68,2548582.97,2250338.472,2048268.114,3424687.632,3246422.367,1548142.935,1492379.535,3390507.822,2942483.835,2937121.266,2955448.518,3352816.845,2924007.39
4547418.618,4530071.511,3732614.55,3851501.551,5434084.136,5670694.295,3795384.427,3605782.285,3666600.75,3691296.837,3345755.301,3752078.446,3761945.371,3344079.961
15973712.68,15408176.96,12282744.8,12424074.98,15545650.73,14654181.7,10947805.86,10643000.84,11166440.19,11063502.7,9647541.463,10594537.86,12557747.73,11540862.49
2567917.056,2513122.47,1847014.322,1803399.987,3296855.096,3273194.965,1780133.503,1638431.307,3138043.284,2986762.332,2965505.779,3098145.567,2954279.295,2740994.816
12294581.37,12162928.68,10786972.34,10346730.3,12486079.32,12741965.7,9493152.635,9109044.949,9580562.838,9341164.87,8826422.38,9492048.653,9273199.298,8833032.063
288763.5047,294446.5617,234089.0538,247296.8718,312650.3247,323145.0403,231457.2535,233120.0134,245755.7346,269289.382,153912.7156,170828.8144,281223.6181,243152.9572
2334340.87,2322893.375,1577403.426,1507796.847,3078682.344,2890495.112,1710866.449,1387018.922,2584549.577,2562206.095,2674056.293,2545598.918,2907279.111,2690054.539
234346.9973,231898.8473,158926.9526,165518.3947,253017.2191,289637.2838,161717.2144,150331.2362,194239.7807,178850.6817,143222.8194,151684.1812,143149.6293,186518.0918
5375268.46,5339142.898,3848227.341,3846983.121,5966891.387,6135195.01,3367537.378,3191894.211,3693883.122,3420695.193,3788382.037,4125597.753,3581942.003,3535593.823
761452.9473,782855.6473,707873.205,632841.0547,793174.047,773023.3056,686774.0226,690216.6866,719223.9252,640173.4253,421616.198,507440.1357,762438.5253,681075.1903
8606770.328,8106944.834,5921164.051,5480787.31,8487023.337,8298153.313,4424238.041,3927417.086,5950967.714,5717203.896,5428854.628,5748718.386,4628932.6,4202367.246
667654.0497,663126.6294,514073.4404,467083.779,765259.8855,707351.1786,518503.3137,486317.3887,552643.1866,563697.4073,361340.2387,382519.9986,608461.3648,517493.9954
8211060.511,7762307.393,6300880.053,5745258.959,8310161.042,8102540.031,5586939.81,5337404.949,7559652.38,6940482.496,3514229.017,3634310.453,6836630.293,6335669.184
2015286.447,2064150.751,1549476.711,1577311.123,2489954.45,2448590.71,1339603.849,1280191.158,2092282.479,1987238.09,824663.9219,898337.3648,1737364.839,1646981.371
2788136.946,2735217.549,2546677.153,2492694.232,2836054.058,2858591.809,2226473.37,2200298.977,3848308.929,3652139.588,3427172.619,3590876.481,3124266.151,2896105.538
5334345.634,5288392.785,4157219.58,4122389.363,7312271.867,7168316.634,3780330.47,3711513.071,6927790.479,6682321.216,6818977.353,7264648.673,5657935.294,5458703.017
2917970.887,2929476.43,2459873.497,2297427.792,3190932.824,3305823.787,2365517.447,2299145.132,2474714.048,2467363.767,1783376.707,2014152,2569136.862,2321512.684
396393.3825,377960.6426,331729.9489,323270.4029,404947.9166,451840.8782,239222.2581,214036.0856,269384.5933,276886.2096,308708.285,321883.9355,207973.9315,258221.3
510594.2587,501191.2696,323638.6535,301836.4723,556324.5604,564021.2313,368201.9641,328238.325,554841.867,563414.6268,533858.7984,604037.7939,547619.4358,498475.9807
2203601.241,2159125.159,1508765.085,1403573.672,2538666.73,2488891.209,1376844.067,1309777.022,1945997.798,1917341.832,1021220.267,1043061.973,1688868.044,1606648.47
2929937.934,2858521.672,2124978.032,2126476.494,3260498.943,3286762.171,2294750.836,2131087.413,2265841.718,2262596.146,1813009.48,2051441.473,2451710.65,2194178.375
540471.464,552761.4429,451241.3496,482195.9219,730939.5912,785216.1328,565335.8781,527703.0399,770143.3785,807629.6967,757382.3585,842965.4463,699855.5706,654227.4476
2364358.554,2195816.758,1457394.701,1568881.389,2428794.821,2268248.003,1318566.496,1260458.408,1512274.821,1540845.056,1321313.403,1421628.907,1669900.381,1552374.308
4488776.687,3997678.429,2397231.243,1859710.138,5410147.792,4315963.402,2012473.238,1464550.827,4160535.439,3858737.014,4213570.364,3630094.722,4157790.841,3462533.08
719165.5204,692899.3011,470276.7854,412374.859,782153.4372,748141.2567,464399.835,380883.113,829699.5223,794952.1197,782070.0281,700444.5482,682037.9381,622547.9833
9875767.468,9527532.199,7177849.793,7349101.509,12911293.2,12427462.74,7387917.97,6790474.543,12712439.09,12323703.28,10825540.37,11100381.6,12017948.52,11215617.12
2968264.743,2906992.403,2810600.792,2384007.134,2959100.52,3110426.576,2173280.703,2121003.635,2371778.329,2199600.775,1849782.161,2043860.047,2643558.784,2402024.523
1848832.232,1683367.963,1168425.246,1097825.583,2245678.413,2086379.93,1053793.743,912288.7254,1941783.696,1874067.606,1916295.297,1864100.898,1908329.928,1720846.425
11818567.46,11495563.81,8561089.213,7809888.53,13625473.92,13446276.96,6678204.157,6374041.426,13329054.47,12783211.19,13568528.82,14524833.35,10167368.66,9884393.621
364833.1474,323997.4763,209094.5988,182348.5223,411748.3825,381386.5015,185931.4449,150612.3936,240727.3086,272762.0832,168830.4989,152914.6624,251394.3507,239741.1977
495172.7046,469030.6544,405876.7314,383367.5996,556612.6612,614534.8061,406775.1849,388738.5653,621915.7416,622811.6595,597696.953,626412.0098,561242.425,566413.7124
13300128.4,12790836.53,10593170.42,9845204.734,15347249.95,15151756.34,10128808.97,9387499.42,11845711.38,11180021.48,8056830.218,8447775.587,10864278.22,10074516.07
2944671.261,2830903.725,2139111.715,2252023.783,3769799.268,3942704.546,2516533.877,2361798.077,2951487.965,2829180.334,1404121.63,1556268.114,2840778.232,2830286.822
18096818.34,17047137.77,10789502.83,10943986.43,20085918.09,19729454.49,9547453.722,8793638.366,20047224.39,19463685.13,18821214.82,19812631.28,13957467.89,14058383.34
8371450.313,7902608.941,5931877.256,5798298.114,9740171.964,9152822.472,6481553.46,5933956.845,9810491.335,9110758.256,9532600.032,9754908.46,9646178.125,8913906.406
363850.501,374464.9189,333514.8722,289715.8541,368473.3041,377266.6895,324158.8044,304408.575,449728.2223,412451.934,434315.2465,478583.7316,482436.8659,430798.6788
16694541.05,15748092.22,12453535.82,11548515.81,19909260.57,18355981.21,9648692.452,9318509.38,12409478.71,11565540.93,11980819.22,11747101.51,11006932.15,10061035.8
18762822.51,18544733.52,15035545.05,15472397.86,23584143.68,23836261.2,17156866.57,16687630.62,24357566.67,22350098.66,24775428.87,26455369.15,24255784.68,21848663.74
2897847.156,2594065.235,1725824.296,1635118.308,3287124.721,3147346.954,1390348.922,1312049.174,3212913.584,3048857.738,2611593.818,2388001.018,2788898.32,2585624.648
2030206.804,2009832.573,1666896.986,1709740.8,2180032.334,2235794.966,1453120.805,1443697.593,1400849.275,1422885.584,1600735.552,1719021.354,1571468.391,1415442.039
1045337.914,1040610.607,729733.1097,803542.2612,1201117.309,1112113.625,739513.0337,665544.0783,825091.4594,815746.8743,630490.4017,607752.7176,918749.9399,784090.689
1261050.545,1135366.555,719060.1078,707577.1818,1316171.448,1208942.868,578194.3854,548893.304,1290337.53,1131069.885,1188307.623,1193099.97,1187698.05,891068.2224
947943.6838,933830.0951,846709.7073,747920.5531,1064332.489,1066784.792,872587.6078,819533.3489,929990.3697,902530.5636,612016.9847,690936.1595,795893.8543,757342.371
7309172.465,7311025.481,5464632.323,5019293.133,9119310.675,8809960.556,4357649.947,4322683.243,8337050.755,8080959.918,8491617.989,9586154.037,6856844.981,6540254.427
31687491.79,30953071.71,35973975,32738466.66,54091002.27,52433822.79,36442423.65,33199257.35,55617752.98,52414715.39,46524559.75,48948787.55,49859937.45,45858650.2
2583700.396,2439217.49,1935722.029,1867030.916,2946109.169,2828252.276,1322683.808,1215585.418,2766553.232,2726804.705,2397188.848,2450976.214,3021950.945,2602844.885
5780428.868,5695582.717,4252770.981,4017017.365,6160143.166,5951382.397,3727266.652,3595631.056,5034493.379,4763809.716,3095928.346,3316018.041,4258699.111,4142320.258
1998113.315,2046971.269,1604622.498,1620829.221,2299703.123,2253047.902,1644704.755,1516133.167,1721297.068,1666726.978,1342408.203,1454813.906,1673482.075,1628264.288
1620596.245,1398192.665,998784.5658,910171.0836,1772270.903,1626563.617,784556.6219,689881.839,1474843.299,1329986.582,1602298.368,1587563.715,1586684.582,1346490.955
909293.7328,955938.3363,575394.1956,592933.9824,1173093.422,1163907.06,550903.268,500662.6899,1093528.619,1049622.71,979019.6319,1011016.373,895382.5875,865413.1615
1334538.41,1264699.216,998789.1297,913642.5742,1556660.607,1468661.696,842028.9489,794706.5144,1162593.204,1067246.197,644903.4888,670952.2656,1333059.042,901357.1551
1459243.308,1455462.99,997176.8562,1046458.049,1821133.826,1818048.521,1181450.255,1146685.053,1729167.287,1685211.472,1734099.201,1871802.153,1679760.157,1608459.406
27138650.02,25591172.93,17941553.07,16542871.78,30722661.07,28995636.7,13525948.87,12059037.96,22263539.84,21017362.62,13089471,13339372.07,18917033.12,17186565.02
2595752.188,2530497.864,1856306.776,1805977.826,2949494.172,2940531.449,1779518.254,1599939.741,2920315.574,2915855.059,2734591.587,2926425.147,2864715.911,2567933.727
2100432.335,1921380.879,1447924.546,1307021.534,2357402.372,2262881.857,1413804.612,1226019.432,2387585.804,2238282.387,1950928.351,1984007.788,2348880.983,2272130.831
918484.8651,844241.1913,642907.0677,556940.6597,1122594.541,1054546.293,507692.1794,430482.4372,1057489.573,1001549.673,818577.3464,818947.3904,1048938.884,854386.8996
1253823.208,1238068.022,1004459.258,1052251.835,1396056.424,1405603.387,984693.0991,930285.5922,997537.3968,1002252.253,893072.2061,962183.5504,1053430.162,973165.8689
4145340.054,3891425.123,3293364.718,3035289.715,4919129.345,4787180.273,2961449.256,2697604.421,5075818.969,4668477.638,3973255.263,4133612.428,5345639.429,4949518.498
7418174.82,7206521.179,5805764.764,5742801.581,8058565.563,8286065.678,5423619.583,5070504.296,6904548.022,6617393.613,4361138.124,4751613.221,5825021.096,5392119.914
842927.225,834497.1175,659247.7748,618693.3782,981639.7982,956708.9283,610760.1073,595482.2464,996481.2776,965195.1886,889697.9094,999439.8102,986471.1117,917899.85
4379989.815,4136176.278,2583734.987,2432836.112,5246746.338,5110685.732,2611024.642,2197823.448,3688446.589,3517120.74,1963130.792,1848198.13,3556699.848,3225528.554
25611131.02,25522551.54,20126909.82,19814835.92,29253526.65,28997437.65,19917676.12,18634666.36,20424715.27,19822232.44,18757038.82,20897344.12,20312926.89,18279046.05
912983.1443,835163.1181,612550.7174,594147.1798,1111151.993,1067131.963,696117.9517,587927.3635,1180452.636,1104911.588,855911.9937,814246.0533,1090484.715,1017297.951
1620551.033,1518987.708,1020414.797,975850.0834,1609999.989,1495075.825,960363.9059,806568.0735,1546261.693,1503294.547,1493956.229,1509802.313,1647198.611,1585984.952
2650569.779,2587600.618,2099662.985,1984472.913,3105338.574,2952702.678,2031013.488,1876668.827,2493424.926,2318788.401,1595459.361,1710633.545,2133479.862,2058424.029
1925998.897,1908517.026,1562073.646,1471234.146,2245656.264,2162703.129,1237117.05,1243000.116,1688989.682,1480371.904,1334311.206,1367369.796,1434382.478,1322607.097
695710.2089,719305.4577,653032.2726,576400.9696,726646.3808,791191.5856,600279.319,576161.6512,671628.6024,643033.1607,486480.1522,508099.8743,582160.0237,575899.448
2171619.798,2064068.635,1623345.316,1598877.919,2450189.293,2377415.94,1578853.577,1526945.528,1944136.606,1844026.316,1242134.446,1311513.162,1825506.901,1686753.46
667742.3988,641815.5437,554001.4289,460034.1934,801426.9308,776705.208,525608.3359,494903.0169,806334.7669,768984.1078,712424.309,770040.1574,837116.9457,756817.2398
13650441.4,13104919.32,9522540.037,9038544.845,16359694.89,15619183.77,8207215.521,7908476.718,11327125.23,10679734.11,7646212.518,8139727.495,10702985.67,9791014.917
3394785.037,3329395.191,2345252.234,2341852.973,3760527.502,3501570.915,2078369.529,1935993.43,2631931.854,2538832.096,2017216.601,2054176.683,2483615.451,2480429.331
771261.9668,650158.1081,440319.3279,406114.7207,828832.5371,797567.4573,490488.9885,408371.0278,808168.5934,799152.6101,713253.1482,679881.9581,738646.5835,679789.0171
1382561.16,1459187.393,1164263.272,1137358.822,1532325.942,1613986.614,1092173.371,1069191.048,1221278.84,1225143.908,957773.1603,1037795.505,1173415.196,1092140.971
1760724.63,1734429.091,1508494.508,1479100.888,1594999.158,1708177.03,1681468.113,1658277.571,1995393.267,1939847.886,2225437.228,2369729.461,2197756.699,2043829.795
56893800.36,54813364.4,37479767.2,37084537.86,65806198.59,68573548.74,40066484.2,36780755.83,64064278.42,64506487.24,60525658.42,58374538.23,60958827.33,59777909.19
21405438.39,21363780.85,18645202.34,18214334.47,25783686.21,25436913.96,15138054.38,15012891.01,17565645.42,17029363.44,16907498.44,17961760.94,16849345.54,15209211.6
2639259.531,2460877.184,1801260.026,1795625.828,3327873.663,3230002.574,1972558.689,1889256.799,2927003.049,2792857.965,3015786.124,3192511.057,3057712.45,2699609.944
5244219.284,5453582.22,4071144.235,4559810.066,5599059.746,6166139.298,3961286.092,3984070.769,4478716.336,4139702.072,3507922.268,4015529.66,4583053.727,4309806.058
999394.3689,872717.6804,580793.3597,511518.6962,1028220.389,857177.3816,413339.3575,416600.1554,1125857.514,955639.4269,682940.1471,702589.8177,930017.8367,797255.4312
3896602.278,3815264.303,2752906.225,2620551.606,4188387.872,4042673.187,2465252.052,2181373.698,2895674.262,2851811.388,2454911.432,2469782.373,2883489.042,2746783.164
2199697.812,2251905.178,1952719.067,1889867.628,2570629.985,2576385.099,1738564.818,1707183.198,2005540.747,1884235.95,1695128.593,1744390.19,1829404.675,1691974.409
535520.0529,526800.6692,283813.9392,243770.9161,489483.8316,464278.5307,246609.2976,224511.2929,445623.241,437322.077,490837.1274,466096.2025,439819.4819,419093.8977
1553423.619,1501992.923,1157137.333,1146270.809,1743046.249,1761982.736,1120261.173,1105461.663,1399682.758,1296252.909,1004474.372,1045166.831,1198100.318,1155151.796
10037280.38,9952181.953,7684108.157,7417080.472,10965432.42,10536868.16,7148009.648,6580881.976,7385582.538,7374021.044,7024496.392,7617944.624,7770749.251,7416827.413
8507908.85,8266596.549,6200164.267,5798762.821,10809296.21,10505516.87,5083828.812,4773878.475,10031057.68,9386879.732,8652806.381,9247526.123,9204769.745,8041706.38
4182984.973,3772676.046,2287344.784,2057036.282,5926731.4,5224359.468,1985744.416,1739695.071,4462847.303,3830210.564,4137589.184,3852721.13,4073817.94,3420718.361
144464.4785,136925.3783,127487.7815,121709.7124,170219.3319,155600.9086,109370.797,118897.4376,120156.2716,134344.0572,94486.43603,91926.75077,133172.996,133093.4983
259697.7379,316688.5253,256163.1501,270767.7375,360818.6456,374442.9435,272339.2666,244897.5922,314622.5269,326744.5772,193045.0826,201245.3817,263885.8862,250100.8649
4564034.601,4547643.342,3472105.115,3616635.704,4844337.921,5117992.086,3116763.713,3035624.394,3430111.732,3473429.377,3400748.043,3639204.436,3375053.468,3157482.319
50535358.99,48932640.2,41356369.22,38166712.83,56982221.37,55319599.79,34166218.73,32193695.91,45344837.04,43785513.98,29586811.39,32666080.08,41509991.53,36794874.73
180302052.5,168640305.4,107808845.8,94595712.9,224008560.3,202799111.5,89217417.91,77655808.53,199579193.2,185115291.7,153998787.8,152276741,173076031.1,159205293
244273.9902,233350.2016,199320.9658,194835.8514,306560.1658,288633.9819,160462.1101,158665.0182,213644.0906,213861.4579,150146.5475,144733.2589,210479.4743,207222.5783
22243281.03,21613561.97,17270638.1,17314845.76,27684928.44,26335506.9,16951703.21,15877936.27,25923286.41,25044085.27,25536788.05,26473986.77,26422269.69,24069782.29
28038159.93,27753271.58,22148358.4,21926870.67,30965359.22,29647795.38,20723850.53,20314793.48,35597194.49,34458045.15,28557042.23,30178998.8,31098592.61,30193070.72
1232230.419,1314617.615,1152296.695,1063582.989,1412100.544,1441922.478,998122.3202,969825.0283,1140209.212,1197526.413,798983.7828,904283.9048,1140477.676,1068075.272
6154803.91,5729587.564,3888499.671,3752180.779,7460150.347,7284640.885,3273749.264,3054768.005,8285186.924,7740765.106,4361843.655,4543564.317,6495283.73,5779027.875
38974986.3,37416825.53,30961171.67,29769342.55,41918656.96,41070086.3,22218703.97,20246289.74,31599607.97,30413748.66,25061124.1,27170611.67,26880988.02,24600033.17
1583001.493,1509703.31,1069022.365,986745.219,1775181.768,1669949.241,972097.7237,885521.3917,1745507.824,1661609.1,1546595.994,1466984.368,1645196.388,1498331.653
1349921.823,1307908.625,948969.0414,972858.8986,1557705.646,1574848.17,924365.6884,862950.4574,1601242.588,1497576.538,1386772.639,1487634.253,1410092.712,1361656.715
534321.5891,576584.2139,495777.0491,475612.945,639683.2707,654293.297,424390.9827,424393.9783,495406.6279,529272.4035,341931.1818,324808.6256,540667.2303,532163.2761
3141477.713,2906983.7,2309979.489,2099518.269,3674936.291,3388581.385,1933791.996,1848351.857,3108149.173,3047967.654,3295409.196,3393417.425,3504891.344,3067668.722
5771610.97,5609598.19,3854936.46,3600869.859,6143162.18,5484105.463,4171241.399,3578312.233,6574833.988,6223196.182,5618005.995,5740577.192,5854783.14,5479875.624
25837204.26,24969977.29,18727091.2,16936345.93,26183508.9,26749051.88,19093841.37,18051437.61,29601207.04,25720565.59,25254907.65,28631504.17,30039138.16,25511923.31
2419927.96,2294213.614,1644435.544,1483606.224,2627745.972,2538819.831,1474436.978,1342450.48,1885357.166,1844192.154,1349200.832,1371193.721,1924211.606,1687184.55
40608375.2,38388927.86,26658681.91,24428708,47482848.35,45247263.5,26089211.66,23785553.12,34217850.61,33114487.71,21199946.91,22487805.15,33164222.33,29598055.3
7020363.719,6436647.954,4352921.839,3951601.032,8475159.594,7930699.469,4380963.136,3572150.741,7338876.036,6471051.672,6972701.696,6609376.71,7401778.133,6641106.928
1330161.239,1249831.768,1165556.131,1133088.697,1527403.855,1602587.991,1036979.461,989182.3892,1201718.284,1158328.95,959663.4878,1000744.103,1088264.295,1104297.408
1109194.805,1048088.374,726362.7077,604572.9561,1466388.022,1292156,502885.1819,424692.6772,1351419.203,1182570.32,883043.7251,849907.3884,1120017.944,973324.5734
7141112.655,7035715.758,4937562.037,4739307.633,8825499.901,8339359.417,4013748.227,3789129.901,9771855.498,9175484.897,5441514.888,5618051.813,7706737.16,6982477.825
2583772.908,2488022.764,1927086.19,1851311.652,2816743.126,2768583.992,1870387.434,1706027.056,2269126.456,2373758.5,1555086.326,1648012.757,2009192.733,1841346.553
3109339.729,3108760.363,2825090.681,2778900.256,3516025.752,3476576.537,2433626.726,2381016.694,3740725.974,3681249.468,3571166.865,3887237.849,3741474.702,3457770.946
1140744.256,1057415.868,661242.1934,617884.2524,1416301.284,1267828.717,644921.8178,612025.8799,1215868.524,1117639.064,1041989.444,981771.6113,1197695.91,1067431.755
7520021.596,7202662.643,4825382.204,4773278.456,7957205.574,7567397.138,4614203.433,4265634.917,6101840.967,5804326.593,4331454.1,4623503.632,5262202.247,5082137.931
203383.0933,179229.5712,135950.0592,146782.9638,255577.3259,265042.0405,141125.4722,129855.6672,169573.5678,125559.8117,154212.579,148555.0657,169469.7649,154766.9449
11964977.29,11468034.34,9340464.662,8496194.069,12938214.91,12315195.62,9257405.33,8652823.529,9591354.102,9171780.339,8520413.031,8751998.752,9788653.883,9210896.155
556836.4693,517409.336,341463.5645,349925.7793,566162.4537,524511.2679,316178.0623,305433.1738,366426.0247,360239.4434,361846.9755,354215.9273,411733.4,353784.3062
4273919.432,3835029.097,2794710.959,2350865.313,5078677.049,4473296.831,2039837.248,1820959.447,4627759.735,3829380.891,3805585.05,3621856.853,4057565.644,3638894.984
10889136.33,9700596.182,7043844.745,6513564.985,12582111.94,11536365.68,6610260.574,5675005.619,8267999.856,7685870.816,6827725.903,6525886.071,8190222.237,7209293.558
26370310.06,25654786.75,20928183.6,20664835.99,30553313.17,29824319.2,20760409.23,19258267.44,23898481.44,23564759.5,15877054.07,16954976.69,24604825.95,22895451.58
15277725.05,14527769.87,12100541.37,11371238.76,14525409.37,13257154.9,9668869.062,8791678.619,10295849.96,9863453.369,10171885.59,10005062.14,12655420.12,11653022.09
6537181.711,6119482.463,5216342.895,4702458.957,7553729.894,7467387.858,4066015.952,3819796.078,8656854.862,7976595.928,5325256.092,5581898.266,7572251.21,6739380.709
1104293.354,1095511.304,1016310.808,945148.1175,1174664.576,1281064.679,917190.8846,880951.8471,942573.1053,916161.594,847944.6713,931167.4211,970263.9207,934613.1016
286885.3971,301272.0815,258011.2451,266916.3531,346437.6301,361612.6591,176031.4231,205735.4188,284943.6123,274987.611,171700.8821,169560.6327,268912.0607,273282.8844
187154803.4,179587471.3,136225494.6,140368796.6,230909131.8,223576628.9,132271472.6,129914068,202982523.2,200900765.4,198933966.5,219377231.6,217010597.9,193643102.5
1352314.259,1329622.124,1262367.345,1194884.282,1606433.013,1689286.543,1169580.152,1181750.787,1265810.486,1262872.254,910421.0268,1084959.419,1415716.314,1252735.916
1673461.018,1461412.736,898241.119,739199.9115,1747747.638,1490642.581,724232.145,588702.1658,1493860.612,1375522.582,1418938.177,1265158.143,1344115.962,1203355.456
564351.4523,554151.5724,465188.2062,482472.5783,626555.235,703850.6488,531282.0199,474136.2932,758048.8753,705787.5298,627146.9453,708030.6184,671143.4446,640309.2731
3570939.674,3480427.679,2605183.039,2771218.191,4137105.585,4216968.558,2614319.283,2589704.046,4263691.147,4216853.44,3717476.429,4266441.953,3776080.094,3472651.172
9063212.923,8299425.182,5330539.946,4736292.425,9549770.066,8852244.327,6010279.249,5017875.804,9577607.316,8661091.13,8340803.246,8383416.402,8474413.284,7652244.415
773045.614,706269.7746,501843.969,468047.5792,941293.2091,866628.2885,511247.0248,440078.2037,787313.5855,715024.8328,716049.0639,659443.7316,929585.2881,852655.9521
2309928.528,2046687.49,1320271.237,1154919.399,2610979.554,2177404.035,1028783.503,825173.2954,2189843.153,1935816.511,1975757.16,1812824.02,2025543.542,1734355.374
153091581.2,148454969.2,118740669.4,110902824.9,186495616.3,181523516.6,105289903.8,101007583.6,185897045.4,180883737.6,154036473.1,168495054.3,159320240.1,149125506.5
986664.5083,984200.7563,717510.714,778107.3348,1107902.425,1148900.169,783150.2242,799196.496,1289812.764,1250165.257,1035822.854,1119982.646,1068553.732,960150.3345
3263166.489,3109548.145,2577922.456,2205276.823,3634937.964,3388447.481,1976140.512,1833587.852,3422590.524,3129157.994,3344877.357,3406312.267,3284963.55,3071485.413
6034295.009,5400253.034,3292812.641,3071908.99,7821861.372,7270126.318,3395288.213,2820825.387,6208405.607,5621437.256,5575509.281,5309612.846,5914526.509,5271660.309
2974595.084,2659107.502,1734142.107,1559320.952,3384894.569,3310125.674,1714449.626,1420214.533,2814357.644,2744795.601,2891141.101,2905136.92,2596537.252,2403968.722
2771789.354,2787517.671,2577354.88,2462321.341,3523496.12,3536485.14,2384426.879,2347197.662,2518090.032,2499484.954,2213441.822,2415919.527,2731219.152,2476653.772
3046018.399,3021226.819,1964997.75,1777228.2,3958947.557,3657849.01,1731179.295,1499125.532,3483725.481,3245871.988,2946134.916,2881394.751,2902526.427,2583795.703
1342996.345,1342811.911,1174751.702,1046195.142,1578422.073,1522459.603,1156504.341,1059624.669,1219428.843,1071669.014,1067167.247,1205333.359,1172841.272,1036180.879
2240456.713,2298796.958,1706237.082,1641876.477,2295128.513,2390167.882,1667844.842,1571120.036,1815094.093,1771831.339,1630944.349,1665298.012,1859806.606,1683985.957
5531512.057,5262233.543,3875553.537,3636252.861,6124577.653,5916911.323,4285789.998,3865903.775,3831469.326,3697385.163,4123472.43,4323040.283,4662898.177,4476641.664
1341280.45,1227086.757,831501.8757,767723.6223,1720402.572,1573055.161,687466.2841,602175.4009,1433539.582,1338358.903,1271074.977,1245585.228,1143123.705,1140765.449
1692412.872,1536585.525,1032423.844,985058.6915,1708952,1535732.106,1090625.056,948377.7352,1681591.983,1574732.852,1435445.851,1429024.876,1846320.314,1532968.169
3477668.624,3434692.959,2668122.032,2435877.279,4328650.182,4062660.572,2368749.785,2212964.517,2713333.949,2574766.339,2527823.397,2588528.298,2962506.992,2794496.562
4437436.349,4419506.358,3598026.418,3297786.439,4959004.114,4955615.909,3409754.074,3150877.541,4134914.168,3872660.991,2865510.633,2993659.052,3907192.397,3688955.079
169198347.6,167174166.7,132861106.6,134628171.2,179764393.7,182330437.1,115661723.6,115791409.1,130032146.3,128370966.5,132001546,138231377.9,130081608.5,125491893.6
879187.0122,814330.9302,615230.0872,579714.7447,916472.6514,954236.0303,628429.311,569707.8846,742815.5718,729560.4271,619833.2019,622494.0263,614882.2074,580293.5566
1768876.482,1581122.163,1009110.534,899572.4415,2084057.723,1928252.581,856361.5092,710616.9436,1814858.902,1645899.806,1558098.37,1415401.714,1554132.336,1367058.079
2394487.151,2337056.257,1873579.216,1741905.435,2754260.811,2682907.702,1844520.467,1741761.691,2107053.105,2018865.208,1598579.786,1732463.318,2135310.626,1932624.517
2681268.953,2546599.435,2010167.504,1936344.541,3648418.299,3660284.336,1760099.645,1646722.993,3190885.445,3035066.452,2603197.601,2894799.688,3085710.656,2775432.243
3639318.127,3429325.113,2952460.078,2754189.096,3599761.151,3544698.221,2456345.287,2300877.771,4092826.313,3743173.908,3453867.268,3511048.516,4121338.287,3607277.541
9148269.752,8645521.156,6682160.466,6590862.952,11108246.37,10621669.67,6375709.005,5879340.07,10429191.63,9928429.204,8947389.015,9243664.606,10447511.58,9363588.73
13569168.29,12889825.87,9250975.196,7980506.612,15071243.67,14638724.42,7664040.306,6773353.632,12697568.82,12001061.75,13344862.45,13470955.75,13221209.03,12056811.18
283940.0695,282469.4575,245270.5328,234234.0429,317221.2951,328205.6999,192527.8213,213833.1852,266563.0268,261147.8198,198253.9643,191352.0399,230932.3051,251020.1617
1360989.546,1261608.352,945331.3528,888864.7969,1625885.925,1508243.579,953358.5255,823172.5666,1503832.252,1428087.002,1389771.112,1371893.014,1415439.285,1223684.051
1819368.582,1794871.564,1132304.877,1056240.427,1883919.205,1740226.55,1217682.397,974191.0001,1873165.749,1706886.264,1806417.12,1724769.844,1583534.894,1596175.779
5987093.322,5489199.643,3538641.6,3222417.175,5747957.889,5158496.834,3127512.404,2759386.945,4022857.632,3691648.913,3960716.574,3765961.514,3558205.931,3452333.461
1681329.893,1537376.491,1103737.604,1074601.189,1869742.233,1796540.215,1216850.388,1118907.203,1384396.366,1234428.985,1223151.747,1198775.191,1293225.49,1156261.047
62526588.45,60605776.82,42992061.01,43566687.07,70215260.61,68970747.05,41828119.99,40835157.29,48271637.89,45952005.65,48259428.97,49493117.16,46611502.06,42473335.3
1703132.406,1684776.506,1371431.844,1365784.063,1911996.272,1968962.2,1207217.177,1238352.318,1564067.168,1481534.971,1226829.222,1390928.891,1348444.929,1257068.818
1930306.084,1846188.359,1237463.655,1086884.522,2106108.29,1982347.361,1117556.399,872170.1211,2004121.836,1853402.487,1735475.874,1746247.538,1752004.746,1540429.867
1351903.098,1301434.126,1079809.396,1014582.52,1252143.878,1172492.352,794026.0025,702962.1738,1036673.487,1030614.708,890017.8861,869677.5516,1003942.936,919617.539
1794627.167,1750409.985,1279727.885,1323570.861,2013720.701,2091597.295,1547409.091,1462912.374,2128433.128,2122994.303,1551161.379,1819632.247,2424272.409,2120484.893
22066342.25,20972074.5,13777101.56,13340196.05,27019987.85,25307509.23,14584276.93,13957148.29,19364506.9,17715365.79,12700482.83,12919236.84,19144445.8,17337552.72
1112506.645,1081806.282,861680.9919,833578.0466,1507223.403,1381168.263,805597.8476,767235.4057,1428103.953,1264512.852,1163146.487,1196708.215,1258002.005,1123371.342
604973.216,548962.1173,408292.5226,397153.4725,684304.2799,689101.1528,416942.2898,383721.5245,509033.7454,510720.1031,410960.9221,406154.256,434717.2947,447483.4293
4252124.677,3930939.488,2691477.938,2440083.578,4921593.478,4427095.364,2142164.529,1959817.174,3564809.301,3145994.447,2553959.549,2493742.68,2928702.531,2536312.965
6129980.362,5774882.041,4319029.941,4075801.635,7252438.214,6978836.507,3781889.634,3505208.682,6221147.396,5674624.209,6310064.205,6561865.09,6269020.558,5539908.555
1047429.892,919285.3135,613932.2256,548533.7679,1113868.545,991435.6103,510400.5711,477838.8183,1109135.058,1040617.847,913505.4424,774126.2501,845836.3007,737147.6801
14771642.12,14523004.76,11450992.65,11420171.35,17296787.17,17116260.29,10729874.9,10336955.59,14328500.58,14462512.47,9473387.319,10202475.74,12426539.71,11194169.25
57780927.43,56627849.41,43761908.76,41483993.58,67392613.36,66927355.66,42298445.35,39594166.93,56466630.28,52603190.33,35102147.39,35934219.63,51193712.71,47782956.71
1822548.543,1848930.984,1449617.405,1505635.4,2071865.503,2111182.157,1318941.744,1334144.361,1608154.73,1610010.319,1544621.428,1577477.046,1332617.698,1265990.404
1776565.146,1741515.584,1358658.363,1198772.247,1972734.114,1885173.22,1136919.039,1093625.786,1471015.545,1374210.799,1248496.543,1221410.035,1333933.504,1376075.932
19386636.2,18538233.56,15544408.61,13560443.18,21767495.93,20452343.89,11235025.19,9932707.623,16237380.94,15166867.43,13251489.07,13752526.29,14095219.12,12876329.2
2312056.122,2265989.247,2091537.935,1922103.041,2722118.035,2594499.55,1673651.064,1609456.77,2018997.173,2020031.272,1664668.471,1655821.564,2075721.462,2099590.728
5321279.281,5264490.693,4373589.905,4195180.191,6017083.991,6298397.311,4628727.617,4345554.454,6729122.58,6518129.917,5597921.159,6104842.244,6113101.751,5689883.041
7276598.364,7061769.741,5244803.552,5121097.208,8286119.525,8189760.955,4790564.191,4487123.908,5449493.385,5277007.601,5724793.845,5958218.983,5466274.065,5094590.906
1328562.841,1345042.381,989327.548,920035.0617,1690225.671,1635734.131,1059289.437,991066.7999,1575152.98,1485787.589,1372541.198,1441952.466,1553797.946,1426761.118
4530417.199,4261645.787,3268706.818,3156484.023,5329126.739,5420260.739,3286411.775,3053263.58,4084998.797,4000124.844,2895975.449,3014751.467,3957589.73,3646410.806
11797504.55,11643228.58,8749491.402,9094581.747,14146762.27,14548948.98,8176687.359,7746626.919,10337197.61,9987117.652,8707755.019,9294059.801,9547929.07,8931381.086
10677798.55,9443305.205,7003575.038,6597117.169,12081813.03,11102327.45,5793665.177,5255436.735,9350969.179,8704655.41,10145477.67,10190588.75,10656222.57,9491055.194
3687897.069,3597119.144,2437998.927,2164703.647,4368284.775,4156099.809,2350501.957,1988134.054,3637985.905,3443913.526,3417931.932,3577075.086,3887187.729,3431189.377
11243088.28,10890886.67,9131207.699,8731578.252,12871466.36,12891954.29,8273988.864,8154822.509,13633310.15,12901962.68,11694107.42,12174693.57,11800220.73,10974928.9
544150.7192,487179.6581,291226.5437,267460.2679,579533.6215,530296.3287,278492.5711,219910.2049,523381.3034,456590.9375,449739.6083,447584.1185,452202.9495,387060.5417
5255471.795,4974392.891,3493016.774,3158476.83,5756566.413,5560328.011,2522582.708,2318239.148,4376271.851,4145379.918,2918096.568,2914469.703,3919900.106,3391004.601
3822672.91,3604346.216,2733149.991,2733011.437,3938904.938,3901783.423,2811045.705,2522163.155,3395307.215,3252252.335,2421032.036,2401390.515,3273524.206,3050924.606
4282085.453,4215385.964,2614501.549,2584221.623,4880324.963,4834035.162,2889771.448,2711551.023,4682775.433,4599915.999,4031817.169,4212110.253,3954959.613,3726086.217
3952353.846,3678807.957,2943203.264,2816630.482,4691684.564,4605662.409,2948502.312,2710483.757,4012545.081,4099768.537,4081970.162,4369208.851,4358080.456,3892625.172
4218384.175,3912596.166,2624128.915,2532096.844,4854965.09,4492205.495,2442914.406,2147551.653,3190724.274,3118369.455,2595737.436,2589832.364,3336814.435,3115702.896
671427.0459,668517.7735,425583.7182,429263.8432,784659.1217,825203.9657,401229.9002,389919.8603,678139.8676,629004.4742,369909.6785,380749.4045,490676.2418,519818.0888
14897189.21,14730354.1,11516188.3,10687568.49,17469313.37,17224499.39,12076945.08,11610736.04,18788604.84,18489395.45,14930363.49,16265134.01,15335240.67,14215245.19
1124144.603,1123059.53,829677.3613,819930.9439,1312963.929,1275817.352,780236.4513,746134.975,1206194.239,1218357.195,1052088.732,1117034.929,1244327.393,1183298.207
1014935.082,1009401.725,943245.2237,864970.8222,1177042.907,1180516.345,791427.7659,750939.1309,898038.396,944107.0902,764445.2909,807482.7629,982342.1249,907153.7594
1828089.827,1874122.532,1544437.461,1371478.03,2308586.079,2313503.238,1125588.489,973610.4798,2064984.685,2036289.884,1933886.743,1876341.241,1741223.85,1766773.616
11104643.8,10345824.59,7811499.026,7164397.737,13304306.48,12810850.22,7274557.974,6680600.552,12999085.01,12378915.76,8690950.692,9150905.261,12412362.87,11149226.51
12890117.4,12770919.39,9575378.262,9220465.687,14371400.62,14189751.61,8923257.789,8520277.593,14013801.12,13666004.45,12612542.53,13031369.57,13305633.22,12433869.86
378623.4177,390901.7863,282596.8473,285011.5458,455639.7187,498100.5349,262379.0557,265613.3962,363625.4151,364120.6764,263489.2443,278021.4673,332554.4105,302355.7347
7502904.716,7158619.712,5033041.943,4998203.436,8978773.809,8672220.361,5114976.757,4595891.337,8012287.75,7367637.967,7505414.622,7696892.711,7402923.652,6836667.402
2116044.053,1978652.866,1269640.199,1259969.014,2686738.257,2499498.533,1356758.439,1208339.759,2616968.321,2537926.615,1730579.739,1768040.085,1973247.376,1751504.858
3811110.745,3687837.722,3156350.157,2766873.968,4118630.535,3628470.198,2806207.218,2495616.231,3180205.963,3082338.162,2606111.899,2760953.653,3343327.575,3217580.78
4534836.81,4398643.507,3175658.589,3216664.162,5221628.873,5193865.465,3204357.133,3013241.353,4957010.115,4827810.866,4429143.796,4746742.068,4556934.103,4223907.251
2915676.856,2580000.882,1940999.704,1686445.218,3520801.067,3116764.062,1675452.762,1508762.368,3135671.898,2786490.397,2753337.91,2518182.193,2607278.218,2314257.019
28119570.18,26936233.56,20148947.19,19117309.01,33172383.03,32585662.08,17961792.4,16867667.12,26679977.8,25979696.79,15065852.67,16143588.95,25390499.29,23416733.99
1274217.565,1244226.825,807664.8481,763498.504,1305067.236,1191028.041,818738.5019,801610.4719,1015353.669,1042218.72,762271.063,807160.9436,1008559.17,953650.045
1110768.553,1132174.908,893916.9772,849680.7186,1312023.702,1170145.215,845868.261,832252.4664,1035839.95,1018812.431,809638.2395,813776.3806,999453.576,937507.0049
10321220.07,10188913.83,8107505.479,7788498.797,10469095.38,10292239.32,7197231.989,6442802.046,8053165.196,7819702.647,8009535.871,8136746.048,8302609.158,7872652.706
20950918.37,20205084.04,16687040.93,15460691.34,24185013.79,23742989.67,14967257.58,14120067.45,17188550.1,16850799.09,17432757.66,18238664.53,16197797.7,15614718.82
6110812.525,5592011.96,4296873.927,4058708.338,7266574.447,6670658.531,4095469.738,3722767.624,6913497.539,6305204.545,5611420.94,5872373.06,6101525.036,5306168.684
10510550.57,9862846.642,7730635.505,7197333.876,10947658.6,10660747.65,7025928.915,6352222.96,8254439.189,8020639.039,7035336.519,7430465.969,8825001.825,8307722.314
921335.3085,907904.7625,754275.9077,735156.9199,1006657.717,1050489.419,650749.5249,655779.917,799489.1041,797615.1522,717782.6579,783430.4528,791701.646,686859.7366
1335689.905,1278680.271,960136.7277,883912.1554,1459123.185,1387779.785,774205.3239,725931.9287,1373141.741,1308668.112,1209420.731,1229246.755,1239808.43,1174479.98
3611261.542,3309352.238,2654133.474,2516920.265,4008104.711,3630054.384,2622329.632,2460217.009,3866676.525,3584584.729,3381727.762,3575408.736,3753315.379,3505226.289
3786981.86,3504748.056,2825385.418,2756425.068,4418584.552,4289247.814,2621934.817,2618900.929,3793938.914,3525226.824,2276845.993,2325438.566,3580771.361,3074913.571
225966.2962,251005.1307,173865.3409,171893.7754,284864.0304,293698.3324,147833.4106,144420.7124,223026.4974,219769.6,171482.199,189904.3895,170237.0131,165678.741
7557446.111,7392798.822,5881092.946,5497904.974,8543802.723,8401953.643,4995087.236,4751009.457,6546267.207,6288052.566,5286673.646,5629073.893,6427197.257,5991816.911
1841336.509,1820006.877,1601725.618,1361394.323,2152534.566,2149904.899,1397981.825,1298283.459,1862480.487,1791061.64,1256384.039,1345805.01,1578717.35,1603060.758
30159921.32,28742558.81,21050965.68,21625266.08,36643065.08,35611615.35,21231854.51,20416796.02,27977872.06,27312918.38,19361039.01,19897329.64,27236322.63,26031106.9
2093223.779,1912505.432,1361832.958,1417641.279,2333393.107,2196025.696,1314792.358,1102770.389,1641675.959,1672432.995,1518581.393,1547231.439,1494514.478,1370088.871
11574297.92,11630718.32,9337623.894,8874527.863,13169056.13,13291834.21,7840412.542,7600250.679,10109075.37,9964857.515,8917969.165,9820494.232,9381737.851,8675814.193
522365863,499271249,335994276.7,305239295.4,566850737.4,525353723.9,277421254.1,235152625,521530314,517618496.1,432328304.3,454995124.8,431772792.3,387620555.3
2486226.732,2393812.858,1516612.155,1587865.93,2909754.69,2892060.418,1449013.795,1484846.813,2482301.912,2410108.075,2202355.629,2456554.085,2420631.883,2088283.178
3901748.573,3734167.277,2932584.343,2677767.708,3963018.457,3852632.889,2613766.532,2579021.91,3202177.701,3069657.741,2878922.834,3126746.375,3012856.871,2814477.84
4899450.566,4779845.342,3768129.346,3675470.211,6295614.73,6194389.872,3583785.167,3247430.264,5713661.201,5341489.225,5025443.242,5295951.381,5101418.269,4579304.03
3180362.05,3132638.499,2350349.763,2416666.275,3504836.324,3579464.831,2108143.936,2074306.658,3261313.879,3166053.709,3083773.763,3249059.961,3174012.162,3183751.203
1403993.207,1430673.251,952113.7497,880607.949,1610144.363,1546799.429,846976.7408,755697.4243,1224979.856,1152033.594,1001391.25,1008587.332,1030286.241,945049.1292
474738.0629,495455.573,340618.4178,371367.8572,495691.4438,504380.1765,304713.0569,303024.4299,441179.2009,454460.7193,277878.6523,369033.7874,371776.6563,370786.4936
187189067.6,179471116.3,155003405.2,143453535.6,213028226.9,208805818.8,138733438.7,133818899.7,200018451.9,195267459.4,184093528.8,190815384.8,205678969.1,198754925.1
32998588.67,32252224.18,24803135.81,24269049.78,37145068.83,35893719.96,23056414.47,22368512.39,28632745.03,26844870.47,25718681.94,27951647.37,25755926.41,25337321.3
5195604.83,4807821.648,3443209.088,3397721.473,6036319.279,5983885.331,3366933.152,2993249.894,5770114.67,5477831.163,3891706.674,4106195.796,5618479.219,5195396.761
2234669.494,2144162.326,1534620.628,1540895.355,2412379.712,2341511.379,1478159.75,1373107.319,1832370.511,1752815.635,1626170.726,1772544.942,1689381.678,1679057.57
797695.761,784073.227,624948.5725,694686.3084,993319.0337,861905.4967,575898.8985,568779.4571,701917.4299,755368.5984,592601.3883,620723.2199,743558.202,709333.2085
10046154.28,9147119.941,5837487.869,5362783.87,11142708.76,10287586.07,5362630.428,4753436.133,10654094.62,9653766.411,7697234.283,7252642.361,8657622.874,7526583.212
718503.2149,729553.4527,577900.9291,559932.4292,900183.9773,973043.2143,528213.6583,504347.734,746891.7566,728550.2963,548097.2062,580293.6937,621271.0252,598178.4504
4695627.776,4469748.713,3540149.654,3419187.606,5259604.609,5237664.368,3213802.291,2976031.464,4403554.747,4377595.313,3127878.717,3338014.553,3934647.996,3800109.145
1068759.477,1063177.273,856873.4999,857816.8721,1437119.907,1330385.266,758694.6399,699751.3186,1258884.699,1150869.956,1072041.031,1159846.589,1073636.317,1068389.951
1360081.146,1319067.418,880688.1915,824056.9597,1473569.952,1385499.787,747501.593,659751.423,1306113.381,1257523.239,1087899.346,1091505.455,1239181.713,1200546.074
665948.4019,701939.5917,554942.8529,582954.901,916309.6622,856205.4339,551201.9359,506147.3205,834323.292,802270.1643,670694.6303,695092.5473,796286.1657,732747.8941
2187094.753,2197209.253,1542010.611,1530869.362,2568958.683,2597067.429,1352828.623,1301805.643,1787472.081,1766644.315,1739699.441,1844438.857,1720048.919,1632189.264
2704008.502,2583361.365,1842323.332,1848486.369,3143218.48,2945463.465,1808276.088,1673976.689,2694409.685,2540610.434,2447052.211,2542388.225,2682846.131,2534786.244
2255127.076,2023171.639,1361495.884,1275853.225,2534593.514,2234045.962,1296996.025,1186938.801,1919488.552,1760305.014,1533942.311,1529158.063,1605312.484,1466876.247
659527.7831,661357.926,453687.4059,479787.8036,739352.1693,670262.1971,455786.4086,412898.8785,580105.3191,588880.6276,479984.3091,483544.8746,527250.4557,551880.9974
3162300.715,3020948.482,2135895.589,2070052.586,4002380.469,3822608.706,1879245.801,1661439.151,3334606.044,3187322.078,2495733.823,2587888.154,3226787.192,2910940.263
2627965.323,2404953.686,1804623.33,1674824.679,3225231.439,3003197.257,1507325.651,1416218.93,2567931.126,2395038.92,2169167.371,2191404.451,2688949.747,2326153.735
4644156.729,4292542.802,3678764.99,3417285.74,5010539.18,5009890.516,3240156.535,2952239.14,5105664.772,4754787.844,3911065.434,4133327.601,4829868.983,4218102.798
1983013.67,1880998.957,1430749.908,1296840.868,2398981.445,2310804.109,1193541.538,1097392.848,2148217.825,2001990.174,1657502.7,1682827.944,1893508.651,1645452.067
4724462.715,4506110.099,3291735.851,3138917.038,5922218.262,5307104.051,2855495.533,2624610.199,4094837.193,3784234.554,3546914.267,3628831.268,3956429.46,3778946.632
430254.5145,398792.5066,320285.5481,319391.1883,462567.5409,472691.2523,275552.4226,274257.5767,385206.7086,404813.6729,298451.2822,299911.4977,390188.5634,358792.3368
4211501.894,4043100.349,2782958.112,2700971.864,4937513.779,4367219.592,2438627.22,2224781.694,4140317.621,3901599.886,3213905.681,3379822.095,3753571.588,3827318.466
44251746.16,42020956.53,29821814.59,29040200.21,45996370.16,44797652.08,28705747.3,26664494.73,39365011.03,37856695.14,30799030.74,31650973.42,37223032.45,35357475.47
6802724.466,6278599.56,4284209.663,4291521.278,7437400.888,6828430.521,3708889.195,3587748.981,6826189.757,6162404.566,5038743.598,5118463.568,5916244.246,5404495.634
6017520.372,5836590.726,4375965.048,4136553.888,6939830.422,6933147.481,3810320.644,3593421.648,6209303.007,6021339.179,4597746.007,4947626.965,5952773.256,5296852.419
