Intensity,Intensity 1_Bl,Intensity 2_test,Intensity 30_1,Intensity 30_2,Intensity 30_3,Intensity 35_1,Intensity 35_2,Intensity 35_3,Intensity 40_1,Intensity 40_2,Intensity 40_3,Intensity 45_1,Intensity 45_2,Intensity 45_3,LFQ intensity 1_Bl,LFQ intensity 2_test,LFQ intensity 30_1,LFQ intensity 30_2,LFQ intensity 30_3,LFQ intensity 35_1,LFQ intensity 35_2,LFQ intensity 35_3,LFQ intensity 40_1,LFQ intensity 40_2,LFQ intensity 40_3,LFQ intensity 45_1,LFQ intensity 45_2,LFQ intensity 45_3
984830,0,0,984830,0,0,0,0,0,0,0,0,0,0,0,0,0,14633,0,0,0,0,0,0,0,0,0,0,0
1836100000,0,71810000,7956100,17215000,8135200,34210000,16091000,19372000,38429000,36241000,18255000,695040000,535050000,338300000,0,0,0,0,0,0,0,0,0,0,0,0,0,1234800
0,0,0,0,0,0,0,0,0,0,0,0,0,0,0,0,0,0,0,0,0,0,0,0,0,0,0,0,0
1513200000,0,6909200,0,2056600,0,75929000,33793000,34700000,428820000,302020000,204130000,336280000,53779000,34770000,0,117690,0,0,0,217840,203930,164470,1118600,977730,949290,316380,215580,263240
10245000,0,0,747750,1951000,1307300,0,1870100,1654200,0,1233500,930600,0,0,550320,0,0,0,0,0,0,0,0,0,0,0,0,0,2447.8
4307800,0,0,0,0,0,0,0,0,0,0,0,2541700,1006000,760150,0,0,0,0,0,0,0,0,0,0,0,0,0,3381.1
33862000,55842,0,0,0,0,1298000,0,706390,1974700,1391900,1130900,14827000,7012000,5465200,0,0,0,0,0,0,0,0,0,0,6717.1,28176,23584,23576
75329000,0,304480,2783600,4425700,2625600,22648000,7489000,9933900,10530000,5864700,4815900,2474000,955150,479220,0,0,25962,21329,18146,97848,28242,28983,18531,16097,17098,9668.2,8403.7,0
2618600,0,239190,0,0,0,0,0,0,0,0,0,0,2379400,0,0,0,0,0,0,0,0,0,0,0,0,0,7699.2,0
292030000,0,42155000,8899000,28876000,15234000,47152000,20155000,24868000,45570000,31466000,20745000,2820800,1833600,2259100,0,315240,100120,141710,211110,122520,171750,123370,89174,117840,60386,27769,40666,48417
52775000,0,8165100,2341600,1612900,1242200,8754200,4098800,4627200,9271700,5725600,3534800,1998700,842280,559910,0,125380,0,0,0,18306,20519,18313,20334,17797,13874,0,0,0
0,0,0,0,0,0,0,0,0,0,0,0,0,0,0,0,0,0,0,0,0,0,0,0,0,0,0,0,0
9317700,0,664630,0,2477200,763630,1929900,0,1058300,0,0,0,1505500,559770,358910,0,11687,0,0,0,0,0,0,0,0,0,0,0,0
15735000,0,0,697750,1483400,1055500,6017600,1757500,3857200,0,0,866330,0,0,0,0,0,0,0,0,0,0,0,0,0,4094,0,0,0
43306000,0,2829800,0,0,2767500,4519000,2593300,4555400,1449100,534140,972100,8649800,7965000,6470700,0,0,0,0,0,0,0,0,0,0,0,16448,28485,26954
22841000,0,71758,0,0,0,0,0,0,0,0,0,9752900,6272400,6744200,0,0,0,0,0,0,0,0,0,0,0,0,0,29998
6093300,0,0,0,0,0,0,339060,385980,535910,602980,385550,1528000,1240700,1075200,0,0,0,0,0,0,0,0,0,0,0,0,0,4782.3
172710000,0,21652000,25315000,27126000,10565000,46794000,12547000,15344000,8122300,3227100,2018200,0,0,0,0,389440,277480,161110,97425,132970,62892,76608,30294,0,0,0,0,0
8997200,0,0,0,0,0,0,0,0,1261700,900060,515720,3133200,1533000,1653500,0,0,0,0,0,0,0,0,0,0,0,0,0,7354.9
8761900,0,0,0,0,0,8252700,0,509240,0,0,0,0,0,0,0,0,0,0,0,18938,0,0,0,0,0,0,0,0
28590000,0,0,0,0,0,3957600,1364100,1429000,7035300,2517800,1802300,5941300,2305500,2237100,0,0,0,0,0,0,0,0,0,0,0,0,0,9950.8
2389600,0,2389600,0,0,0,0,0,0,0,0,0,0,0,0,0,42019,0,0,0,0,0,0,0,0,0,0,0,0
125380000,0,10058000,3258300,12216000,9653700,24707000,11957000,12349000,9952200,6838300,4522700,11165000,5946800,2752400,0,0,51774,62325,75313,56666,57622,54294,22367,19850,20463,23715,18155,11449
9354200,0,0,0,0,0,0,0,0,0,190270,0,5382700,2134700,1646500,0,0,0,0,0,0,0,0,0,0,0,0,0,7323.8
24339000,0,0,0,0,0,558340,211850,0,1432100,833740,504680,9727000,6669100,4402000,0,0,0,0,0,0,0,0,0,0,0,0,0,19580
37189000,0,0,0,0,0,741800,0,0,808760,0,0,12877000,12000000,10761000,0,0,0,0,0,0,0,0,0,0,0,38033,36266,38199
5302700,0,4641500,0,0,0,443430,0,0,0,0,217680,0,0,0,0,0,0,0,0,0,0,0,0,0,1028.7,0,0,0
2100600000,384010,28772000,39144000,131130000,64111000,302690000,118510000,154640000,321200000,235840000,193140000,227750000,160060000,123240000,230320,333370,819210,837060,563320,702150,648240,575650,683870,690430,816710,389970,438990,438420
2036600,0,0,0,0,0,0,0,0,1138700,469010,428840,0,0,0,0,0,0,0,0,0,0,0,0,0,2026.6,0,0,0
38315000,0,1457200,1166600,4703100,3475000,8562600,3357700,5019500,3129300,3051600,2124700,1467900,381700,417840,0,0,0,21908,21665,19681,16120,22247,11901,11079,10786,0,0,0
12174000,0,2349600,0,0,0,0,0,0,0,0,0,9824100,0,0,0,41315,0,0,0,0,0,0,0,0,0,0,0,0
59251000,0,293420,4373600,11708000,6039300,13995000,6643200,5928600,3902000,3006000,1842800,0,478080,1041300,0,0,34520,81754,41961,0,32547,0,0,22451,0,0,0,0
14361000,0,0,0,0,0,0,0,0,0,0,0,6489600,4568700,3302300,0,0,0,0,0,0,0,0,0,0,0,13552,13578,15346
5274200,0,148400,0,0,0,593990,0,392290,1962300,1364700,812550,0,0,0,0,0,0,0,0,0,0,0,0,0,3839.8,0,0,0
1306600,0,0,0,0,0,1306600,0,0,0,0,0,0,0,0,0,0,0,0,0,2998.4,0,0,0,0,0,0,0,0
1056200000,9270.8,4920800,7488500,58715000,28104000,90428000,46031000,50683000,68561000,53995000,34359000,298180000,165640000,149110000,0,117410,141640,590690,423430,355070,549490,436450,199390,207220,167830,90945,156060,154170
6736000,0,0,390690,580240,0,1360000,341020,392960,609440,0,178750,1420700,803920,658290,0,0,0,0,0,0,0,0,0,0,0,0,0,2928
32379000,0,0,0,973940,0,2937000,872790,767320,0,0,0,10828000,8392000,7608600,0,0,0,0,0,0,0,0,0,0,0,19680,29815,33199
5298600,0,0,0,0,0,0,0,0,0,0,0,2234600,1864300,1199700,0,0,0,0,0,0,0,0,0,0,0,0,0,5336.3
3118800,0,3118800,0,0,0,0,0,0,0,0,0,0,0,0,0,54840,0,0,0,0,0,0,0,0,0,0,0,0
3407000000,112830,848110,16490000,47097000,28288000,379020000,231190000,222190000,397160000,535890000,315410000,388170000,434460000,410690000,0,14017,265870,400380,264280,585210,1031000,711020,956120,1029000,1117200,1036900,2541500,1923500
14199000,0,0,0,0,0,0,0,0,237890,0,101870,5698000,3022400,5138400,0,0,0,0,0,0,0,0,0,0,0,17179,12020,14854
44372000,0,0,2236900,1470500,741290,4335500,1905200,2568400,4170200,2060600,1689000,10305000,6733900,6155900,0,0,0,0,0,0,0,0,0,0,0,21474,20964,0
175000000,0,7324800,8116400,13905000,7820300,36035000,12437000,14516000,36832000,20534000,13741000,2350700,848330,542740,0,107350,31029,73347,70894,76126,78877,82798,96744,92573,92776,0,0,0
2821200,0,648590,0,0,0,0,0,0,0,0,0,1543900,0,628680,0,0,0,0,0,0,0,0,0,0,0,0,0,2796.4
14358000,0,86196,0,0,471180,0,0,0,0,0,190580,9066800,4543800,0,0,0,0,0,0,0,0,0,0,0,0,0,9783.3,0
8832200,0,0,0,0,0,0,0,0,0,426080,0,3159900,2590100,2656200,0,0,0,0,0,0,0,0,0,0,0,0,0,11815
11681000,6565,6741900,29656,0,193880,752780,991800,1257700,1362600,343940,0,0,0,0,0,0,0,0,0,0,4533.7,5605.6,3448.9,0,0,0,0,0
7071800,0,0,0,0,0,0,0,0,0,0,0,1192700,2761000,3118000,0,0,0,0,0,0,0,0,0,0,0,0,9069,13734
1445000,0,0,0,0,0,0,0,0,413490,419910,611550,0,0,0,0,0,0,0,0,0,0,0,0,0,2890,0,0,0
9914600,0,1565200,246840,0,400420,3143600,0,1161200,832760,1281600,598940,0,328860,355190,0,27523,0,0,0,0,0,0,0,0,0,0,0,0
21362000,17203,735920,321800,677580,683650,10092000,3246100,2693400,0,1345100,1282100,267830,0,0,0,0,0,0,0,19114,14217,14037,0,0,10130,0,0,0
0,0,0,0,0,0,0,0,0,0,0,0,0,0,0,0,0,0,0,0,0,0,0,0,0,0,0,0,0
1464100,0,964720,0,0,0,0,0,0,0,499340,0,0,0,0,0,0,0,0,0,0,0,0,0,1632.8,0,0,0,0
2452800,0,110980,0,0,0,0,0,0,1223800,794630,323380,0,0,0,0,0,0,0,0,0,0,0,0,0,1528.2,0,0,0
318770000,0,89980000,22135000,39332000,25226000,53072000,28539000,32485000,12685000,7828300,5800500,758510,726020,201670,0,1462000,290460,227130,255070,156920,150480,122430,23158,19937,15294,0,0,0
47038000,4964,0,0,0,0,1597300,534800,739190,2592900,1638500,1254500,13949000,16719000,8006700,0,0,0,0,0,0,0,0,12074,0,0,27878,54795,28793
101150000,0,4510400,0,0,0,7154200,2584500,1893100,36780000,24429000,19256000,0,1974200,2564100,0,40171,0,0,0,26818,24144,27194,87449,69739,63138,0,24177,19931
116080000,0,4007300,2783200,5160900,4527300,22857000,10076000,12063000,22991000,17866000,10690000,1365000,582870,1106100,0,99033,39966,32281,41677,42686,39798,45328,43528,45774,43301,0,0,0
431860000,10022,9152900,7492300,26409000,14464000,28722000,12412000,21405000,73276000,53884000,33206000,68442000,36961000,46021000,0,0,72107,173290,145230,88859,82463,118860,157970,172660,157240,110170,108570,147320
7400200,0,0,0,0,0,1480700,523650,305400,2822800,1608300,659370,0,0,0,0,0,0,0,0,0,0,0,0,0,3115.9,0,0,0
503030000,2648.8,947690,897570,2052300,1565900,9687800,2506000,2683100,53073000,40611000,28440000,172280000,93823000,94458000,0,92760,70109,0,0,11871,7892.1,11433,91683,76617,85486,335780,218500,317910
3739300,0,0,738460,1013500,624670,1362700,0,0,0,0,0,0,0,0,0,0,0,0,0,3127,0,0,0,0,0,0,0,0
2034500,0,1791200,0,243260,0,0,0,0,0,0,0,0,0,0,0,31496,0,0,0,0,0,0,0,0,0,0,0,0
1812000,0,0,0,0,0,0,0,0,0,0,317880,1494100,0,0,0,0,0,0,0,0,0,0,0,0,0,2993.8,0,0
61952000,0,2873700,0,0,4734700,5736100,6283700,7991700,14015000,12382000,7935300,0,0,0,0,76273,0,0,0,0,28725,31271,29240,27079,34313,0,0,0
61844000,0,0,0,0,0,0,0,0,828690,307980,0,26710000,19590000,14407000,0,0,0,0,0,0,0,0,0,0,0,50147,62368,68480
74329000,0,6150800,432190,4882100,3034500,8080600,8745100,8869400,3923300,6332600,4003300,12949000,4615100,2311300,0,108730,0,23857,23212,0,45431,36994,0,21026,18746,26214,14962,10217
29357000,0,4661800,357520,1521500,1004400,3022500,1834500,1846200,2128000,1464700,948090,6408000,3922100,238340,0,84913,0,0,0,0,0,0,0,0,0,0,5699.3,0
21383000,0,589850,0,0,0,0,0,0,2441300,1062300,486680,11996000,1260100,3546200,0,0,0,0,0,0,0,0,0,0,0,24038,0,0
2037500000,0,9436100,10849000,50758000,38145000,212270000,98568000,149230000,257670000,168470000,161020000,424490000,260510000,196130000,0,163480,195690,308500,350870,480490,537730,577850,488080,530920,547240,1019600,649070,816760
765290000,0,151360000,9311000,44260000,27635000,105130000,48512000,69964000,66725000,60313000,50561000,63203000,36424000,31896000,0,1284500,213950,331640,409520,325410,462040,475040,244770,324420,345330,201480,201540,175200
180310000,14653,1863800,1685000,2896500,1375100,19138000,5817000,7858300,9277500,5302100,5020700,51332000,35838000,32895000,9284.2,17884,68953,8765.4,25224,44312,22794,52653,25709,12827,12860,67252,110440,153150
4525800,0,830680,0,436790,0,1562200,332890,729910,0,464250,169010,0,0,0,0,0,0,0,0,0,0,0,0,0,798.69,0,0,0
2606800,0,0,0,0,0,0,0,0,0,0,0,1828500,778300,0,0,0,0,0,0,0,0,0,0,0,0,0,2518.4,0
34217000,0,0,0,867760,0,938050,429610,770920,5120400,2628300,1312000,9961100,6769400,5420000,0,0,0,0,0,0,0,0,11193,16632,9057.6,18752,17234,19497
2578300,0,0,0,506890,516330,336350,0,291050,363730,308690,255250,0,0,0,0,0,0,0,0,0,0,0,0,0,1206.2,0,0,0
221460000,0,0,0,0,0,879940,214930,0,1675600,0,502680,102740000,60338000,55110000,0,0,0,0,0,0,0,0,27478,0,0,261490,124420,236650
19476000,0,868050,616250,1605000,919600,2806800,1254100,1317200,2177100,1846900,759740,3750300,916530,638210,0,0,0,9821.2,0,0,0,0,0,0,0,5663.3,0,0
16328000,0,1314500,0,668830,0,0,2283200,1629200,3846100,3382700,1934000,728240,541040,0,0,23115,0,0,0,0,0,0,0,0,0,0,0,0
12631000,0,0,416110,1033600,0,1420600,547780,467630,933400,499610,0,3727900,2320600,1263600,0,0,0,0,0,4616.9,0,0,3989.8,0,0,7195.5,5097.3,5074
627600,0,0,0,0,0,0,0,0,0,0,627600,0,0,0,0,0,0,0,0,0,0,0,0,0,2965.8,0,0,0
8046000,0,0,0,0,0,0,0,0,0,0,0,0,0,8046000,0,0,0,0,0,0,0,0,0,0,0,0,0,35789
5875100,0,0,0,0,0,0,0,0,0,0,0,3514000,1085900,1275200,0,0,0,0,0,0,0,0,0,0,0,0,0,5672.1
155630000,0,357950,516460,1177500,474480,24537000,8118600,9840500,40745000,25843000,18149000,15274000,3943100,6648100,0,0,17126,14990,7470.5,14064,14106,14165,80339,88286,112180,45731,11982,54730
3970500,0,0,141690,0,0,754760,212640,0,0,0,0,1737000,0,1124400,0,0,0,0,0,0,0,0,0,0,0,0,0,5001.2
69089000,0,213620,4119900,9996100,2176200,21770000,6728500,10401000,6146500,5066400,1873500,597530,0,0,0,0,75559,56605,24095,39394,30902,34172,14814,12191,8234.7,0,0,0
374020,0,374020,0,0,0,0,0,0,0,0,0,0,0,0,0,6576.7,0,0,0,0,0,0,0,0,0,0,0,0
397500,0,397500,0,0,0,0,0,0,0,0,0,0,0,0,0,6989.5,0,0,0,0,0,0,0,0,0,0,0,0
454660000,0,189820,519570,1121100,507720,4684400,1627400,2422000,59923000,33334000,26747000,142350000,90741000,90495000,0,0,5977.4,4669.1,3250.7,5920.9,4298.8,5422.5,73303,73192,92127,197470,342660,476690
9364300,0,0,0,0,0,0,0,0,0,0,0,4822600,1879400,2662200,0,0,0,0,0,0,0,0,0,0,0,9663.5,0,0
9591800,0,0,0,0,0,0,0,0,0,0,0,3754800,2705900,3131100,0,0,0,0,0,0,0,0,0,0,0,7273.9,10134,12799
33547000,0,1879700,868570,3730900,2065000,6747400,1906100,5923200,4127600,3700400,2597900,0,0,0,0,0,0,0,0,0,0,0,9349.7,0,0,0,0,0
16222000,0,0,0,0,0,0,0,0,6457000,5218300,4547200,0,0,0,0,0,0,0,0,0,0,0,0,0,21488,0,0,0
92868000,0,0,0,0,0,13678000,3569400,4524600,10433000,4863100,4727900,25126000,16246000,9701000,0,0,0,0,0,28229,18108,18745,24908,26019,23019,47447,49572,41070
102500000,0,3569100,4718200,8500800,3836800,20574000,7642900,9605400,15832000,11247000,7907700,4646600,2484400,1933900,0,20218,52170,38721,29683,59089,51457,54348,47339,47394,39006,10547,0,10010
150320000,0,13245000,0,0,0,25255000,11195000,13736000,35144000,23738000,18746000,6508800,2750200,0,0,274000,0,0,0,47042,52584,47856,70004,91114,67208,0,12322,0
414820,0,414820,0,0,0,0,0,0,0,0,0,0,0,0,0,7294.1,0,0,0,0,0,0,0,0,0,0,0,0
2503400,0,543870,0,0,0,0,0,0,1257900,701660,0,0,0,0,0,0,0,0,0,0,0,0,0,2294.4,0,0,0,0
4365900,0,0,0,0,0,0,0,35021,0,2006300,2324600,0,0,0,0,0,0,0,0,0,0,0,0,0,10985,0,0,0
203430000,0,0,4549900,15585000,8405900,46767000,10317000,33374000,23903000,24655000,18605000,9627000,5536100,2102200,0,0,55110,81866,43966,86592,57946,110010,62728,52864,63615,0,31832,0
6028600,0,71984,0,0,0,1459600,0,0,2307300,1339000,850780,0,0,0,0,0,0,0,0,0,0,0,0,0,4020.5,0,0,0
2474500,0,0,0,0,0,0,0,0,0,0,0,1095200,661220,718030,0,0,0,0,0,0,0,0,0,0,0,0,0,3193.8
8413500,0,0,0,0,172770,0,0,0,561730,810160,489460,3321500,1762100,1295700,0,0,0,0,0,0,0,0,0,0,2744.2,6224.3,0,0
105600000,0,22963000,0,0,22600,20530000,14669000,11801000,15470000,9842000,8308400,1240300,404970,352010,0,428900,0,0,0,37420,71303,52074,34392,23665,35848,0,0,0
9474200,0,0,0,0,0,0,0,0,0,0,0,4913300,2191400,2369600,0,0,0,0,0,0,0,0,0,0,0,0,0,10540
8176400,0,0,0,0,206510,523730,0,367460,835160,592430,409560,1773600,2387700,1080200,0,0,0,0,0,0,0,0,0,0,0,0,0,4804.8
94250000,0,482550,5355100,15521000,10448000,19083000,6934200,8428100,12591000,6978600,2559700,3052600,1471500,1344600,0,0,63152,55425,42738,25291,29789,33033,32896,31323,27939,0,0,0
6986900,0,0,0,0,0,3456700,1356700,2173500,0,0,0,0,0,0,0,0,0,0,0,0,0,9301.6,0,0,0,0,0,0
14352000,0,0,80533,0,0,5011700,1945600,1417400,2549000,1901600,1446800,0,0,0,0,0,0,0,0,0,10042,0,0,0,0,0,0,0
1661200,0,0,0,0,0,0,0,0,0,0,0,1022400,638840,0,0,0,0,0,0,0,0,0,0,0,0,0,2067.2,0
23423000,0,8149700,115720,0,116310,3343600,2575700,2689700,1932500,1472500,1028300,0,705040,1293700,0,139300,0,0,0,7855.2,13049,12253,4813.3,5841.4,6718.9,0,0,0
640450000,0,7449000,16713000,42463000,21534000,219260000,83720000,106660000,61893000,32538000,24099000,12206000,8727400,3186800,0,129090,264100,199060,157850,512240,391170,494410,115430,85613,96031,28781,22669,18765
281010000,0,32089000,3333800,19337000,15178000,80734000,27705000,43448000,26224000,14973000,10409000,2076600,3375800,2126800,0,509540,78846,86722,201070,157120,142720,157720,45330,43112,36079,5979,10304,10563
46367000,0,0,0,0,0,3173600,446460,1359600,2958500,0,519970,14250000,13188000,10471000,0,0,0,0,0,22900,0,0,10045,0,0,35912,32928,29999
11718000,0,0,458640,1586200,1185500,3282700,1255600,1560300,1390500,999060,0,0,0,0,0,0,0,0,0,0,0,0,0,3266.9,0,0,0,0
59783000,0,152320,246360,4278900,3115000,4895300,2280500,1932400,11754000,9678900,7556600,6741800,3204100,3946700,0,0,0,21330,22331,9532.9,13870,5280.3,27679,33431,34760,21543,0,11535
47358000,0,0,0,397960,0,1677200,960440,839370,4822700,2583600,2505800,18632000,6736600,8202900,0,0,0,0,0,0,0,0,27168,31389,0,18090,16833,21511
6153000,0,0,0,0,0,0,0,0,1896800,392840,912770,2075500,820950,54138,0,0,0,0,0,0,0,0,0,0,0,4158.8,0,0
14272000,0,0,727110,3441100,1994000,2738200,1114400,1745400,1092400,868120,550840,0,0,0,0,0,0,0,0,0,0,0,0,0,2603.1,0,0,0
6061400,0,0,0,0,0,0,0,0,1977000,2084900,0,1999500,0,0,0,0,0,0,0,0,0,0,0,0,0,4006.5,0,0
11159000,0,0,0,0,0,1670600,576010,1174400,0,1303500,716530,2351800,1721200,1644700,0,0,0,0,0,0,0,0,0,0,0,0,0,7315.7
0,0,0,0,0,0,0,0,0,0,0,0,0,0,0,0,0,0,0,0,0,0,0,0,0,0,0,0,0
9735100,0,8029300,0,0,0,0,0,0,0,0,0,939060,766790,0,0,141190,0,0,0,0,0,0,0,0,0,0,0,0
0,0,0,0,0,0,0,0,0,0,0,0,0,0,0,0,0,0,0,0,0,0,0,0,0,0,0,0,0
120440000,0,0,7244400,7430100,4211400,25240000,3065600,8351700,21478000,7744600,7265000,13431000,9132300,5848400,0,0,91881,31584,26920,46744,38831,25064,28701,32486,20639,48056,43554,42414
44041000,0,7284000,57030,482680,524190,9030900,3377200,5270700,9763600,4069100,4182000,0,0,0,0,0,0,0,0,21417,15601,21779,16199,0,27595,0,0,0
18212000,0,231530,1590600,4198100,2454600,5458300,1617800,2292300,0,0,368550,0,0,0,0,4071.2,0,0,0,0,0,0,0,0,0,0,0,0
363390000,54689,0,473660,674190,0,17067000,5020200,8271100,16111000,9029900,7084800,109230000,100810000,89558000,0,0,0,0,0,0,15277,26381,26647,43906,43882,226630,322140,399390
12163000,0,0,342110,1063300,0,2891700,1683400,2098000,956740,586950,967110,976930,597190,0,0,0,0,0,0,0,0,0,0,0,4570.2,0,0,0
8483200,0,0,0,0,0,0,0,0,0,0,0,4800400,2382400,1300300,0,0,0,0,0,0,0,0,0,0,0,10126,6941.4,6044.4
748260000,14652,482720,282360,770160,1081100,27988000,4230900,8032600,30280000,24077000,16034000,257300000,192010000,185680000,13866,0,0,0,35016,30024,17408,16513,43311,37482,41129,514450,613750,744170
782270000,0,25638000,22921000,50995000,21524000,163840000,71154000,94873000,103400000,71090000,47506000,52292000,31351000,25680000,0,231090,295200,275810,236620,373640,377250,441080,223370,250750,243090,107000,85542,60880
8438000,0,0,0,0,0,0,0,0,0,0,0,3515500,2227300,2695200,0,0,0,0,0,0,0,0,0,0,0,0,0,11988
0,0,0,0,0,0,0,0,0,0,0,0,0,0,0,0,0,0,0,0,0,0,0,0,0,0,0,0,0
429320000,3789.8,590000,9276200,20927000,15525000,76906000,27530000,31406000,46091000,31869000,23180000,66984000,45675000,33358000,0,15617,115370,183660,176550,148520,179540,130520,103740,78876,106990,121480,122070,88961
10848000,0,0,0,0,0,0,0,0,406450,0,0,4131500,3541600,2768600,0,0,0,0,0,0,0,0,0,0,0,8819.2,10919,0
8777800,0,0,0,0,0,0,0,0,0,0,0,5843100,2063700,871070,0,0,0,0,0,0,0,0,0,0,0,0,0,3874.5
90273000,0,2610800,3928000,15082000,10783000,19987000,10396000,1611700,8584500,5298700,6131700,4598000,777240,483700,0,0,47617,123500,53116,39177,42378,0,22909,24509,27448,0,0,0
78457000,0,3588000,2870700,5353700,3116100,15256000,4107100,5650900,14969000,4162100,4405800,7050700,3897300,4029400,0,39849,0,33808,23962,27998,20168,23430,30350,22347,24520,12450,26129,21789
16987000,0,2156800,830860,1715500,1004900,3585200,1720500,1146000,1889000,2273300,665220,0,0,0,0,43800,0,0,0,6514.1,6447.5,0,0,5704.5,0,0,0,0
4951600,0,0,0,206740,0,652000,0,0,2269700,1147400,675870,0,0,0,0,0,0,0,0,0,0,0,0,0,3193.9,0,0,0
7374000,0,0,0,0,0,0,0,0,0,0,0,3705600,2130000,1538500,0,0,0,0,0,0,0,0,0,0,0,0,0,6843.1
3421100,0,0,0,0,0,0,0,0,0,0,0,1755700,811010,854340,0,0,0,0,0,0,0,0,0,0,0,0,0,3800.1
34677000,0,0,0,0,0,0,0,0,0,0,0,13246000,11926000,9505000,0,0,0,0,0,0,0,0,0,0,0,30132,33811,43467
45276000,0,139170,0,0,0,884860,404820,701340,15886000,3030400,2123500,10374000,6949100,4782200,0,0,0,0,0,0,0,0,32263,0,0,20714,23303,24250
21872000,0,0,545530,0,0,5374800,1398200,2510200,3121500,4863300,3462500,595910,0,0,0,0,0,0,0,0,0,11744,0,0,15361,0,0,0
309460000,6890.8,1733200,1369600,2993900,2793600,29835000,12628000,17531000,23254000,18454000,10643000,84738000,62205000,41274000,0,29312,28802,14937,48299,67552,56921,68513,50926,54976,56937,179130,172200,168570
89013000,110730,0,257190,3581900,518560,1388500,617570,640320,0,259870,0,37302000,19915000,24422000,0,0,0,37084,16898,0,0,0,0,0,0,57796,74602,83170
0,0,0,0,0,0,0,0,0,0,0,0,0,0,0,0,0,0,0,0,0,0,0,0,0,0,0,0,0
631950,0,631950,0,0,0,0,0,0,0,0,0,0,0,0,0,11112,0,0,0,0,0,0,0,0,0,0,0,0
142710000,0,1175000,5160700,23353000,13120000,23655000,10893000,13287000,13574000,7845900,5687800,15120000,5797300,4045700,0,13573,75238,113610,98039,41660,44352,42751,20433,21969,22848,43277,30906,62269
0,0,0,0,0,0,0,0,0,0,0,0,0,0,0,0,0,0,0,0,0,0,0,0,0,0,0,0,0
2343000,0,679790,0,0,0,0,720300,587000,0,0,355920,0,0,0,0,0,0,0,0,0,3717.8,0,0,0,0,0,0,0
9671900,0,0,928230,1532000,0,3168800,0,1594700,0,0,497680,1459400,264490,226480,0,0,0,0,0,0,0,0,0,0,0,0,0,1007.4
8827000,0,2639700,0,0,0,0,0,485770,2509900,1114300,754600,1154900,123630,44356,0,46415,0,0,0,0,0,0,0,0,0,0,0,0
6171600000,1524200,22329000,21682000,115530000,93874000,485450000,201940000,277340000,931070000,636960000,419160000,1410200000,900980000,653570000,475210,764010,591180,1381800,575880,1438300,1226800,1421200,2695900,2384400,2284800,2307200,1615600,1725100
163170000,0,766140,1423600,6371900,3239300,18054000,6276900,4643300,13984000,9845500,7242800,43669000,28110000,19549000,0,23475,0,0,0,9959.3,49051,0,24486,26071,9819.5,103070,119180,85697
69115000,0,345530,0,0,0,1193000,335460,498370,1947700,1142600,867470,31452000,13916000,17417000,0,0,0,0,0,0,0,0,0,0,0,60674,57716,67132
51396000,0,3042400,0,0,0,0,0,0,2230300,1140100,993160,14946000,15055000,13990000,0,0,0,0,0,0,0,0,0,0,0,0,0,62226
3087800,172760,0,0,0,0,0,0,0,0,0,0,2051700,0,863350,0,0,0,0,0,0,0,0,0,0,0,0,0,3840.2
197820000,0,0,117920,760540,406910,31200000,13615000,20591000,44397000,25060000,18230000,24736000,8955100,9754000,0,0,0,0,0,104440,82504,113760,94705,102830,77294,23044,12493,9521.7
3858600,0,0,263950,0,731840,2249300,0,0,0,366930,246570,0,0,0,0,0,0,0,0,0,0,0,0,0,1165.2,0,0,0
14846000,0,0,0,0,0,878260,415460,667280,3787200,2571900,2026100,1481900,1629700,1388500,0,0,0,0,0,0,0,0,0,0,0,0,0,6175.9
20180000,0,107150,0,0,637170,7072500,2707700,3726100,3028200,1726000,1174900,0,0,0,0,0,0,0,0,0,0,0,0,0,5552,0,0,0
26584000,0,215100,0,0,0,4157900,1400400,2569200,2747900,0,1222300,8060300,3597500,2612900,0,0,0,0,0,0,0,0,0,0,0,0,0,11622
53033000,0,0,0,601420,299040,4113700,1577200,2844500,8003500,6509300,4376200,9173900,7660400,7873900,0,0,0,0,0,13194,14256,16543,25942,28774,21585,15941,16962,14845
103510000,0,81579000,0,0,0,1894400,1793800,1327400,5428200,2422100,1883900,3777400,2388200,1014900,0,1274800,0,0,0,0,0,0,0,0,0,0,0,0
56855000,0,0,415330,535340,340550,2032500,639300,0,2937400,2313100,934030,22083000,14938000,9687600,0,0,0,0,0,0,0,0,14550,16742,14321,55506,27191,25995
10245000,0,199330,0,2513300,1475300,2984200,1169400,1320400,0,582960,0,0,0,0,0,0,0,0,0,0,0,0,0,1906.3,0,0,0,0
25639000,0,2647700,0,0,598650,9723600,2797800,2721400,2568400,1864500,990280,1109000,617610,0,0,0,0,0,0,0,0,11646,0,0,0,0,0,0
78879000,0,54472,247240,1952700,664680,16206000,7642800,12209000,15062000,9942300,7626200,4486500,2503700,282420,0,0,0,27663,12087,31935,31537,41002,38677,27718,23955,14646,14180,0
112980000,0,108670,2000500,3983300,3033100,6741500,2599500,4553600,8824800,5657100,3230700,38314000,18170000,15761000,0,0,0,0,0,0,0,0,16277,18110,18190,64775,67767,74309
28637000,0,0,513530,1025000,723080,10439000,4904600,4996700,2421300,2089200,0,1124900,0,399560,0,0,0,0,0,0,0,0,0,0,0,0,0,1777.2
13858000,0,113970,0,0,0,0,0,0,0,0,0,7907800,4151900,1684100,0,0,0,0,0,0,0,0,0,0,0,15896,13384,0
454360,0,0,454360,0,0,0,0,0,0,0,0,0,0,0,0,0,6751,0,0,0,0,0,0,0,0,0,0,0
830080,0,0,0,0,0,0,0,0,0,0,0,0,0,830080,0,0,0,0,0,0,0,0,0,0,0,0,0,3692.2
12322000,0,0,0,1176500,242470,2026900,387630,0,1481300,0,486920,3815500,1842100,862680,0,0,0,0,0,0,0,0,0,0,0,0,0,3837.2
901090,0,0,0,0,0,0,0,0,0,0,0,0,0,901090,0,0,0,0,0,0,0,0,0,0,0,0,0,4008
31308000,0,0,0,706980,0,5691300,2281700,2901700,7225700,3124100,3121000,4620200,0,1635000,0,0,0,0,0,0,0,0,0,0,0,0,0,7272.7
469080000,0,2663000,9828000,23834000,7078300,96685000,39507000,49012000,111930000,68009000,52516000,3156300,2836500,2022800,0,30459,117490,82615,23788,279120,175850,165690,305860,247860,298830,7389.5,6186.4,8107.9
10299000,0,0,0,0,0,0,0,0,0,0,0,4434300,842750,5022100,0,0,0,0,0,0,0,0,0,0,0,0,0,22338
1366400,0,0,0,0,0,0,0,0,0,0,0,746600,0,619830,0,0,0,0,0,0,0,0,0,0,0,0,0,2757
2076400,0,0,0,0,0,0,0,0,0,0,0,709500,603150,763760,0,0,0,0,0,0,0,0,0,0,0,0,0,3397.2
2910700000,18438,54701000,38637000,98452000,58954000,405960000,174310000,195560000,585130000,336290000,210710000,351780000,232790000,167410000,18543,612590,641070,648100,614470,1058000,1059900,927200,1271400,1111800,1129900,536490,551840,479860
25500000,0,0,0,0,0,0,0,0,0,11123000,0,4033600,4163900,6179500,0,0,0,0,0,0,0,0,0,0,0,13058,19427,16557
16985000,7178.3,0,0,0,0,0,0,0,728200,0,0,2065500,6357200,7826900,0,0,0,0,0,0,0,0,0,0,0,0,19886,35498
100480000,0,27296000,0,0,548230,3371600,3310600,1310500,8065800,7126400,5469500,27978000,9208900,6791800,0,571450,0,0,0,6495,7695,0,16046,0,0,12273,11978,13205
823780,0,823780,0,0,0,0,0,0,0,0,0,0,0,0,0,14485,0,0,0,0,0,0,0,0,0,0,0,0
101060000,0,234280,0,0,0,0,0,0,0,0,0,39977000,25989000,34864000,0,4119.5,0,0,0,0,0,0,0,0,0,0,0,0
0,0,0,0,0,0,0,0,0,0,0,0,0,0,0,0,0,0,0,0,0,0,0,0,0,0,0,0,0
93323000,0,0,0,0,0,0,0,0,0,0,664280,36064000,24949000,31645000,0,0,0,0,0,0,0,0,0,0,0,77076,97150,119520
143740000,0,406000,0,0,0,18027000,5286900,10973000,21882000,15449000,9120000,31409000,21550000,9638600,0,15771,0,0,0,54569,32588,59692,42799,43198,35003,49160,39287,69214
380550000,0,2553700,8006600,33412000,20111000,79573000,34764000,48964000,57736000,37054000,24157000,18190000,7952800,8075100,0,87473,115420,231820,310000,139620,146340,158620,93871,85278,79788,14878,43799,9225.1
40885000,0,99894,0,0,0,2061300,736240,935930,5168100,2611300,1868300,12284000,8622600,6497600,0,0,0,0,0,0,0,0,0,0,0,0,0,23831
19158000,0,0,362810,0,342910,7206700,2039500,2006500,2984200,1867200,581250,989660,402690,374920,0,0,5963,0,0,19198,9285.8,6727.7,7184.5,5549.2,0,0,0,0
71891000,0,1893100,589720,2703400,1708900,4202100,2365400,3505600,8478700,7066800,4593300,15185000,10326000,9273400,0,0,0,0,0,22606,19617,16314,17143,18721,22382,26433,33212,29534
6093600,0,0,0,0,0,0,0,0,0,0,0,3315900,1242300,1535500,0,0,0,0,0,0,0,0,0,0,0,0,0,6829.7
20524000,0,12338000,0,90406,0,173380,682050,323830,2011100,2798500,1548200,96577,408200,53920,0,184540,0,0,0,0,5406.1,3350.2,5968,11516,12787,0,0,0
60287000,0,71065,691610,1402400,470710,5234800,2574800,3559600,9185200,5974500,2170500,13908000,7833600,7209600,0,0,0,0,0,18689,0,0,15332,14357,14236,0,0,0
269360000,27554,30845000,1957000,17671000,10321000,54150000,23866000,28060000,46543000,29141000,14930000,7021700,2905500,1925600,0,527550,28597,108970,104000,141050,120290,115920,97718,70630,60487,5986.6,12724,0
22139000,0,718730,818490,5871400,2333100,3478000,2011000,0,3322100,0,1168700,1799600,0,618110,0,0,0,0,0,0,0,0,0,0,0,0,0,2749.4
9323100,0,0,110860,450170,163680,3111700,1001400,1183700,1662800,1060700,578000,0,0,0,0,0,0,0,0,0,0,0,0,0,2731.4,0,0,0
284600000,9132.2,1840900,12927000,27207000,13048000,48517000,19944000,24671000,45463000,30322000,16370000,22903000,11589000,9784100,0,59625,202730,116760,69400,106820,96359,88322,74482,85660,67110,60542,76182,81180
150490000,0,5069100,1511200,4468000,1738600,5736000,3255300,3341600,16457000,10640000,7943300,48866000,25717000,15748000,0,88573,25165,19812,0,24708,20545,0,31754,35662,21553,84753,105090,66911
11793000,0,342620,0,0,0,1712500,608330,1197700,1950500,854280,550630,2641000,1375900,559320,0,0,0,0,0,0,0,0,0,0,0,0,0,2487.8
4059200,0,0,0,0,0,0,0,0,644560,483800,0,1718800,860210,351820,0,0,0,0,0,0,0,0,0,0,0,0,0,1564.9
80685000,0,0,0,0,0,0,0,0,417800,0,0,45876000,22034000,12357000,0,0,0,0,0,0,0,0,0,0,0,86460,76954,54771
168980,0,0,0,168980,0,0,0,0,0,0,0,0,0,0,0,0,0,839.11,0,0,0,0,0,0,0,0,0,0
5444000,0,0,864710,1018500,338350,2482600,739830,0,0,0,0,0,0,0,0,0,0,0,0,0,3818.6,0,0,0,0,0,0,0
22985000,0,0,1103400,0,3989300,2915200,4536900,6002300,1872800,1252700,1312700,0,0,0,0,0,0,0,0,0,0,25687,0,0,0,0,0,0
185080000,0,0,356290,2822000,2303100,4055100,598470,1459400,12311000,12788000,7676200,63687000,39736000,37286000,0,0,0,25689,16119,15301,0,14462,21344,46979,37804,102880,148810,131670
12866000,0,0,0,0,0,2522500,934390,0,4146300,3219100,2043600,0,0,0,0,0,0,0,0,0,0,0,10773,9922.9,8879.7,0,0,0
3287300,0,1367800,0,0,0,0,0,225020,340460,0,0,0,753840,600120,0,24051,0,0,0,0,0,0,0,0,0,0,0,0
50684000,0,0,0,0,0,0,0,0,887640,474110,325110,17404000,17411000,14183000,0,0,0,0,0,0,0,0,0,0,0,0,0,63084
60265000,0,55117000,0,0,0,0,0,0,2292600,279760,1260600,0,0,1315100,0,968810,0,0,0,0,0,0,0,0,6317.8,0,0,0
90445000,0,24801000,0,1926400,1119600,1185400,820610,1437500,7461800,5337600,2397400,10454000,18084000,15420000,0,0,0,0,0,0,0,0,33593,36020,0,28463,46672,37659
45747000,4393.9,0,0,0,0,0,0,0,0,0,0,24681000,9791400,11271000,0,0,0,0,0,0,0,0,0,0,0,41268,46968,43035
39847000,0,0,4360000,7174700,6277000,10223000,2160000,7153700,610540,883870,1004300,0,0,0,0,0,79480,50081,35951,13646,10419,13161,0,5821.8,6624.5,0,0,0
64229000,5779.1,0,0,5912400,1394600,4789100,1676400,4198400,5338200,2180100,2399400,17014000,11534000,7786700,0,0,0,0,0,23717,6098,0,13366,0,12530,39659,32390,21361
34804000,0,0,1651200,6550800,4601000,9238100,3831100,5344300,0,1425500,1428500,0,355360,377990,0,0,0,0,0,0,0,0,0,0,0,0,0,1681.3
3661200,0,0,0,332080,0,659540,382210,512590,1033100,741690,0,0,0,0,0,0,0,0,0,0,0,0,0,2425.3,0,0,0,0
3853300,0,2944300,0,0,0,0,0,0,0,0,72847,0,836110,0,0,51772,0,0,0,0,0,0,0,0,0,0,0,0
5556100,0,117180,0,0,0,3134700,1097200,1207000,0,0,0,0,0,0,0,0,0,0,0,0,0,5165.4,0,0,0,0,0,0
381440000,0,10366000,0,0,320050,36873000,16086000,12821000,105260000,97361000,81974000,11424000,3729500,5219800,0,75473,0,0,0,69283,98545,44318,280020,356070,407690,24935,0,22859
50513000,5232.2,137700,0,891680,278650,1986200,592920,0,922770,0,190470,19710000,13625000,12172000,0,0,0,0,0,0,0,0,0,0,0,37645,43992,56087
49481000,0,215100,0,0,442830,0,0,0,0,0,0,17029000,13919000,17874000,0,0,0,0,0,0,0,0,0,0,0,35694,45750,77223
35603000,0,5126300,0,1450800,537130,5240900,1743700,2377500,9829700,2813300,2237800,4245800,0,0,0,0,0,0,0,0,0,0,0,0,0,8507.7,0,0
212760000,0,7354800,5846100,15817000,10132000,31685000,12737000,14671000,27802000,26508000,17779000,20619000,10091000,11722000,0,143180,117210,96859,89509,74322,58213,50061,65804,64874,65319,25670,30869,36860
646270000,0,9721700,15582000,42354000,26153000,142280000,61697000,71782000,76859000,50681000,35635000,56308000,35561000,21658000,0,61172,158490,190940,156120,330740,289210,356340,252880,193890,209160,149630,149050,93233
62577000,0,0,0,0,0,1317500,443320,977600,1362600,1727100,672180,26142000,18932000,11001000,0,0,0,0,0,0,0,0,0,5647.6,0,0,0,0
1121900,0,0,0,0,0,0,0,0,0,1121900,0,0,0,0,0,0,0,0,0,0,0,0,0,3668.6,0,0,0,0
522190000,0,151070000,35790000,120560000,75496000,45828000,20296000,31460000,15521000,11351000,6929200,4635400,1818400,1437900,0,0,0,0,0,0,0,0,0,0,0,0,0,6395.9
184490000,0,1290700,28143,2358200,1178200,10263000,4373300,6019400,22616000,14153000,8609400,54304000,32273000,27021000,0,60995,0,0,0,30903,126180,27603,13403,57807,24192,20240,19111,34280
15613000,0,0,0,0,0,0,0,0,0,0,0,6740500,4209800,4663200,0,0,0,0,0,0,0,0,0,0,0,13666,13775,20429
9982900,0,0,230090,2265600,995250,1842600,1299600,1539900,981670,416310,411880,0,0,0,0,0,0,0,0,0,6708,0,0,0,0,0,0,0
904650000,0,2107500,8245000,26544000,16693000,155920000,67183000,88073000,184300000,136320000,90573000,66036000,25607000,37053000,0,61726,170200,174940,140310,325970,285240,314750,370950,369650,337180,198180,286520,135620
7752800,0,1863000,0,0,0,3561300,729730,0,1464000,134860,0,0,0,0,0,32758,0,0,0,0,0,0,0,0,0,0,0,0
3759500,0,0,0,0,0,0,0,0,0,0,0,0,1789300,1970200,0,0,0,0,0,0,0,0,0,0,0,0,0,8763.3
13544000,0,0,0,1355900,0,4610600,3117900,3045300,0,0,1414100,0,0,0,0,0,0,0,0,0,0,0,0,0,6682.7,0,0,0
721020,0,78738,273220,369070,0,0,0,0,0,0,0,0,0,0,0,0,0,1832.6,0,0,0,0,0,0,0,0,0,0
2658800,0,0,0,0,0,0,0,0,0,0,0,891240,882390,885160,0,0,0,0,0,0,0,0,0,0,0,0,0,3937.2
50523000,0,0,0,0,116270,275390,0,0,628670,298160,427870,20634000,15805000,12337000,0,0,0,0,0,0,0,0,0,0,0,46084,43443,57836
186650000,165940,181390,1085500,1945000,1853300,13400000,5435300,8710100,24375000,12364000,9083000,49425000,34510000,24116000,0,0,0,14345,23923,23936,23372,23758,54393,41241,42206,107430,106560,110070
153760000,0,1377700,0,0,0,10212000,2471000,3732000,20827000,13545000,9504400,37878000,29782000,24429000,0,37683,0,0,0,12177,7141.2,9498.9,35123,31125,34674,84799,125330,116150
292170000,0,6044700,2294700,10081000,4919400,50681000,29877000,30031000,32668000,26104000,17215000,28971000,32276000,21007000,0,218080,27251,72591,44328,140930,167350,101830,53113,108090,76247,21856,48231,43678
125090000,0,2647100,1233500,3405600,637910,9997600,3078500,4694600,7182300,6913000,3537000,36209000,27110000,18441000,0,58047,34328,23082,29143,25732,24679,18139,28074,19169,18808,26957,50559,69018
350150000,0,29127000,0,506530,0,59275000,23780000,54291000,56863000,41654000,39455000,23722000,12928000,8554100,0,394210,0,4780.4,0,180070,147000,182180,130160,161960,130440,25587,20174,20322
19631000,3469.5,0,1081400,3117200,1505500,1512500,1518600,436140,1885000,1057700,858820,1998800,1928700,2727500,0,0,0,0,0,0,0,0,0,0,0,0,5947.7,12425
158740000,0,6476300,1568500,12594000,12026000,22229000,11034000,15000000,13204000,18798000,14765000,16563000,7913200,6571600,0,71834,34047,102410,132120,52504,63874,70068,31524,27895,45372,32252,20029,28709
987180000,69113,23780000,6044000,24769000,16578000,48086000,20290000,38287000,61444000,52417000,30141000,327690000,194920000,142660000,0,58624,0,122810,107910,105520,140590,39721,48062,53263,48966,957330,901860,836590
61036000,0,765550,242160,1187900,0,4566900,1208700,1294900,5968000,4403400,3188100,14296000,11635000,12280000,0,0,0,0,0,0,0,0,25359,23984,28752,25611,22187,38004
428190000,0,570330,11896000,34946000,19403000,70181000,35060000,40323000,54171000,33658000,29286000,40980000,32894000,24826000,0,48981,133720,126960,145550,156860,196810,128510,140930,150160,184890,67531,90021,121870
0,0,0,0,0,0,0,0,0,0,0,0,0,0,0,0,0,0,0,0,0,0,0,0,0,0,0,0,0
696500000,9462.2,15056000,8250100,25398000,16032000,133080000,43164000,65932000,79797000,42126000,31933000,118560000,64581000,52592000,0,18897,192330,116570,141470,330820,299930,311780,169450,134230,138130,229930,218250,197760
8009900000,3618600,77895000,20335000,82855000,116700000,240680000,118270000,153080000,426370000,311400000,227290000,3149400000,1640700000,1441400000,1854300,787870,477340,544030,1214000,743770,680600,710090,1211700,1053000,1084400,6100600,6106600,5696800
38657000,0,0,0,0,0,0,0,0,0,0,0,17718000,10690000,10250000,0,0,0,0,0,0,0,0,0,0,0,32307,36678,46697
934820000,0,8267200,5483000,63919000,35954000,110670000,48712000,60232000,62809000,39431000,27202000,249080000,138390000,84664000,0,59201,164320,386670,337690,283710,309420,306440,135050,130350,109970,440010,362510,216220
25425000,0,0,813790,0,810060,3490600,1144000,1430700,6562100,4872000,3444400,0,2002000,855160,0,0,0,0,0,0,0,0,11788,16894,17960,0,6908.8,0
570630000,5951.3,17780000,5262600,13669000,5802300,103800000,38325000,54985000,66299000,35634000,28534000,93040000,57403000,50097000,0,51917,156700,121360,68280,252630,212030,201780,130680,117820,118860,205790,172110,160100
10781000,0,0,224760,943330,0,1203800,233780,296610,1364100,960130,712590,0,2532300,2309500,0,0,0,0,0,0,0,0,0,0,0,0,0,10272
12911000,0,1750800,0,0,107310,1398000,652880,884680,3591100,2442400,2083600,0,0,0,0,0,0,0,0,0,0,0,0,0,9846.6,0,0,0
1580600,0,1500300,0,0,0,0,0,0,0,0,80364,0,0,0,0,0,0,0,0,0,0,0,0,0,379.77,0,0,0
117470000,0,477750,1275900,5656800,3757400,11630000,4366000,6895400,36367000,27325000,18110000,1173400,275310,156490,0,18315,0,0,0,17232,17833,16491,84371,90584,97859,4112.1,0,0
63872000,0,157070,269410,1168000,524370,7112900,2046000,3362200,7013100,2981500,1076600,19313000,11182000,7665800,0,0,0,0,0,21092,32793,0,24507,25620,14465,17981,17505,12622
11648000,0,768320,0,0,195910,4517600,1258600,2403400,1376100,0,1128100,0,0,0,0,0,0,0,0,10613,0,10039,0,0,0,0,0,0
2960300,0,2738000,0,0,0,0,0,222310,0,0,0,0,0,0,0,48145,0,0,0,0,0,0,0,0,0,0,0,0
7301300,0,0,0,0,0,571420,0,317990,720690,713150,660430,2444500,1284100,589000,0,0,0,0,0,0,0,0,0,0,0,0,0,2619.8
317220000,0,0,2093300,6621600,4451200,17307000,5410600,10899000,33745000,23703000,16224000,92416000,60779000,43567000,0,0,45056,42904,0,31134,48098,29841,48338,48154,50267,211800,233340,195590
196570000,0,1237500,274060,578360,823180,2925700,817110,762860,5426300,2592800,2082600,88586000,52845000,37618000,0,11860,0,0,5322.3,7893.9,5909.7,0,16304,11858,9546.6,212390,154570,149740
49235000,0,0,0,0,0,2306900,1754300,3247500,9487400,7162800,2345000,11278000,7381200,4271800,0,0,0,0,0,9612.5,9932.9,12622,18584,18002,14314,28669,20311,17678
159340000,0,737680,0,5174200,4205600,4045400,2914700,3067200,8623000,6134700,3296100,50531000,41983000,28626000,0,0,0,71634,43007,13461,14376,14537,39873,37665,31415,62394,47326,67252
894230000,0,1227800,1017300,8958300,6960600,16334000,6593600,9081000,37933000,18733000,12310000,334890000,191380000,248810000,0,16619,59182,109620,125440,61777,143620,51138,69310,64283,46283,610830,499020,931480
63842000,0,597620,301660,2326300,2963700,8433500,3591500,2621500,6848200,5496100,3708800,9600200,7182600,10170000,0,0,0,0,13402,24711,18614,0,0,0,0,0,0,0
278560000,0,380890,0,0,0,3527400,274360,0,8493000,6198100,3814800,111120000,90272000,54483000,0,0,0,0,0,5291.8,0,0,13661,14230,12358,199040,255060,226500
2213500,0,0,0,480710,480540,0,0,348540,903740,0,0,0,0,0,0,0,0,0,0,0,0,0,2047.1,0,0,0,0,0
1317900000,2461.8,15766000,6383600,16590000,12325000,120690000,46375000,50558000,228480000,148460000,104970000,259480000,159370000,148460000,0,344240,240730,128170,158520,232560,223960,221730,441420,474680,488680,465750,421430,547450
33863000,0,134870,2254700,2789400,1916900,9583300,3561400,783340,1973400,2576200,0,4374200,1950600,1964800,0,0,24909,0,0,24370,19141,0,0,13880,0,0,0,0
4785300,0,0,0,0,0,0,0,1153500,1764400,1082300,0,0,437270,347820,0,0,0,0,0,0,0,0,0,0,0,0,0,1547.1
152260000,3377.8,0,5139800,12356000,10010000,45109000,16260000,24582000,11409000,11562000,7541700,6694800,919640,673310,0,0,82270,60645,68790,117140,85178,91387,26661,35114,35080,17042,0,0
0,0,0,0,0,0,0,0,0,0,0,0,0,0,0,0,0,0,0,0,0,0,0,0,0,0,0,0,0
1232300000,0,4992700,89869000,183510000,108930000,264600000,102170000,132250000,113750000,83733000,45324000,46378000,30924000,25878000,0,53305,1282200,975980,820010,641920,509650,590790,241610,250700,258170,85632,58440,54660
70604000,0,0,2350000,11820000,3921400,15170000,7217300,6586900,5500500,2881100,1532500,9369700,1090500,3163800,0,0,29882,56832,34974,37972,27697,30300,9468.1,16492,11806,15301,0,14976
814390000,14068,721710,463640,5838400,2637600,66131000,27838000,31920000,250050000,168200000,106150000,82955000,42858000,28616000,0,16585,8147.4,29450,18692,173100,152650,170190,505460,561930,413880,180890,165100,85845
59466000,104810,119670,2608100,3283300,1163800,9755100,3454200,3390600,6032900,3250500,2070100,8668700,7232100,8332500,0,0,0,0,0,23136,18833,15004,13933,10668,9867.3,18345,22988,33861
35330000,0,690460,0,0,0,1389800,463800,808770,5529900,3395500,2351600,13387000,4064500,3248200,0,12141,0,0,0,0,0,0,0,0,0,0,0,0
28175000,0,403370,0,3726900,2125900,4625400,1627700,1734800,4763500,2283800,1752900,2486600,1265800,1378700,0,0,0,0,0,0,0,0,0,0,0,0,0,6132.3
14431000,0,0,0,0,0,3105000,1070500,2166200,4450700,1441400,2197300,0,0,0,0,0,0,0,0,0,0,0,10061,0,10405,0,0,0
8086200,0,0,0,0,0,3559600,2076200,0,1327200,1123100,0,0,0,0,0,0,0,0,0,0,0,0,0,3672.5,0,0,0,0
263380000,0,45477000,6000500,22441000,14437000,52726000,24286000,27997000,37653000,19602000,12343000,0,259300,159060,0,544190,99106,133780,147350,118930,122840,99269,111640,146280,160700,0,0,0
10573000,0,466320,619750,0,0,0,1480500,1622700,3631700,1620100,1131900,0,0,0,0,8199.7,0,0,0,0,0,0,0,0,0,0,0,0
34259000,0,8735900,763270,2140500,789540,6418700,2612000,1179200,5182600,3776900,2327400,332650,0,0,0,170370,0,0,0,11133,9226.9,0,9097.3,8592.6,8495.2,0,0,0
119110000,0,0,0,0,0,3605000,1322300,1972900,17995000,13370000,9330700,35176000,23445000,12896000,0,0,0,0,0,11799,0,18812,50288,53278,45469,46499,69438,53416
2233000,0,1267000,0,0,0,965980,0,0,0,0,0,0,0,0,0,22279,0,0,0,0,0,0,0,0,0,0,0,0
31745000,0,631000,1331800,4826400,4959300,3021000,3095300,4917200,3795100,1896300,1379500,1332700,0,558950,0,0,18943,20346,21641,0,17128,29971,10353,10667,10809,0,0,0
101010000,19744,0,0,0,128950,0,0,0,0,273660,341060,47753000,27026000,25471000,49021,0,0,0,0,0,0,0,0,0,0,97858,68494,100800
10349000,0,0,0,0,0,0,0,0,0,0,0,3955400,3376300,3017600,0,0,0,0,0,0,0,0,0,0,0,0,0,13422
55463000,0,1127800,0,4639100,0,9888100,5406400,5307600,7808700,4120400,2940000,8067000,3883000,2275000,0,21712,0,17678,0,29505,23468,18227,18797,16195,15652,0,0,0
0,0,0,0,0,0,0,0,0,0,0,0,0,0,0,0,0,0,0,0,0,0,0,0,0,0,0,0,0
7128500,0,0,0,0,0,3124500,0,1232300,1227600,625450,0,694650,0,223970,0,0,0,0,0,0,0,0,0,0,0,0,0,996.22
456840000,2853.5,637260,4886800,8301100,5540900,60615000,19982000,23394000,63387000,36352000,22412000,105630000,59636000,46057000,0,17947,114780,124290,62196,125640,91267,96236,123040,111160,82634,184160,116790,103030
4886000,0,0,0,0,0,0,0,0,0,0,0,2636600,1268200,981160,0,0,0,0,0,0,0,0,0,0,0,0,0,4364.2
24353000,0,886890,0,0,0,1936300,839430,1084400,2784500,1320900,837120,7919500,4077900,2666300,0,0,0,0,0,0,0,0,0,0,0,0,0,11860
5885400,0,0,0,0,0,0,0,285880,1632600,516310,657050,1176200,678280,939090,0,0,0,0,0,0,0,0,0,0,0,0,0,4177
91394000,155490,0,334040,853490,820070,9849200,2457800,2954000,6650800,4249500,1903700,37039000,18745000,5381000,100980,0,0,0,0,17305,31683,0,30490,23286,30930,39843,41613,69723
384480000,0,2660700,6402600,26860000,14185000,68542000,31066000,45581000,83465000,63479000,41622000,0,478810,133790,0,0,103580,187850,133000,118750,153690,154730,154140,233250,142050,0,0,0
149890000,0,790170,4031600,5191900,1613600,31254000,6524100,7646600,23219000,12077000,6047900,29826000,11772000,9893900,0,26893,97040,21136,0,55272,39827,41980,46241,38988,27314,38112,34797,32627
12778000,0,0,0,0,0,0,214290,0,2149800,1272300,696530,5152400,1821300,1471300,0,0,0,0,0,0,0,0,0,0,0,0,0,6544.1
2575900,0,169630,0,0,273140,505890,296400,294570,0,518640,320960,196690,0,0,0,0,0,0,0,0,0,0,0,0,0,394.13,0,0
6897700,0,0,0,0,0,0,0,0,0,0,0,2652400,2241100,2004200,0,0,0,0,0,0,0,0,0,0,0,0,0,8914.7
5781000,0,4802100,0,0,0,0,0,0,0,0,0,0,978950,0,0,0,0,0,0,0,0,0,0,0,0,0,3167.7,0
111850000,0,4391000,4289800,12629000,7954700,29796000,14647000,15633000,12820000,2361600,5169500,0,1170000,993150,0,139300,28948,49429,42504,46919,63003,42032,21353,32834,19020,0,0,0
234380000,25796,9779900,0,686820,995010,4598200,1958200,2929900,30366000,21928000,12881000,61482000,49863000,36889000,0,0,0,9581,0,14183,14677,18751,57340,30809,62654,132430,175940,170230
31729000,0,0,0,0,0,0,0,0,1191100,0,365070,8932800,10076000,11165000,0,0,0,0,0,0,0,0,0,0,0,28984,28961,42216
6690600,0,0,0,0,0,0,0,0,0,0,0,2616700,2361100,1712900,0,0,0,0,0,0,0,0,0,0,0,0,0,7618.7
9004600,0,2353100,0,0,0,0,0,0,987720,0,0,3350300,1226200,1087200,0,41376,0,0,0,0,0,0,0,0,0,0,0,0
3045300000,0,30459000,71230000,222130000,110480000,457380000,200280000,257660000,674170000,523990000,338570000,74115000,52506000,32346000,0,252140,965860,989570,730340,1076400,1028800,1030500,1442500,1680200,1662600,200640,174730,225270
16898000,0,11741000,0,0,0,1250700,0,0,956340,673220,2276200,0,0,0,0,207410,0,0,0,0,0,0,0,0,9807.2,0,0,0
15782000,0,169180,544940,1024300,340860,5529200,1698300,1452000,2812300,1175400,1035500,0,0,0,0,0,0,0,0,0,0,0,0,0,4893.4,0,0,0
76518000,0,1595900,982440,3649000,1529700,12554000,3442200,5772100,3161400,3877300,2061500,24087000,7994700,5811100,0,0,0,21557,0,40045,22513,32693,17918,18757,14381,15891,15715,19492
468190000,0,1427700,1586600,3258100,3458900,24509000,7381000,10441000,36829000,25653000,17348000,165500000,91497000,79302000,0,29783,38890,44998,34795,66433,56315,59072,82509,93598,84969,282470,288800,274610
11200000,0,0,0,0,0,0,0,0,567560,206720,218520,5730100,2835300,1641800,0,0,0,0,0,0,0,0,0,0,0,0,0,7302.5
41719000,0,0,1558300,3840100,732340,10408000,2174300,4004100,10456000,4576600,3968500,0,0,0,0,0,0,0,0,12664,14147,14096,23070,14831,14343,0,0,0
8474700,0,0,0,0,0,0,1259100,1743900,2458500,1524000,1489200,0,0,0,0,0,0,0,0,0,0,0,0,0,7037.4,0,0,0
37829000,0,3470700,336130,1718900,1134800,6533800,2016800,2434200,6510500,5364700,3650900,2987500,0,1670300,0,0,0,0,12531,14633,0,14882,12464,14795,14291,0,0,0
226750000,0,970210,6028300,9956400,6340200,27451000,9687100,11909000,68687000,49687000,22102000,5755000,3501600,4675700,0,23469,113300,36336,39353,49414,39169,34188,119630,117080,172430,0,0,0
13463000,0,3710000,257630,0,823990,2552100,1273800,1220800,0,2153600,1471600,0,0,0,0,65236,0,0,0,0,0,0,0,0,0,0,0,0
4787600000,3593,41007000,120500000,313760000,188570000,730070000,399770000,453770000,598570000,399400000,280110000,603250000,392820000,266020000,0,545490,2116200,2194300,2108200,1389400,1452200,1307500,1219200,1319400,1276800,1238700,1415000,1252600
25030000,0,0,0,0,410470,8390100,2648900,3640100,4411700,0,0,1973300,2429800,1125500,0,0,0,0,0,23293,0,11558,10028,0,0,0,7808.6,0
105980000,0,0,7226000,13081000,5894700,17181000,4623100,7656900,3834500,2390300,1827200,23248000,14400000,4622000,0,0,0,0,0,0,0,0,0,0,0,43067,37945,29656
21344000,0,0,182160,0,0,9899800,3040800,2583700,3241700,1281400,1114500,0,0,0,0,0,0,0,0,0,0,0,0,0,5266.5,0,0,0
127090000,0,12838000,0,831430,0,9285700,4815600,973800,14609000,8269900,5603200,30811000,19939000,19119000,0,70930,0,0,0,58139,34400,0,69824,50281,33324,71604,95002,79050
3043200,0,0,0,0,0,0,0,0,0,0,0,897490,881750,1263900,0,0,0,0,0,0,0,0,0,0,0,0,0,5621.9
57126000,0,69763,1389200,9219900,6025900,7915500,3788700,5296900,11591000,5373200,2568000,1772900,1043200,1071000,0,0,0,0,0,15985,0,19782,29806,19086,0,0,0,0
21662000,0,3102100,154100,750300,1088300,3412100,2646900,1845100,4380200,2105100,1309800,136410,512140,219250,0,54657,0,0,0,0,0,0,0,0,0,0,1546.5,0
65383000,0,418140,0,2959600,1882000,11967000,3993900,4450800,10941000,8114200,4907400,7754000,4672600,3322800,0,0,0,11701,0,27973,23475,21733,26142,24268,25490,8325.7,8923.3,14882
296740000,0,26939000,0,0,165650,6293900,1061900,1849000,18647000,12067000,8672000,107330000,63705000,50010000,0,532400,0,0,0,67882,0,0,81479,95683,63867,97616,164960,104050
331970000,0,14568000,3491100,20780000,11443000,33452000,16791000,18160000,31675000,28822000,18135000,68354000,41032000,25272000,0,112260,72311,146090,124920,109740,127590,112500,106110,139120,126970,70657,68374,56711
33571000,0,1237600,0,3062600,2056800,0,3938600,2429900,9247600,6293300,4198200,698530,229690,177950,0,0,0,0,0,0,0,0,20296,21230,0,0,0,0
2421900000,0,3184100,55709000,173050000,102920000,306030000,137200000,149830000,334620000,215120000,138980000,357520000,241600000,206100000,0,62361,812320,930750,684150,779810,772690,647400,902360,856460,734060,611090,621830,513670
53726000,0,132680,0,0,0,2933100,1186000,676350,3627100,1974800,816310,20909000,12220000,9250800,0,0,0,0,0,0,0,0,15248,0,0,30490,45078,30046
553610000,0,7296000,14139000,26552000,19720000,61322000,24449000,29907000,26070000,21036000,12884000,138370000,97757000,74101000,0,211530,163430,132660,142260,195730,127810,167190,46503,54651,44835,273040,310230,257350
721580000,0,3060500,18830000,61942000,37685000,95937000,31955000,42012000,48726000,17810000,15947000,155320000,109960000,82388000,0,43199,253980,264850,199530,145440,104020,124280,87682,60166,60421,436570,436180,496540
318530000,189120,338550,9172300,20039000,13539000,24475000,12068000,15566000,16683000,13418000,8730300,79586000,56035000,48685000,0,10397,182190,131360,129400,54921,50929,55625,43217,48328,55981,144570,150190,153090
57425000,0,820180,522530,949240,1016300,10220000,4966600,7326000,15742000,10100000,5525200,0,0,236430,0,0,14438,18977,23242,23291,18656,22081,26595,29354,18821,0,0,0
10884000,0,0,190290,2342600,1616900,0,227610,63119,1588500,1235300,1236800,1546400,836350,0,0,0,0,0,0,0,0,0,3380.4,0,0,3316.6,0,0
1348300,0,1348300,0,0,0,0,0,0,0,0,0,0,0,0,0,23708,0,0,0,0,0,0,0,0,0,0,0,0
2889000,0,0,0,424670,0,2464300,0,0,0,0,0,0,0,0,0,0,0,0,0,5655,0,0,0,0,0,0,0,0
50926000,0,14749000,951540,2711500,3268600,7666500,3457800,4378200,6168600,3879800,2906000,235600,553350,0,0,241010,22323,7507.8,11414,11973,19895,21508,25207,22435,22615,0,2304.3,0
61642000,0,108360,2935700,8491000,5379600,9126900,5445400,5207400,9615400,11291000,3380000,0,478410,182290,0,0,0,0,0,0,25116,0,23214,38478,0,0,0,0
12442000,0,193630,1016400,1515900,616400,2349300,0,1171700,2181900,1291500,853430,0,1251700,0,0,0,0,0,0,5391.2,0,0,0,0,0,0,0,0
69443000,0,687150,1083900,4585900,2218600,3707700,1657100,2680800,1341900,4104700,3048100,17681000,15025000,11622000,0,0,0,32918,31488,0,0,0,0,10398,0,30231,31922,51873
4146900,0,1315600,0,0,0,1101900,0,533440,815270,0,380780,0,0,0,0,0,0,0,0,0,0,0,0,0,1799.4,0,0,0
72894000,0,118880,150330,1290900,549560,16029000,5202100,6334500,17982000,6746900,6224900,5301400,3437500,3526000,0,0,0,17576,0,38743,28426,25845,30966,24365,23443,0,0,0
840770000,1149500,15847000,1590400,11669000,7485600,41583000,12930000,16785000,137360000,75403000,56531000,218700000,129010000,114730000,689610,210280,78159,78619,80126,164250,120880,134560,370450,317180,305590,398500,378900,517170
109340000,0,939830,1112700,1935500,0,14532000,4762200,6253300,10278000,5968400,3257900,31889000,16930000,11481000,0,0,0,0,0,0,0,0,0,0,0,0,0,51066
57885000,0,162480,0,0,308710,0,0,0,1127100,0,0,27446000,15270000,13571000,0,0,0,0,0,0,0,0,0,0,0,51051,49767,63952
2879100,0,0,0,0,0,0,0,0,0,0,0,995640,966800,916650,0,0,0,0,0,0,0,0,0,0,0,0,0,4077.3
7829600,0,0,0,0,0,0,0,0,267130,0,0,3351000,1932600,2278900,0,0,0,0,0,0,0,0,0,0,0,0,0,10137
113270000,0,21534000,0,807930,479420,12773000,5934900,1050500,20401000,11231000,6707900,16050000,8832500,7464300,0,407680,0,0,0,22668,37110,5867.2,33850,25623,24935,0,0,0
5327000,0,160470,0,0,0,0,0,0,2659400,1434500,1072600,0,0,0,0,0,0,0,0,0,0,0,0,0,5068.9,0,0,0
47255000,0,1101800,1028700,1825000,0,6672300,2640100,3324100,11246000,6469700,4726000,5123800,2039200,1058200,0,0,0,0,0,17217,15151,15250,23531,19557,21421,0,0,0
72269000,0,666300,0,263320,0,0,160860,0,6331700,4323600,3097800,36744000,13173000,7507700,0,0,0,0,0,0,0,0,13251,15135,0,69020,44424,36297
8107300,0,0,0,0,0,0,0,0,0,0,0,0,3481600,4625700,0,0,0,0,0,0,0,0,0,0,0,0,0,20575
12436000,0,0,0,0,0,1479000,371910,910260,1781300,603440,0,1378900,2532500,3378700,0,0,0,0,0,0,0,0,0,0,0,0,0,15028
23932000,0,0,0,0,0,3935100,3395800,2616100,6467400,5206700,0,2017400,0,293920,0,0,0,0,0,0,0,0,0,0,0,0,0,1307.3
2780700,0,2490100,0,0,0,0,0,0,0,0,290600,0,0,0,0,43785,0,0,0,0,0,0,0,0,0,0,0,0
12843000,0,0,0,0,0,3613400,1358700,1787900,2544600,2056800,1482100,0,0,0,0,0,0,0,0,0,0,0,0,0,7004,0,0,0
10472000,0,0,0,0,0,6851300,1619400,2001800,0,0,0,0,0,0,0,0,0,0,0,0,0,8566.7,0,0,0,0,0,0
10498000,0,104940,0,0,0,2909700,1696100,1830900,1420400,842830,1463900,229430,0,0,0,0,0,0,0,6716.4,7287.3,5971.8,0,0,10209,0,0,0
103830000,0,0,407680,1931800,1452900,13430000,5070600,5938700,10509000,8343300,5647300,19812000,18270000,13016000,0,0,0,0,0,43385,40682,0,50229,35733,28880,23783,46801,21983
23673000,0,0,0,0,0,4566000,2696100,2711400,7312600,6386500,0,0,0,0,0,0,0,0,0,0,12800,11098,18075,20995,0,0,0,0
230030000,0,26667000,3987700,12951000,5731800,28177000,13412000,14500000,41752000,30108000,15371000,16369000,11108000,9900300,0,89713,74121,65297,85733,125890,97979,105660,132380,87891,82317,89223,90534,83761
0,0,0,0,0,0,0,0,0,0,0,0,0,0,0,0,0,0,0,0,0,0,0,0,0,0,0,0,0
358170000,0,8374300,3504600,18524000,16604000,30776000,11768000,17081000,70620000,41561000,31633000,50739000,34218000,22769000,0,253400,0,0,75303,26508,21047,30100,150670,194550,144380,98911,104620,94385
424580,0,0,0,0,0,0,395370,29209,0,0,0,0,0,0,0,0,0,0,0,0,0,125,0,0,0,0,0,0
601350000,0,4352300,2043700,8039300,6708900,25529000,12129000,14025000,45142000,35617000,25618000,183710000,134210000,104230000,0,48391,43183,53623,86518,82951,105740,79347,38393,38004,31247,413350,357040,510900
454180000,0,404660,1715600,5367100,3271200,20569000,7226700,10864000,13378000,8990800,6757700,204800000,105290000,65545000,0,0,102390,109810,106510,117400,91021,105740,70515,47965,50758,179400,179330,154960
109290000,0,2539800,45152,0,0,0,1870800,1759800,30086000,17604000,11230000,27828000,11606000,4716300,0,0,0,0,0,0,0,14668,57259,52924,45256,60382,43141,26983
1017400000,0,3938900,21734000,53721000,46573000,147770000,52861000,78678000,86411000,56412000,48925000,213850000,119700000,86851000,0,137310,179610,424720,322560,267840,361790,373070,164410,164330,181780,440180,339380,330900
1030700000,14328,2354300,5173600,17069000,9833600,41797000,22544000,17925000,101410000,66600000,42150000,315270000,219800000,168760000,0,54884,112450,118180,102100,144780,166420,130760,211780,220550,168650,475810,622730,608900
22892000,0,0,152720,1138100,0,3872500,1806100,2135200,2508200,1890600,1429900,3312100,2911100,1736000,0,0,0,0,0,0,0,0,0,0,0,0,0,7721.7
12990000,0,0,0,0,0,4014300,1713000,2437400,3152800,1672500,0,0,0,0,0,0,0,0,0,0,0,0,0,5469.1,0,0,0,0
19588000,0,0,0,0,0,0,611500,2321100,5423700,4425800,2797200,2024400,1275800,708770,0,0,0,0,0,0,0,0,12499,13986,13492,0,0,0
10408000,0,0,0,0,0,0,0,0,1086400,841830,0,4053500,2107800,2318100,0,0,0,0,0,0,0,0,0,0,0,7870.3,0,10563
51643000,0,0,0,0,0,0,0,0,0,0,0,28384000,15105000,8153500,0,0,0,0,0,0,0,0,0,0,0,56067,47326,32260
13574000,0,0,1022300,197290,0,0,0,0,5525500,3978400,2850200,0,0,0,0,0,0,0,0,0,0,0,11737,14296,12962,0,0,0
105940000,0,3639000,133390,0,300490,12676000,3500700,5399900,28007000,22810000,14178000,11832000,1707200,1758500,0,106600,0,0,0,22782,13776,24799,62174,51365,58917,11184,0,0
31095000,0,0,1875600,5056500,949070,8632900,2530000,5289200,2845600,1932300,1984000,0,0,0,0,0,0,0,0,0,0,0,0,0,9375.8,0,0,0
10579000,0,0,0,0,0,0,0,0,0,0,0,0,10579000,0,0,0,0,0,0,0,0,0,0,0,0,0,34233,0
77129000,0,0,0,0,0,0,0,388130,0,0,0,45878000,20178000,10685000,0,0,0,0,0,0,0,0,0,0,0,0,0,23764
9912200,0,0,372640,942700,0,1844400,3877800,742290,0,0,0,2132200,0,0,0,0,0,0,0,0,0,0,0,0,0,4272.5,0,0
138260000,0,0,6675300,130450,8740800,16816000,15925000,8995400,31265000,10114000,7713900,14624000,10209000,7054700,0,0,0,0,0,0,0,0,0,0,0,0,0,31379
11282000,54976,11227000,0,0,0,0,0,0,0,0,0,0,0,0,0,98703,0,0,0,0,0,0,0,0,0,0,0,0
